2399920850515,0.12526,-0.06073,0.01413,0.76500,0.08557,-0.62660,0.12177,-0.11600,0.14104,-0.03976,
2400020949515,0.11322,-0.05112,0.01408,0.76490,0.08863,-0.62746,0.11563,-0.10108,0.13043,-0.01245,
2400120898543,0.10612,-0.04632,0.01586,0.76711,0.08539,-0.62845,0.09648,-0.06047,0.07562,0.01533,
2400220847543,0.10144,-0.04402,0.01871,0.76942,0.08441,-0.62791,0.08119,-0.06299,0.03545,0.00773,
2400320796515,0.09803,-0.04666,0.01759,0.77081,0.08430,-0.62784,0.06751,-0.05787,-0.06058,-0.02084,
2400420895543,0.08961,-0.05787,0.01743,0.77079,0.09525,-0.62760,0.05414,-0.07033,-0.14323,-0.01922,
2400520844543,0.08370,-0.07601,0.01482,0.77024,0.08756,-0.62973,0.05001,-0.05870,-0.20813,-0.02852,
2400620793515,0.07879,-0.10333,0.01243,0.76902,0.07281,-0.63344,0.04541,-0.04906,-0.29508,-0.03512,
2400720892543,0.07361,-0.13659,0.00755,0.76854,0.05330,-0.63714,0.02355,-0.06490,-0.32678,-0.07795,
2400820841543,0.06897,-0.17093,0.00105,0.76675,0.03528,-0.64072,0.01787,-0.04980,-0.32895,-0.08618,
2400920790515,0.06766,-0.20310,-0.00312,0.76591,0.02029,-0.64259,0.00784,-0.01848,-0.28520,-0.03193,
2401020739486,0.07440,-0.22722,-0.00243,0.76559,0.01239,-0.64313,0.01054,0.05304,-0.17521,0.01987,
2401120838515,0.08879,-0.23677,0.00181,0.76704,0.00705,-0.64096,0.02762,0.13225,-0.02134,0.07474,
2401220787515,0.10646,-0.23307,0.00925,0.77008,0.00525,-0.63667,0.04000,0.14634,0.07796,0.07310,
2401320736543,0.11728,-0.21828,0.01320,0.77133,0.00873,-0.63529,0.03731,0.05810,0.22739,0.00842,
2401420835515,0.12048,-0.19139,0.01019,0.76890,0.01292,-0.63645,0.05961,-0.01222,0.29450,-0.03537,
2401520784543,0.11815,-0.16368,0.00611,0.76609,0.02601,-0.63765,0.07629,-0.03204,0.27099,-0.04270,
2401620733543,0.11499,-0.13423,0.00438,0.76115,0.04424,-0.63812,0.10721,-0.04078,0.29016,-0.00239,
2401720682515,0.11165,-0.10611,0.00612,0.75732,0.06331,-0.63653,0.13145,-0.02172,0.25436,0.03315,
2401820781510,0.11244,-0.08273,0.01248,0.75752,0.08420,-0.63445,0.12863,0.02526,0.20771,0.07582,
2401920730543,0.11870,-0.06400,0.02299,0.76455,0.10782,-0.62774,0.09890,0.10481,0.14098,0.12852,
2402020679510,0.13472,-0.05171,0.03770,0.77219,0.12299,-0.61800,0.08174,0.17044,0.05277,0.13025,
2402120778543,0.15205,-0.05098,0.04652,0.77573,0.13328,-0.61040,0.08884,0.15792,-0.06597,0.08398,
2402220727543,0.16965,-0.06563,0.04970,0.77529,0.13454,-0.60804,0.10543,0.10692,-0.20687,0.02890,
2402320676514,0.18070,-0.09315,0.04710,0.77395,0.12884,-0.60933,0.11455,0.03566,-0.33679,-0.02960,
2402420625543,0.18068,-0.13029,0.03983,0.77449,0.12392,-0.61278,0.09649,-0.08339,-0.40304,-0.12959,
2402520724510,0.16570,-0.16997,0.02348,0.77125,0.11568,-0.62099,0.07850,-0.19897,-0.38382,-0.19226,
2402620673548,0.14408,-0.20803,0.00380,0.76792,0.10669,-0.62850,0.06258,-0.23936,-0.36070,-0.17806,
2402720622510,0.11980,-0.24395,-0.01423,0.76565,0.09822,-0.63499,0.03029,-0.25702,-0.33747,-0.18794,
2402820721543,0.09437,-0.27412,-0.03093,0.76118,0.08701,-0.64247,0.01662,-0.26191,-0.22876,-0.14841,
2402920670543,0.06719,-0.29725,-0.04792,0.75327,0.06604,-0.65281,0.04543,-0.25987,-0.22453,-0.16902,
2403020619481,0.03711,-0.32370,-0.06826,0.74841,0.06013,-0.65975,0.03162,-0.30426,-0.24479,-0.19703,
2403120568510,0.00518,-0.34612,-0.08475,0.74445,0.05571,-0.66493,0.02363,-0.27582,-0.17186,-0.11853,
2403220667514,-0.02099,-0.35995,-0.08670,0.73988,0.04130,-0.66778,0.07031,-0.20144,-0.09467,0.05209,
2403320616548,-0.03377,-0.37122,-0.07313,0.74121,0.03537,-0.66377,0.09361,-0.07781,-0.12474,0.19217,
2403420565514,-0.03937,-0.37981,-0.04882,0.74777,0.03443,-0.65617,0.09538,-0.03331,-0.06344,0.23553,
2403520664481,-0.04048,-0.38300,-0.02565,0.75328,0.03004,-0.64766,0.11050,0.00643,-0.05504,0.21479,
2403620613514,-0.03711,-0.39072,-0.00330,0.76128,0.03222,-0.63897,0.10546,0.06454,-0.11802,0.25380,
2403720562543,-0.03123,-0.40056,0.02162,0.77425,0.04188,-0.62978,0.04652,0.04930,-0.16247,0.22194,
2403820511543,-0.03121,-0.41724,0.04285,0.78419,0.05540,-0.61770,-0.02075,-0.02433,-0.17975,0.19085,
2403920610543,-0.03594,-0.43751,0.05371,0.78800,0.06611,-0.60941,-0.05750,-0.08209,-0.24232,0.04273,
2404020559543,-0.04954,-0.46470,0.04839,0.78620,0.08172,-0.60418,-0.10083,-0.21363,-0.26361,-0.07226,
2404120508528,-0.07365,-0.49035,0.03223,0.77771,0.09884,-0.59819,-0.16604,-0.30457,-0.21415,-0.19027,
2404220607486,-0.10779,-0.50919,0.01337,0.76599,0.10752,-0.59855,-0.20842,-0.33449,-0.08220,-0.17860,
2404320556543,-0.13530,-0.51828,-0.00802,0.75726,0.11119,-0.60791,-0.21128,-0.32230,-0.00299,-0.16995,
2404420505543,-0.17845,-0.50621,-0.02559,0.74261,0.07703,-0.62836,-0.21853,-0.32125,0.09111,-0.15120,
2404520454543,-0.21183,-0.48921,-0.04136,0.73399,0.04285,-0.64625,-0.20443,-0.24703,0.11693,-0.06787,
2404620553547,-0.23645,-0.48049,-0.05264,0.73108,0.01582,-0.65904,-0.17589,-0.16188,0.08272,-0.00845,
2404720502514,-0.24903,-0.47475,-0.05391,0.73955,-0.01167,-0.66924,-0.07105,-0.03007,0.06101,0.02508,
2404820451514,-0.24249,-0.47557,-0.05078,0.73942,-0.03423,-0.66869,0.07022,0.10270,0.02602,0.04595,
2404920550543,-0.22515,-0.47734,-0.04276,0.73181,-0.04870,-0.65894,0.16698,0.21675,0.01303,0.08665,
2405020499543,-0.19583,-0.47368,-0.02942,0.73290,-0.05063,-0.65214,0.18711,0.30176,0.08376,0.09874,
2405120448514,-0.16073,-0.45798,-0.01937,0.73415,-0.05551,-0.64568,0.20259,0.32096,0.17992,0.07936,
2405220397543,-0.12409,-0.43677,-0.00865,0.74276,-0.04916,-0.64807,0.16092,0.31969,0.18267,0.05318,
2405320496519,-0.08700,-0.40967,-0.00119,0.75206,-0.03545,-0.65255,0.08558,0.30840,0.25228,0.04540,
2405420445509,-0.05243,-0.37977,0.00493,0.75631,-0.02331,-0.65273,0.03728,0.29856,0.26809,0.04765,
2405520394543,-0.02274,-0.35116,0.01218,0.75793,-0.00689,-0.65228,0.00476,0.30031,0.29206,0.02035,
2405653809847,0.01351,-0.31585,0.01109,0.75845,0.01322,-0.65159,0.00063,0.25727,0.29379,0.01054,
2405720442509,0.03529,-0.29937,0.00969,0.75950,0.02288,-0.65010,0.00253,0.27800,0.28292,0.02753,
2405820391514,0.06128,-0.27295,0.00758,0.75971,0.04667,-0.64839,0.01619,0.27257,0.21573,-0.00929,
2405920340481,0.09211,-0.25557,-0.00198,0.75582,0.06910,-0.64934,0.04827,0.25851,0.16502,-0.12329,
2406020439542,0.11365,-0.24391,-0.01508,0.74674,0.08187,-0.65255,0.09932,0.17160,0.10513,-0.12164,
2406120388542,0.12696,-0.24106,-0.02485,0.74375,0.08988,-0.65422,0.10369,0.10864,-0.02033,-0.10597,
2406220337542,0.13652,-0.25001,-0.03162,0.74427,0.09198,-0.65551,0.08891,0.08058,-0.14077,-0.07968,
2406353752881,0.14253,-0.27964,-0.03659,0.74904,0.08595,-0.65599,0.03509,0.03056,-0.22949,-0.01546,
2406420385509,0.14219,-0.29605,-0.03596,0.75070,0.07539,-0.65626,0.00934,0.01481,-0.21797,0.02499,
2406520334509,0.14006,-0.31456,-0.03048,0.75056,0.04926,-0.65894,-0.00445,-0.00172,-0.16130,0.06527,
2406620433485,0.13621,-0.32934,-0.02434,0.75046,0.02129,-0.66001,-0.02734,-0.03142,-0.10844,0.03500,
2406720382542,0.13088,-0.33556,-0.02119,0.75005,-0.01116,-0.66061,-0.02992,-0.04452,-0.00954,0.04492,
2406820331542,0.12104,-0.33297,-0.01389,0.75117,-0.04149,-0.65777,-0.03688,-0.09350,0.11543,0.08692,
2406920280542,0.11362,-0.31315,-0.00448,0.75181,-0.06857,-0.65300,-0.06060,-0.01929,0.28884,0.06405,
2407020379542,0.11154,-0.27909,-0.00150,0.75005,-0.09184,-0.64935,-0.08568,-0.05145,0.45022,-0.00712,
2407120328514,0.10717,-0.23281,-0.00411,0.75160,-0.12060,-0.64539,-0.06344,-0.04351,0.50532,-0.01198,
2407220277514,0.10308,-0.18961,-0.00894,0.75107,-0.13276,-0.64362,-0.06344,-0.06553,0.42671,-0.04276,
2407320376509,0.10196,-0.14977,-0.01450,0.75020,-0.14198,-0.64221,-0.06791,0.00941,0.39374,-0.01841,
2407420325514,0.10537,-0.11290,-0.01474,0.75092,-0.14513,-0.64139,-0.06064,0.03554,0.32553,0.02501,
2407520274542,0.11066,-0.08301,-0.01116,0.75005,-0.13990,-0.64164,-0.07845,0.06174,0.27357,0.05253,
2407620223542,0.11772,-0.06385,-0.00672,0.75009,-0.12642,-0.64258,-0.09209,0.04149,0.16038,0.05704,
2407720322542,0.11995,-0.05826,-0.00492,0.75296,-0.10774,-0.64549,-0.06910,-0.02741,-0.04147,0.00531,
2407820271514,0.11003,-0.07621,-0.00552,0.75339,-0.07429,-0.65129,-0.05201,-0.08032,-0.20527,-0.02655,
2407920220542,0.09951,-0.10563,-0.00610,0.75427,-0.03894,-0.65486,-0.02667,-0.05819,-0.30653,-0.02552,
2408020319514,0.09449,-0.13895,-0.00668,0.75453,-0.00329,-0.65626,0.00033,-0.01319,-0.35343,-0.01095,
2408120268542,0.09518,-0.17486,-0.00627,0.75053,0.01960,-0.65639,0.07396,0.01907,-0.37296,-0.00694,
2408220217509,0.10168,-0.21199,-0.00595,0.73894,0.03898,-0.65342,0.15968,0.06882,-0.40865,0.02781,
2408320166514,0.11603,-0.24953,-0.00487,0.72766,0.05966,-0.64888,0.21425,0.10845,-0.37345,0.02568,
2408420265509,0.13308,-0.28321,-0.00068,0.71725,0.07449,-0.64358,0.25653,0.14685,-0.33280,0.04005,
2408520214542,0.14682,-0.30502,0.00369,0.73179,0.09294,-0.64276,0.20666,0.07601,-0.15256,-0.00634,
2408620163514,0.14507,-0.30559,0.00124,0.74903,0.09802,-0.64392,0.12129,-0.08938,0.12455,-0.09557,
2408720262542,0.13314,-0.28513,-0.00463,0.75102,0.08275,-0.64902,0.08891,-0.12187,0.25179,-0.07904,
2408820211542,0.12231,-0.25840,-0.01058,0.75370,0.07088,-0.65226,0.03835,-0.09209,0.30722,-0.05557,
2408920160509,0.11219,-0.22285,-0.01367,0.75229,0.05405,-0.65627,0.02094,-0.09924,0.41989,-0.03149,
2409020107979,0.10354,-0.18182,-0.01609,0.75036,0.03420,-0.65965,0.02545,-0.07857,0.43695,0.00184,
2409120191179,0.09785,-0.13930,-0.01940,0.74935,0.01736,-0.66146,0.02523,-0.04722,0.43607,0.00079,
2409220124358,0.09497,-0.09836,-0.01854,0.74949,0.00626,-0.66138,0.02835,-0.00869,0.37383,0.02358,
2409320057571,0.09599,-0.06632,-0.01691,0.75077,0.00615,-0.66007,0.02482,0.01329,0.29174,0.04433,
2409420140779,0.09670,-0.04190,-0.01108,0.75225,0.01240,-0.65784,0.03484,-0.00249,0.21930,0.04240,
2409520073925,0.09897,-0.02546,-0.00614,0.75313,0.02499,-0.65527,0.05294,0.02057,0.08478,0.02709,
2409620007167,0.10275,-0.02193,-0.00526,0.75310,0.04677,-0.65310,0.06411,0.01160,0.02064,0.01419,
2409719940370,0.10236,-0.02344,-0.00354,0.75020,0.06672,-0.65081,0.09591,-0.01074,-0.03879,0.02740,
2409820023526,0.10209,-0.03074,-0.00095,0.74632,0.08695,-0.64670,0.13126,-0.02675,-0.06497,0.05751,
2409919956767,0.10041,-0.03718,0.00317,0.74487,0.10421,-0.64140,0.15137,-0.07557,0.00867,0.05727,
2410019891547,0.08845,-0.02568,0.00785,0.74463,0.10919,-0.63862,0.16053,-0.17086,0.20514,0.01697,
2410119990667,0.06967,0.00340,0.00605,0.74865,0.10761,-0.63924,0.13900,-0.18197,0.34442,-0.04812,
2410219939700,0.05114,0.04256,0.00321,0.74787,0.10072,-0.64229,0.13419,-0.16071,0.38497,-0.04623,
2410319888671,0.03651,0.07627,0.00131,0.74698,0.09855,-0.64396,0.13275,-0.09717,0.28978,-0.04056,
2410419837666,0.02604,0.10265,-0.00511,0.74345,0.10017,-0.64598,0.14125,-0.11065,0.24707,-0.06429,
2410519936700,0.01848,0.12075,-0.01386,0.73571,0.10176,-0.64842,0.16711,-0.06832,0.14567,-0.08064,
2410619885666,0.01449,0.12893,-0.01551,0.73318,0.10886,-0.64822,0.17440,-0.01827,0.07407,0.00931,
2410719834700,0.01147,0.13701,-0.01290,0.73514,0.11848,-0.64516,0.17120,0.00341,0.06295,0.03156,
2410819933643,0.01247,0.14191,-0.01050,0.73701,0.13421,-0.64085,0.16767,0.04878,0.06388,0.00770,
2410919882724,0.01659,0.14824,-0.01302,0.73433,0.14771,-0.63659,0.18354,0.01764,0.08578,-0.00676,
2411019831666,0.01838,0.15507,-0.01288,0.73182,0.14933,-0.63683,0.19127,0.00738,0.05559,0.00274,
2411119780700,0.01694,0.15544,-0.01797,0.72267,0.14409,-0.63902,0.22053,-0.01125,-0.04582,-0.04909,
2411219879700,0.01540,0.14547,-0.01835,0.71799,0.13909,-0.64029,0.23487,0.03675,-0.13586,0.01282,
2411319828700,0.02404,0.13005,-0.01477,0.72590,0.13401,-0.64207,0.20703,0.11244,-0.11109,0.00723,
2411419777666,0.03385,0.12654,-0.01356,0.73219,0.13760,-0.64098,0.18468,0.07970,-0.01724,-0.00682,
2411519876700,0.03907,0.12899,-0.01304,0.73736,0.14005,-0.64036,0.16319,-0.00550,0.03961,0.00630,
2411619825666,0.03356,0.13612,-0.01481,0.73559,0.13721,-0.64179,0.16787,-0.07893,0.09254,-0.04259,
2411719774700,0.02378,0.14242,-0.01926,0.73334,0.13934,-0.64050,0.18041,-0.10784,0.06450,-0.08813,
2411819723700,0.01485,0.15175,-0.02116,0.72436,0.14656,-0.64089,0.20754,0.01487,0.08563,0.07852,
2411919822666,0.02096,0.14991,-0.02382,0.73186,0.13803,-0.63854,0.19389,0.13588,-0.07794,-0.00432,
2412019771676,0.02683,0.14996,-0.02749,0.74058,0.14557,-0.63575,0.16179,-0.00378,0.02781,-0.07910,
2412119720700,0.02485,0.15328,-0.03250,0.72547,0.14100,-0.63975,0.21104,-0.01582,-0.01339,-0.07556,
2412219819700,0.02562,0.14793,-0.04563,0.71414,0.13465,-0.64212,0.24404,0.04882,-0.11294,-0.13828,
2412319768700,0.02801,0.13715,-0.05619,0.71163,0.13929,-0.64259,0.24750,0.02670,-0.12442,-0.05756,
2412419717671,0.02602,0.12994,-0.06159,0.70928,0.14295,-0.64556,0.24443,-0.02268,0.02681,0.02404,
2412519666699,0.02272,0.13482,-0.06108,0.71143,0.14280,-0.64577,0.23761,-0.04241,0.07024,0.00701,
2412619765728,0.01883,0.14108,-0.06126,0.70945,0.13922,-0.64712,0.24193,-0.04372,0.05675,0.00190,
2412719714704,0.01641,0.14491,-0.06212,0.69519,0.13109,-0.64925,0.27928,-0.02637,0.03084,-0.00495,
2412819663666,0.01610,0.14685,-0.06393,0.68194,0.12308,-0.64921,0.31359,0.00807,-0.01342,-0.00061,
2412919762699,0.01772,0.14443,-0.06422,0.68274,0.12397,-0.64959,0.31069,0.01488,-0.02180,-0.00267,
2413019711666,0.01973,0.14503,-0.06571,0.68306,0.12343,-0.64996,0.30942,0.00815,0.00118,-0.00675,
2413119660671,0.01940,0.14458,-0.06555,0.68226,0.12254,-0.64997,0.31151,0.00765,-0.00024,-0.00448,
2413219609699,0.01945,0.14512,-0.06552,0.68234,0.12197,-0.64993,0.31167,0.00530,0.00260,-0.00205,
2413319708699,0.01940,0.14522,-0.06543,0.68221,0.12185,-0.65003,0.31177,0.00643,0.00250,-0.00109,
2413419657699,0.01936,0.14531,-0.06549,0.68211,0.12188,-0.65006,0.31193,0.00568,0.00257,0.00007,
2413519606671,0.01935,0.14550,-0.06565,0.68206,0.12194,-0.65014,0.31184,0.00528,0.00462,-0.00090,
2413619705699,0.01937,0.14537,-0.06586,0.68188,0.12221,-0.65014,0.31212,0.00598,0.00296,-0.00090,
2413719654671,0.01927,0.14518,-0.06591,0.68190,0.12223,-0.65007,0.31222,0.00509,0.00414,0.00114,
2413819603666,0.01933,0.14505,-0.06600,0.68181,0.12220,-0.65015,0.31225,0.00509,0.00513,0.00119,
2413919552666,0.01931,0.14474,-0.06623,0.68170,0.12227,-0.65022,0.31233,0.00355,0.00382,0.00063,
2414019651699,0.01945,0.14488,-0.06624,0.68167,0.12219,-0.65028,0.31229,0.00451,0.00512,0.00152,
2414152917004,0.01980,0.14549,-0.06636,0.68155,0.12238,-0.65028,0.31249,0.00535,0.00514,0.00049,
2414219549699,0.01984,0.14566,-0.06632,0.68153,0.12237,-0.65030,0.31249,0.00508,0.00604,0.00195,
2414319648671,0.01993,0.14577,-0.06636,0.68143,0.12262,-0.65032,0.31257,0.00540,0.00553,0.00117,
2414419598237,0.01994,0.14576,-0.06634,0.68137,0.12271,-0.65033,0.31265,0.00455,0.00505,0.00225,
2414519546699,0.02008,0.14595,-0.06644,0.68129,0.12285,-0.65034,0.31275,0.00541,0.00701,0.00019,
2414619495699,0.02008,0.14598,-0.06663,0.68120,0.12289,-0.65040,0.31279,0.00404,0.00558,0.00182,
2414719594704,0.02014,0.14580,-0.06692,0.68109,0.12314,-0.65040,0.31295,0.00556,0.00432,-0.00007,
2414819544747,0.02012,0.14564,-0.06692,0.68107,0.12296,-0.65054,0.31276,0.00473,0.00549,0.00294,
2414919492699,0.02010,0.14554,-0.06707,0.68091,0.12333,-0.65055,0.31296,0.00415,0.00431,0.00056,
2415019591699,0.01971,0.14439,-0.06716,0.68077,0.12361,-0.65050,0.31323,0.00310,0.00180,0.00146,
2415119540699,0.01948,0.14373,-0.06707,0.68080,0.12353,-0.65054,0.31313,0.00357,0.00502,0.00246,
2415219489699,0.01976,0.14434,-0.06711,0.68086,0.12342,-0.65051,0.31311,0.00390,0.00551,0.00191,
2415319439432,0.01958,0.14396,-0.06736,0.68071,0.12379,-0.65048,0.31336,0.00174,0.00109,-0.00071,
2415419537699,0.01950,0.14374,-0.06721,0.68081,0.12348,-0.65050,0.31321,0.00230,0.00290,0.00261,
2415519486661,0.01945,0.14364,-0.06715,0.68080,0.12353,-0.65046,0.31330,0.00187,0.00209,0.00332,
2415619435666,0.01931,0.14329,-0.06721,0.68072,0.12358,-0.65047,0.31342,0.00254,0.00206,-0.00012,
2415719534670,0.01933,0.14320,-0.06724,0.68079,0.12340,-0.65051,0.31327,0.00207,0.00178,0.00286,
2415819483699,0.01943,0.14327,-0.06732,0.68080,0.12343,-0.65051,0.31324,0.00291,0.00292,0.00048,
2415919432666,0.01937,0.14334,-0.06721,0.68086,0.12330,-0.65054,0.31309,0.00136,0.00371,0.00324,
2416019531699,0.01932,0.14328,-0.06727,0.68079,0.12354,-0.65050,0.31322,0.00317,0.00242,0.00030,
2416119480699,0.01920,0.14310,-0.06747,0.68076,0.12351,-0.65059,0.31312,0.00076,0.00095,0.00155,
2416219429699,0.01930,0.14321,-0.06744,0.68080,0.12349,-0.65057,0.31308,0.00158,0.00227,0.00110,
2416319378666,0.01910,0.14337,-0.06734,0.68077,0.12352,-0.65056,0.31315,-0.00097,0.00193,0.00322,
2416419477670,0.01900,0.14373,-0.06613,0.68098,0.12342,-0.65038,0.31311,0.00379,0.00322,0.00599,
2416519426670,0.01896,0.14373,-0.06605,0.68095,0.12355,-0.65038,0.31313,0.00180,0.00153,0.00454,
2416619375699,0.01897,0.14385,-0.06610,0.68094,0.12354,-0.65035,0.31322,0.00331,0.00323,0.00142,
2416719474699,0.01924,0.14433,-0.06607,0.68099,0.12330,-0.65043,0.31305,0.00288,0.00346,0.00381,
2416819423670,0.01939,0.14465,-0.06613,0.68098,0.12352,-0.65037,0.31309,0.00126,0.00077,0.00267,
2416919372670,0.01938,0.14504,-0.06635,0.68085,0.12374,-0.65036,0.31330,0.00174,0.00257,-0.00088,
2417019321699,0.01947,0.14524,-0.06634,0.68088,0.12369,-0.65036,0.31327,0.00208,0.00312,0.00194,
2417119420670,0.01927,0.14463,-0.06643,0.68085,0.12382,-0.65036,0.31329,0.00046,0.00023,0.00231,
2417219369670,0.01931,0.14468,-0.06634,0.68095,0.12350,-0.65038,0.31315,0.00168,0.00254,0.00407,
2417319318680,0.01951,0.14498,-0.06641,0.68093,0.12355,-0.65038,0.31316,0.00151,0.00188,0.00299,
2417419417675,0.01950,0.14503,-0.06621,0.68102,0.12336,-0.65037,0.31306,0.00047,0.00091,0.00672,
2417519366670,0.01950,0.14506,-0.06634,0.68088,0.12357,-0.65038,0.31326,0.00160,0.00229,0.00184,
2417619315670,0.01948,0.14502,-0.06640,0.68093,0.12362,-0.65037,0.31318,0.00137,0.00210,0.00250,
2417719264670,0.01938,0.14491,-0.06629,0.68098,0.12343,-0.65039,0.31309,0.00120,0.00073,0.00564,
2417819363699,0.01939,0.14479,-0.06639,0.68133,0.12304,-0.64976,0.31380,0.00156,0.00102,0.00356,
2417919312670,0.01949,0.14459,-0.06647,0.68147,0.12382,-0.64958,0.31356,0.00197,0.00037,0.00292,
2418019261699,0.01940,0.14376,-0.06653,0.68223,0.12456,-0.64838,0.31409,0.01465,-0.03223,0.00660,
2418119360699,0.01933,0.14179,-0.06678,0.68368,0.12550,-0.64726,0.31287,0.00712,-0.01833,0.01249,
2418219309699,0.02031,0.14209,-0.06469,0.69922,0.13356,-0.64827,0.27018,0.00532,0.01430,0.03080,
2418319258699,0.02166,0.14487,-0.05374,0.70676,0.13855,-0.64589,0.25323,0.03557,0.05610,0.09789,
2418419207699,0.02455,0.15244,-0.04290,0.71071,0.13775,-0.64433,0.24649,0.00394,0.09130,0.11124,
2418519306699,0.02342,0.16207,-0.03425,0.71440,0.13514,-0.64469,0.23610,-0.08075,0.12534,0.09027,
2418619255665,0.01136,0.17583,-0.02835,0.71855,0.13371,-0.64451,0.22454,-0.16735,0.16652,0.09227,
2418719204699,-0.00793,0.19111,-0.02345,0.71778,0.12303,-0.64687,0.22631,-0.18422,0.13141,0.06490,
2418819303670,-0.03154,0.20587,-0.01641,0.72627,0.11982,-0.64673,0.19980,-0.25623,0.21932,0.07379,
2418919252699,-0.06081,0.23195,-0.00870,0.72313,0.11607,-0.64494,0.21832,-0.28440,0.28688,0.09460,
2419019201665,-0.09267,0.26099,-0.00308,0.72959,0.12488,-0.64073,0.20388,-0.31973,0.29902,0.05554,
2419119150637,-0.12618,0.29614,-0.00110,0.74251,0.14276,-0.63517,0.15764,-0.32193,0.38675,-0.01657,
2419219249698,-0.16128,0.34025,-0.00162,0.74133,0.15056,-0.63340,0.16298,-0.36768,0.46090,-0.01201,
2419319198698,-0.19822,0.38423,-0.00235,0.73973,0.15912,-0.63092,0.17155,-0.37135,0.44360,-0.03698,
2419419147703,-0.23397,0.42686,-0.00590,0.73580,0.16952,-0.62859,0.18636,-0.35893,0.45024,-0.08495,
2419519246698,-0.26764,0.46711,-0.01485,0.73010,0.18189,-0.62651,0.20337,-0.37832,0.43637,-0.12973,
2419619195698,-0.30971,0.51584,-0.02408,0.72491,0.19661,-0.62393,0.21577,-0.36355,0.47880,-0.13821,
2419719144698,-0.34394,0.56727,-0.03277,0.71839,0.21237,-0.62318,0.22464,-0.30343,0.54098,-0.12956,
2419819093698,-0.37075,0.62232,-0.03919,0.71676,0.22864,-0.61839,0.22710,-0.28033,0.56719,-0.12767,
2419919192670,-0.39258,0.67217,-0.04366,0.70515,0.24018,-0.61499,0.25860,-0.25485,0.51142,-0.10096,
2420019141665,-0.41705,0.71991,-0.04665,0.70406,0.25803,-0.60624,0.26493,-0.22947,0.48868,-0.11422,
2420119090698,-0.43718,0.75990,-0.05073,0.70463,0.27584,-0.59746,0.26543,-0.28431,0.45639,-0.15365,
2420219189670,-0.45767,0.80174,-0.05255,0.69781,0.28808,-0.59283,0.28040,-0.22759,0.41662,-0.11487,
2420319138698,-0.47911,0.84138,-0.05431,0.70116,0.30155,-0.58489,0.27450,-0.21699,0.41803,-0.09350,
2420419087636,-0.49781,0.88346,-0.05190,0.70984,0.31344,-0.57597,0.25718,-0.16384,0.41182,-0.08173,
2420519036698,-0.51070,0.92203,-0.05341,0.73183,0.32955,-0.55979,0.20606,-0.09619,0.39919,-0.12835,
2420619135665,-0.51274,0.96960,-0.04366,0.72830,0.33342,-0.55872,0.21504,-0.08339,0.46920,-0.00079,
2420719084698,-0.51373,1.00770,-0.03748,0.71988,0.33243,-0.56159,0.23637,0.05879,0.34679,0.00017,
2420819033698,-0.49990,1.04234,-0.03606,0.72266,0.33086,-0.56185,0.22939,0.06949,0.26630,0.05463,
2420919132670,-0.48883,1.06447,-0.02722,0.69754,0.31073,-0.57927,0.28518,0.06351,0.16435,0.06328,
2421019081698,-0.48070,1.07464,-0.02310,0.69072,0.28617,-0.59317,0.29861,0.09631,0.08961,0.04778,
2421119030636,-0.46983,1.09677,-0.02515,0.68848,0.24919,-0.61064,0.30171,0.09558,0.08110,-0.01925,
2421218979698,-0.45852,1.10901,-0.03067,0.69150,0.20612,-0.62826,0.29092,0.12931,0.05406,-0.06800,
2421319078665,-0.44311,1.11761,-0.03953,0.71385,0.16656,-0.64098,0.22765,0.15441,0.05273,-0.15051,
2421419027670,-0.42353,1.13122,-0.05227,0.72200,0.12207,-0.65306,0.19321,0.27653,0.07486,-0.15693,
2421518976665,-0.39015,1.13630,-0.07024,0.73016,0.09213,-0.66060,0.14830,0.40865,-0.02631,-0.19146,
2421619075665,-0.34349,1.13756,-0.08216,0.74058,0.08299,-0.66144,0.08454,0.44920,0.08955,-0.08744,
2421719025798,-0.29735,1.16212,-0.07982,0.74220,0.07490,-0.66093,0.08184,0.41585,0.30926,-0.03422,
2421818973698,-0.25974,1.21095,-0.07562,0.74272,0.07594,-0.65976,0.08562,0.28750,0.50205,-0.05956,
2421918922665,-0.23302,1.26916,-0.05322,0.74215,0.08526,-0.65869,0.08983,0.16933,0.62232,-0.02610,
2422019021698,-0.21432,1.33685,-0.04873,0.74273,0.10223,-0.65609,0.08627,0.16119,0.63766,-0.00797,
2422118970669,-0.18775,1.40542,-0.05105,0.74291,0.12464,-0.65197,0.08648,0.17428,0.67413,-0.05275,
2422218919636,-0.16578,1.47250,-0.05279,0.73840,0.14432,-0.64894,0.11319,0.21236,0.65153,-0.02434,
2422319018641,-0.13930,1.53484,-0.05407,0.73558,0.16755,-0.64406,0.12663,0.24655,0.61683,-0.05227,
2422418967698,-0.10811,1.59139,-0.06128,0.72739,0.18698,-0.64114,0.15774,0.34262,0.54027,-0.11448,
2422518916698,-0.06906,1.63843,-0.06954,0.72527,0.20481,-0.63613,0.16545,0.49520,0.39528,-0.08577,
2422618865669,-0.02464,1.66940,-0.07020,0.72527,0.21028,-0.63325,0.16960,0.48419,0.20089,-0.01459,
2422718964665,0.01960,1.68605,-0.06245,0.72816,0.20061,-0.63415,0.16552,0.47526,0.03419,-0.02295,
2422818913669,0.06632,1.68366,-0.06414,0.72420,0.18004,-0.64156,0.17752,0.52222,-0.11422,-0.07118,
2422918862674,0.11032,1.66184,-0.05802,0.72601,0.16327,-0.64585,0.17065,0.55039,-0.24033,0.00410,
2423018961665,0.15750,1.63634,-0.05453,0.73210,0.14863,-0.64839,0.14672,0.54465,-0.26524,-0.03009,
2423118910665,0.20580,1.60853,-0.05608,0.73089,0.13109,-0.65371,0.14586,0.53766,-0.24315,-0.05261,
2423218859669,0.25279,1.58333,-0.06108,0.73059,0.11620,-0.65840,0.13871,0.53051,-0.17400,-0.08483,
2423318808636,0.30289,1.56777,-0.06949,0.72921,0.10266,-0.66274,0.13601,0.52972,-0.09451,-0.11267,
2423418907636,0.35107,1.56554,-0.07131,0.72541,0.08876,-0.66525,0.15279,0.50079,0.05234,-0.02406,
2423518856669,0.41815,1.57894,-0.06542,0.72850,0.08749,-0.66351,0.14623,0.54139,0.18457,-0.00354,
2423618805636,0.47527,1.60241,-0.06232,0.72963,0.09938,-0.66167,0.14125,0.50850,0.28159,-0.00900,
2423718904664,0.51564,1.63621,-0.06078,0.72867,0.12055,-0.65816,0.14606,0.39998,0.36904,0.03215,
2423818853698,0.55621,1.67429,-0.05334,0.72654,0.14557,-0.65237,0.15926,0.33723,0.44392,0.03216,
2423918802636,0.58786,1.72165,-0.05428,0.71936,0.16856,-0.64658,0.18985,0.23540,0.47109,-0.02265,
2424018749715,0.60440,1.76605,-0.05890,0.71264,0.19551,-0.63945,0.21220,0.15776,0.44072,-0.04101,
2424118827323,0.60470,1.80747,-0.06486,0.70222,0.21992,-0.63224,0.24247,0.08760,0.43659,-0.04141,
2424218755048,0.60373,1.84224,-0.07039,0.69525,0.24577,-0.62239,0.26240,0.08182,0.31676,-0.05450,
2424318682721,0.60269,1.86487,-0.07476,0.68440,0.27009,-0.61074,0.29265,0.07852,0.23424,-0.04146,
2424418760376,0.60348,1.88048,-0.07685,0.66984,0.29136,-0.60096,0.32446,0.18772,0.08996,-0.13748,
2424518688144,0.62973,1.88859,-0.07866,0.67834,0.31824,-0.58511,0.31020,0.25380,-0.02346,-0.01094,
2424618615826,0.66021,1.88161,-0.07319,0.68922,0.33606,-0.56997,0.29526,0.30197,-0.18574,-0.00736,
2424718693534,0.71202,1.87206,-0.05544,0.68873,0.34502,-0.56172,0.30181,0.39477,-0.29179,0.01441,
2424818621221,0.75510,1.84037,-0.05100,0.67971,0.34696,-0.56134,0.32018,0.44199,-0.37235,0.02228,
2424918548922,0.79756,1.79820,-0.05331,0.66869,0.34319,-0.56609,0.33855,0.41158,-0.45080,-0.01726,
2425018478242,0.83774,1.75231,-0.05916,0.66143,0.33592,-0.57334,0.34778,0.41490,-0.50572,-0.06960,
2425118577272,0.87425,1.70998,-0.07016,0.66229,0.32782,-0.58057,0.34184,0.28190,-0.50423,-0.09562,
2425218526272,0.88967,1.66506,-0.07304,0.64281,0.31167,-0.59234,0.37254,0.07585,-0.40915,-0.08041,
2425318475238,0.88946,1.63335,-0.07817,0.62113,0.29141,-0.60375,0.40591,-0.12108,-0.25581,-0.04905,
2425418574272,0.87198,1.60663,-0.08154,0.62037,0.28358,-0.60898,0.40482,-0.24962,-0.23886,-0.04509,
2425518523238,0.84007,1.58038,-0.08396,0.63159,0.29246,-0.60762,0.38255,-0.40339,-0.25004,-0.03373,
2425618472272,0.79200,1.55279,-0.08845,0.63554,0.30964,-0.60139,0.37220,-0.54447,-0.28764,-0.05483,
2425718421243,0.73328,1.51910,-0.09039,0.62803,0.32923,-0.59215,0.38282,-0.63577,-0.32725,0.01968,
2425818520243,0.66693,1.48767,-0.09118,0.61197,0.34763,-0.58177,0.40766,-0.60950,-0.32034,-0.01959,
2425918469243,0.60972,1.45372,-0.09499,0.59556,0.37002,-0.56836,0.43053,-0.55944,-0.33179,-0.04862,
2426018418243,0.56070,1.42229,-0.09543,0.57594,0.38886,-0.55428,0.45810,-0.40851,-0.39603,-0.01770,
2426118517243,0.52570,1.38245,-0.09071,0.58230,0.41089,-0.53212,0.45710,-0.25039,-0.32229,0.01715,
2426218466271,0.51129,1.35135,-0.08331,0.59495,0.42750,-0.51278,0.44760,-0.11203,-0.32241,0.01067,
2426318415271,0.51715,1.30540,-0.07070,0.58995,0.43594,-0.50223,0.45791,0.07433,-0.41530,-0.00479,
2426418364271,0.53752,1.26611,-0.06551,0.58228,0.43597,-0.50149,0.46838,0.22375,-0.45687,-0.00248,
2426518463238,0.56642,1.22108,-0.06618,0.58890,0.43234,-0.50432,0.46038,0.34218,-0.52222,-0.02356,
2426618412271,0.60814,1.16721,-0.06940,0.60027,0.42798,-0.50883,0.44452,0.46837,-0.57685,-0.02623,
2426718361271,0.65977,1.10706,-0.07117,0.59992,0.42327,-0.51477,0.44266,0.54004,-0.62261,-0.03865,
2426818460248,0.71797,1.04686,-0.07426,0.58957,0.41920,-0.52025,0.45389,0.54961,-0.61963,-0.03002,
2426918409271,0.77132,0.99374,-0.07371,0.57352,0.41280,-0.52572,0.47359,0.43331,-0.52623,0.02445,
2427018358238,0.80360,0.94289,-0.07075,0.56779,0.40230,-0.53253,0.48186,0.17464,-0.47383,0.03204,
2427118307243,0.80597,0.90376,-0.07222,0.57250,0.38984,-0.54267,0.47516,-0.06014,-0.37305,-0.06607,
2427218406271,0.78517,0.86764,-0.07825,0.58588,0.38581,-0.54831,0.45524,-0.25611,-0.33801,-0.04710,
2427318355271,0.75066,0.83379,-0.08276,0.58983,0.39134,-0.54650,0.44754,-0.41965,-0.34227,-0.01386,
2427418304243,0.70270,0.79791,-0.08641,0.58103,0.40489,-0.53819,0.45697,-0.50618,-0.37424,-0.02140,
2427518403243,0.64955,0.76108,-0.09138,0.56918,0.42594,-0.52323,0.46994,-0.51539,-0.38311,-0.05128,
2427618352243,0.59903,0.71635,-0.09626,0.56287,0.44977,-0.50226,0.47814,-0.52555,-0.44941,-0.03374,
2427718301209,0.55137,0.66714,-0.10022,0.54697,0.47034,-0.48220,0.49708,-0.41049,-0.50500,-0.07360,
2427818250271,0.51908,0.61597,-0.10352,0.53046,0.49140,-0.45947,0.51578,-0.24182,-0.49994,-0.10347,
2427918349238,0.50448,0.56367,-0.10664,0.52783,0.51205,-0.43191,0.52217,-0.08300,-0.44822,-0.09740,
2428018298271,0.51036,0.52547,-0.10571,0.52027,0.52934,-0.40848,0.53128,0.10405,-0.43172,-0.12565,
2428118247271,0.53187,0.47379,-0.10990,0.50615,0.54136,-0.39373,0.54380,0.27943,-0.49032,-0.09617,
2428218346238,0.56475,0.40944,-0.10461,0.50452,0.54665,-0.38933,0.54320,0.39726,-0.51956,-0.06467,
2428318295243,0.61147,0.35647,-0.10815,0.49538,0.54313,-0.39950,0.54774,0.49778,-0.54936,-0.02060,
2428418244209,0.67004,0.30419,-0.11118,0.49818,0.53480,-0.41390,0.54267,0.55945,-0.51822,-0.03025,
2428518193238,0.72333,0.25112,-0.11194,0.49591,0.51745,-0.43760,0.54298,0.50883,-0.53347,-0.00182,
2428618292243,0.77394,0.19862,-0.11283,0.49474,0.49573,-0.46257,0.54362,0.52788,-0.46377,-0.04897,
2428718241238,0.82613,0.15212,-0.11952,0.52300,0.48203,-0.47733,0.51602,0.51542,-0.43070,-0.12948,
2428818190242,0.87581,0.10876,-0.12943,0.54418,0.46969,-0.49083,0.49228,0.42998,-0.38831,-0.15823,
2428918289209,0.91167,0.07339,-0.12967,0.56419,0.45722,-0.50237,0.46932,0.26246,-0.32109,-0.08492,
2429018238271,0.92857,0.04533,-0.12894,0.57780,0.44609,-0.51142,0.45343,0.07183,-0.27465,-0.06368,
2429118187271,0.92393,0.02622,-0.12144,0.57318,0.43732,-0.51807,0.46024,-0.09392,-0.26147,-0.00927,
2429218136271,0.90399,0.00819,-0.11294,0.56178,0.43843,-0.51602,0.47529,-0.20756,-0.31482,0.01038,
2429318235238,0.87782,-0.02180,-0.11131,0.54478,0.45063,-0.50572,0.49437,-0.30358,-0.34307,-0.01061,
2429418184271,0.84295,-0.05144,-0.11345,0.52011,0.46813,-0.49121,0.51870,-0.35157,-0.38435,-0.04465,
2429518133276,0.80544,-0.09287,-0.12256,0.49161,0.48867,-0.47292,0.54393,-0.38746,-0.46619,-0.09676,
2429618232228,0.76275,-0.14109,-0.13362,0.45682,0.50660,-0.45468,0.57266,-0.37758,-0.49631,-0.16735,
2429718181271,0.72958,-0.18332,-0.14722,0.43604,0.52650,-0.43056,0.58931,-0.19305,-0.44144,-0.19126,
2429818130238,0.71305,-0.22098,-0.15663,0.43955,0.54889,-0.39819,0.58903,-0.05062,-0.36389,-0.22621,
2429918079271,0.71245,-0.25320,-0.16341,0.42789,0.56688,-0.36964,0.59910,0.09531,-0.30438,-0.24794,
2430018178271,0.73204,-0.28405,-0.16455,0.40853,0.58156,-0.34754,0.61165,0.28028,-0.31923,-0.21510,
2430118127242,0.78118,-0.32241,-0.15977,0.39114,0.59010,-0.33493,0.62178,0.49565,-0.35772,-0.12742,
2430218076418,0.83917,-0.35177,-0.15423,0.39764,0.59251,-0.33134,0.61727,0.64050,-0.33296,-0.12315,
2430318175271,0.89890,-0.35438,-0.14405,0.39822,0.58770,-0.34135,0.61604,0.67989,-0.27285,-0.05295,
2430418124209,0.96548,-0.37460,-0.14243,0.38295,0.57947,-0.35746,0.62433,0.72338,-0.25497,-0.02357,
2430518073242,1.03076,-0.39448,-0.13423,0.39014,0.57092,-0.36930,0.62085,0.63775,-0.19724,-0.00881,
2430618022242,1.08845,-0.41294,-0.13096,0.38606,0.55891,-0.38597,0.62418,0.56347,-0.20761,-0.01189,
2430718121256,1.14477,-0.43454,-0.12562,0.40558,0.55122,-0.39404,0.61351,0.52855,-0.23270,-0.05489,
2430818073004,1.19942,-0.46441,-0.12298,0.42792,0.54716,-0.39870,0.59878,0.35212,-0.27993,-0.05950,
2430918019242,1.22469,-0.49662,-0.12614,0.41169,0.54133,-0.40906,0.60839,0.06037,-0.37538,-0.09500,
2431018118209,1.23055,-0.53575,-0.13145,0.39146,0.54123,-0.41009,0.62102,0.05389,-0.42393,-0.01730,
2431118067242,1.21874,-0.57444,-0.13156,0.41289,0.55359,-0.39369,0.60668,-0.04745,-0.43960,-0.08212,
2431218016237,1.20747,-0.61936,-0.13653,0.39997,0.56759,-0.37444,0.61454,-0.06592,-0.45888,-0.05369,
2431317965237,1.20128,-0.66051,-0.14024,0.37656,0.58321,-0.34880,0.62961,-0.04361,-0.38727,-0.07960,
2431418064242,1.19153,-0.69920,-0.14462,0.34363,0.59678,-0.32212,0.64962,-0.07642,-0.36136,-0.08902,
2431551329604,1.17621,-0.73605,-0.15237,0.30986,0.61515,-0.28174,0.66798,0.00145,-0.17056,-0.11653,
2431617962237,1.16575,-0.73741,-0.15347,0.31051,0.62521,-0.25636,0.66856,0.03902,-0.10878,-0.18492,
2431718061242,1.16607,-0.74254,-0.15671,0.28871,0.63711,-0.22458,0.67845,0.07321,-0.02578,-0.11790,
2431818010242,1.17337,-0.72895,-0.15215,0.27900,0.64457,-0.19979,0.68321,0.22997,0.12686,-0.08552,
2431917959242,1.19766,-0.69488,-0.14203,0.25901,0.64869,-0.18609,0.69100,0.35042,0.24967,-0.02467,
2432017908271,1.23241,-0.65817,-0.13945,0.23329,0.65010,-0.18411,0.69932,0.36137,0.40278,0.02228,
2432118007271,1.27301,-0.61188,-0.13516,0.20677,0.64977,-0.18422,0.70789,0.31624,0.53061,0.07107,
2432217956242,1.30493,-0.56195,-0.12916,0.17992,0.64641,-0.19173,0.71625,0.20654,0.47768,0.06882,
2432317905271,1.32672,-0.52210,-0.12499,0.18093,0.64055,-0.20733,0.71692,0.12779,0.29338,0.03678,
2432418004271,1.34158,-0.50535,-0.12383,0.20859,0.63393,-0.22762,0.70910,0.07974,0.03883,-0.00969,
2432517953209,1.35024,-0.51400,-0.12476,0.22609,0.62711,-0.24905,0.70255,0.01326,-0.21837,-0.00527,
2432617902270,1.35173,-0.54671,-0.12800,0.21045,0.62212,-0.26398,0.70640,0.04616,-0.39525,-0.03347,
2432717851242,1.35538,-0.59821,-0.13295,0.19840,0.62542,-0.25919,0.70874,0.11435,-0.55156,-0.01005,
2432817950270,1.36579,-0.65623,-0.13675,0.18475,0.63387,-0.23891,0.71203,0.13191,-0.61063,-0.02386,
2432917899242,1.37776,-0.71649,-0.14220,0.16213,0.64502,-0.20773,0.71730,0.10751,-0.56764,-0.08315,
2433017848270,1.38378,-0.76968,-0.14827,0.12719,0.65639,-0.16914,0.72413,0.04069,-0.50038,-0.11363,
2433117947270,1.38261,-0.81764,-0.15823,0.08340,0.66538,-0.12915,0.73050,-0.00329,-0.46883,-0.19020,
2433217896270,1.38169,-0.86097,-0.17799,0.05142,0.67224,-0.08731,0.73337,0.00358,-0.47215,-0.28695,
2433317845270,1.38344,-0.90611,-0.19872,0.01902,0.67619,-0.04982,0.73479,0.06654,-0.47412,-0.27760,
2433417794242,1.39564,-0.95141,-0.21667,-0.01267,0.67699,-0.01559,0.73572,0.12708,-0.45248,-0.28496,
2433517893275,1.41175,-0.99359,-0.22709,-0.03467,0.67597,0.01817,0.73589,0.21083,-0.42096,-0.29883,
2433617842270,1.43867,-1.03797,-0.24554,-0.05928,0.67360,0.04894,0.73509,0.27153,-0.39787,-0.35751,
2433717791242,1.46562,-1.08246,-0.26533,-0.07716,0.67052,0.07888,0.73364,0.29270,-0.36115,-0.37161,
2433817890242,1.49600,-1.12322,-0.28075,-0.09627,0.66673,0.10662,0.73133,0.33859,-0.33548,-0.37049,
2433917839237,1.52609,-1.15206,-0.29363,-0.12073,0.66227,0.13225,0.72755,0.36331,-0.25827,-0.39072,
2434017788270,1.54687,-1.18169,-0.29751,-0.12233,0.65647,0.15872,0.72724,0.29653,-0.17225,-0.32511,
2434117737270,1.56272,-1.19519,-0.29471,-0.14044,0.65230,0.17567,0.72382,0.25422,-0.04318,-0.26415,
2434217836275,1.56600,-1.16941,-0.28290,-0.14346,0.64927,0.18459,0.72374,0.18406,0.16201,-0.19238,
2434317785237,1.52753,-1.11475,-0.24024,-0.13292,0.64805,0.18127,0.72767,0.08182,0.36501,-0.08620,
2434417734208,1.44801,-1.06442,-0.20295,-0.11896,0.64996,0.16580,0.73206,-0.05524,0.45568,0.00008,
2434517836080,1.42219,-1.02727,-0.18725,-0.09975,0.65215,0.15055,0.73626,-0.07496,0.47868,0.04082,
2434617782237,1.41026,-0.98640,-0.18045,-0.08751,0.65437,0.13723,0.73845,-0.07921,0.43617,0.00846,
2434717731270,1.40325,-0.95405,-0.17743,-0.09875,0.65881,0.12138,0.73586,-0.05939,0.28961,-0.00416,
2434817680237,1.40145,-0.93306,-0.17354,-0.09927,0.66091,0.10878,0.73588,-0.01163,0.10930,0.02623,
2434917779208,1.40784,-0.92598,-0.17355,-0.09339,0.66169,0.10231,0.73687,0.08531,-0.09519,0.00309,
2435017728270,1.42103,-0.93741,-0.17390,-0.09065,0.66171,0.10445,0.73689,0.15212,-0.26602,0.00091,
2435117677280,1.43980,-0.96833,-0.17660,-0.09349,0.66001,0.11608,0.73632,0.18281,-0.41311,0.00006,
2435217776242,1.45782,-1.00771,-0.17667,-0.09562,0.65421,0.14070,0.73693,0.15856,-0.46676,-0.01077,
2435317725270,1.47603,-1.05203,-0.17842,-0.09008,0.64378,0.17342,0.73984,0.18285,-0.52774,-0.00881,
2435417674270,1.49306,-1.10621,-0.18067,-0.11717,0.63576,0.19893,0.73655,0.15052,-0.52728,-0.00583,
2435517773237,1.50483,-1.15693,-0.18295,-0.10528,0.62148,0.22782,0.74215,0.07842,-0.51084,-0.04769,
2435617722237,1.50968,-1.20216,-0.18382,-0.09965,0.60943,0.24904,0.74609,0.02110,-0.41457,-0.02314,
2435717671270,1.49960,-1.23630,-0.17946,-0.11846,0.60807,0.25515,0.74237,-0.09728,-0.23846,-0.02095,
2435817620237,1.47290,-1.25244,-0.17774,-0.14776,0.61667,0.24365,0.73384,-0.27337,-0.05240,-0.01760,
2435917719241,1.43356,-1.25368,-0.18168,-0.15719,0.62828,0.22211,0.72885,-0.44310,0.05486,-0.04850,
2436017668270,1.38064,-1.24423,-0.18292,-0.15064,0.63873,0.19823,0.72804,-0.61156,0.11213,-0.02193,
2436117617237,1.31761,-1.23046,-0.18387,-0.13548,0.64790,0.17503,0.72886,-0.62507,0.13584,-0.01823,
2436217716246,1.26034,-1.21077,-0.18385,-0.11759,0.65502,0.15110,0.73095,-0.52816,0.23016,-0.02584,
2436317665270,1.20875,-1.18754,-0.18049,-0.10404,0.66073,0.12487,0.73282,-0.51450,0.22226,-0.01841,
2436417614237,1.15803,-1.16131,-0.18165,-0.07911,0.66550,0.09924,0.73553,-0.45326,0.28524,-0.04821,
2436517563270,1.12046,-1.13045,-0.18154,-0.06904,0.67003,0.06800,0.73599,-0.31173,0.31708,0.00618,
2436617662270,1.09248,-1.09907,-0.17961,-0.04847,0.67233,0.03780,0.73770,-0.28440,0.29891,0.00755,
2436717611208,1.06677,-1.06858,-0.17821,-0.04185,0.67438,0.00623,0.73717,-0.28374,0.29471,-0.01333,
2436817560237,1.03743,-1.04276,-0.17389,-0.02526,0.67418,-0.02283,0.73778,-0.31387,0.21372,-0.00909,
2436917659217,1.00802,-1.03085,-0.16847,0.02805,0.67244,-0.04644,0.73816,-0.30676,-0.01034,0.00645,
2437017608270,0.97903,-1.05518,-0.16324,0.04367,0.66874,-0.08293,0.73757,-0.28381,-0.41482,-0.00680,
2437117557270,0.95096,-1.10813,-0.16107,0.05812,0.66385,-0.11518,0.73666,-0.29437,-0.60994,0.01633,
2437217506270,0.92458,-1.17556,-0.15549,0.09447,0.66229,-0.12894,0.73199,-0.33208,-0.73635,0.00195,
2437317605241,0.88699,-1.24651,-0.16000,0.10423,0.66328,-0.13023,0.72954,-0.37153,-0.61514,0.01959,
2437417554275,0.85165,-1.30289,-0.16265,0.09356,0.66688,-0.11465,0.73033,-0.35407,-0.56315,-0.05780,
2437517503241,0.81629,-1.35101,-0.16739,0.08419,0.67241,-0.08448,0.73051,-0.35670,-0.46801,-0.11602,
2437617602270,0.77947,-1.40029,-0.17757,0.07966,0.67692,-0.04712,0.73022,-0.37842,-0.50378,-0.13552,
2437717551236,0.73785,-1.45231,-0.19015,0.04095,0.68095,-0.01407,0.73105,-0.42531,-0.52439,-0.19671,
2437817500236,0.68907,-1.50771,-0.20234,0.01000,0.68273,0.02261,0.73026,-0.48084,-0.51563,-0.12724,
2437917449241,0.63699,-1.56054,-0.20992,-0.01731,0.68051,0.05944,0.73012,-0.52194,-0.47105,-0.07398,
2438017548270,0.58733,-1.60470,-0.20826,-0.06526,0.67543,0.09189,0.72876,-0.50870,-0.38056,-0.05280,
2438117497270,0.54604,-1.63952,-0.20665,-0.10724,0.66891,0.12422,0.72501,-0.42388,-0.30534,-0.07262,
2438217446246,0.51435,-1.66909,-0.20548,-0.14106,0.66275,0.15428,0.71907,-0.35518,-0.23732,-0.06339,
2438317545270,0.47961,-1.68756,-0.19861,-0.15757,0.65480,0.17960,0.71704,-0.35033,-0.15003,0.05208,
2438417494270,0.44654,-1.69360,-0.18341,-0.14957,0.64772,0.19400,0.72142,-0.34831,-0.00974,0.05156,
2438517443241,0.41137,-1.68659,-0.17936,-0.16393,0.65092,0.18593,0.71754,-0.36128,0.09648,0.02721,
2438617392208,0.36477,-1.67342,-0.17812,-0.16490,0.65762,0.16239,0.71692,-0.46250,0.16053,0.03150,
2438717491270,0.32051,-1.65888,-0.17658,-0.14100,0.66418,0.13221,0.72215,-0.49680,0.12500,0.00821,
2438817440289,0.27493,-1.64785,-0.17087,-0.10685,0.66848,0.09656,0.72966,-0.47579,0.07827,0.03223,
2438917389246,0.23373,-1.63965,-0.15873,-0.08147,0.67020,0.05654,0.73552,-0.43627,0.00866,0.06321,
2439017487235,0.18515,-1.64254,-0.14925,-0.04157,0.66999,0.02134,0.74090,-0.42186,-0.08647,0.00858,
2439117420516,0.14806,-1.66043,-0.14515,-0.00359,0.66921,-0.00293,0.74306,-0.30027,-0.22445,0.02644,
2439217353858,0.12328,-1.69247,-0.13898,-0.00648,0.66830,-0.01528,0.74371,-0.18759,-0.32721,0.03995,
2439317287132,0.11057,-1.72664,-0.14059,-0.01239,0.66856,-0.00397,0.74354,-0.15014,-0.38083,-0.01100,
2439417370412,0.09397,-1.76816,-0.14538,-0.03161,0.66960,0.02043,0.74177,-0.18612,-0.41308,-0.00773,
2439517303758,0.06936,-1.80952,-0.15066,-0.01720,0.66735,0.05573,0.74245,-0.24465,-0.48178,-0.05402,
2439617237038,0.04260,-1.85536,-0.15936,-0.03091,0.66589,0.08441,0.74061,-0.28838,-0.49069,-0.11293,
2439717320317,0.01116,-1.89560,-0.16616,-0.02746,0.66094,0.11554,0.74098,-0.36588,-0.37845,-0.02083,
2439817253659,-0.02461,-1.92930,-0.16374,-0.01986,0.65156,0.14537,0.74427,-0.37452,-0.31892,0.03648,
2439917186967,-0.06404,-1.95752,-0.16198,-0.03041,0.64537,0.16444,0.74534,-0.37123,-0.19935,-0.01211,
2440017121117,-0.09604,-1.97265,-0.16142,-0.03986,0.64374,0.17118,0.74479,-0.33127,-0.08327,0.01132,
2440117220269,-0.12101,-1.97183,-0.15961,-0.02822,0.64541,0.16424,0.74543,-0.26926,0.05130,0.00891,
2440217169269,-0.13691,-1.95631,-0.15756,-0.01260,0.65098,0.14260,0.74548,-0.19465,0.18694,0.01365,
2440317118269,-0.15165,-1.93174,-0.15364,0.01504,0.65650,0.11335,0.74561,-0.19607,0.25189,0.04462,
2440417217269,-0.16766,-1.90719,-0.15091,0.03987,0.66261,0.07604,0.74403,-0.12401,0.27522,0.03382,
2440517166241,-0.17608,-1.87990,-0.14787,0.06972,0.66707,0.03526,0.74089,-0.08501,0.25755,0.05362,
2440617115241,-0.17994,-1.85569,-0.14509,0.10333,0.66859,-0.00727,0.73638,-0.07249,0.22151,0.03533,
2440717064241,-0.18463,-1.83622,-0.14440,0.14119,0.66738,-0.05133,0.72941,-0.04743,0.15699,0.00648,
2440817163241,-0.18919,-1.82340,-0.14276,0.18086,0.66209,-0.10038,0.72032,-0.04623,0.07812,0.04215,
2440917112241,-0.19279,-1.81701,-0.14080,0.22525,0.65192,-0.15187,0.70796,-0.02948,0.05040,0.02399,
2441017061269,-0.19747,-1.81396,-0.13680,0.26947,0.63805,-0.20087,0.69276,-0.03558,0.06643,0.03357,
2441117160269,-0.20379,-1.80385,-0.13487,0.30642,0.62412,-0.24060,0.67727,0.00437,0.11620,0.01831,
2441217109269,-0.20599,-1.80063,-0.12985,0.32420,0.61020,-0.27211,0.66971,-0.01088,0.05388,0.01309,
2441317058269,-0.20569,-1.80201,-0.12438,0.34088,0.59988,-0.29287,0.66195,-0.14005,-0.03699,0.04045,
2441417007241,-0.22956,-1.81758,-0.11936,0.36073,0.59375,-0.30380,0.65195,-0.31032,-0.13882,0.01478,
2441517106269,-0.26155,-1.83445,-0.12056,0.37563,0.59716,-0.30021,0.64201,-0.41067,-0.13486,-0.03575,
2441617055241,-0.30391,-1.85443,-0.12554,0.38610,0.60745,-0.28354,0.63367,-0.51561,-0.10245,-0.00300,
2441717004269,-0.35506,-1.86392,-0.13268,0.37224,0.61960,-0.26048,0.64007,-0.57538,-0.03518,0.03341,
2441817103269,-0.41031,-1.86567,-0.13494,0.36757,0.63111,-0.22917,0.64348,-0.56687,0.00300,0.03093,
2441917052269,-0.47284,-1.86816,-0.14446,0.34649,0.64049,-0.20432,0.65419,-0.56530,0.00023,-0.05244,
2442017001269,-0.53304,-1.86802,-0.15034,0.32126,0.64808,-0.18341,0.66569,-0.51315,0.05967,-0.04718,
2442116950236,-0.59139,-1.86614,-0.15116,0.31181,0.65111,-0.16526,0.67195,-0.41111,0.08375,-0.01151,
2442217049269,-0.62043,-1.85946,-0.14260,0.30879,0.65084,-0.15734,0.67549,-0.30037,0.12763,0.04910,
2442316998236,-0.63816,-1.84591,-0.13619,0.31027,0.64775,-0.16633,0.67564,-0.16347,0.19012,0.01580,
2442416947236,-0.65275,-1.82367,-0.13416,0.31881,0.64187,-0.18981,0.67107,-0.04938,0.26160,-0.01410,
2442517046269,-0.66437,-1.79227,-0.12959,0.33857,0.63098,-0.22174,0.66186,-0.04465,0.32433,0.10501,
2442616995207,-0.66916,-1.76201,-0.12057,0.34634,0.61428,-0.26543,0.65746,-0.02556,0.25260,0.06836,
2442716944236,-0.67766,-1.73821,-0.11500,0.35466,0.59094,-0.31242,0.65376,-0.12922,0.26220,0.03649,
2442816893269,-0.70185,-1.70725,-0.10868,0.39276,0.56696,-0.35008,0.63383,-0.23159,0.31888,0.04168,
2442916992240,-0.73428,-1.67590,-0.10354,0.44604,0.54501,-0.37941,0.60005,-0.33872,0.29479,0.01424,
2443016941207,-0.77354,-1.64289,-0.09906,0.45767,0.52458,-0.40746,0.59104,-0.40996,0.28200,-0.00274,
2443116890240,-0.82414,-1.61186,-0.09541,0.44748,0.50974,-0.42646,0.59838,-0.48995,0.25704,-0.01316,
2443216989269,-0.87119,-1.59658,-0.10128,0.44250,0.50891,-0.42984,0.60036,-0.52428,0.23247,-0.01672,
2443316938269,-0.92309,-1.57830,-0.10744,0.41931,0.51844,-0.42189,0.61434,-0.54185,0.23384,-0.06693,
2443416887240,-0.97380,-1.56841,-0.12071,0.39450,0.53675,-0.40393,0.62699,-0.55067,0.25570,-0.07671,
2443516836240,-1.03238,-1.54509,-0.12946,0.38190,0.55867,-0.37785,0.63188,-0.55574,0.28953,-0.07525,
2443616935245,-1.08784,-1.51928,-0.13625,0.39312,0.57994,-0.34475,0.62472,-0.53081,0.25431,-0.04658,
2443716884240,-1.14067,-1.49518,-0.13107,0.38416,0.59274,-0.31629,0.63328,-0.50503,0.29197,0.03998,
2443816833240,-1.18021,-1.46147,-0.12411,0.37637,0.60485,-0.28515,0.64124,-0.38063,0.40631,-0.00397,
2443916932240,-1.20383,-1.42656,-0.12266,0.36104,0.61620,-0.25985,0.64994,-0.17606,0.40151,-0.02503,
2444016881388,-1.20895,-1.39551,-0.12118,0.35067,0.62199,-0.24556,0.65563,0.00017,0.32979,0.02126,
2444116830331,-1.20217,-1.36527,-0.12153,0.35998,0.62040,-0.24790,0.65120,0.12622,0.34932,-0.02040,
2444216780031,-1.19578,-1.32560,-0.12503,0.38073,0.61308,-0.26498,0.63950,0.17251,0.33955,0.02775,
2444316878235,-1.19107,-1.28465,-0.12312,0.39769,0.60073,-0.29257,0.62879,0.16035,0.35279,0.02082,
2444416827235,-1.17877,-1.24789,-0.11994,0.41680,0.58735,-0.31965,0.61573,0.10412,0.36673,0.01575,
2444516776240,-1.16965,-1.21458,-0.11567,0.43168,0.57233,-0.34478,0.60598,0.06938,0.30264,0.02140,
2444616875269,-1.16609,-1.18000,-0.11189,0.44001,0.55644,-0.36811,0.60105,0.01575,0.30764,0.01429,
2444716824269,-1.16519,-1.15149,-0.10119,0.44719,0.53874,-0.38941,0.59845,-0.00020,0.29038,0.04598,
2444816773269,-1.16696,-1.11863,-0.09855,0.48743,0.52756,-0.40175,0.56806,-0.02798,0.31913,-0.05709,
2444916872269,-1.17652,-1.08164,-0.09907,0.50671,0.51709,-0.41605,0.55023,-0.16990,0.27958,0.03143,
2445016821235,-1.19721,-1.04985,-0.09508,0.48323,0.50543,-0.43205,0.56953,-0.23277,0.25204,0.03314,
2445116770235,-1.22742,-1.02223,-0.09740,0.47498,0.50576,-0.43310,0.57535,-0.33476,0.24638,-0.02762,
2445216719207,-1.26634,-0.99802,-0.10706,0.44616,0.51459,-0.42744,0.59450,-0.37759,0.26864,-0.06283,
2445316818235,-1.30605,-0.96713,-0.11521,0.43288,0.53278,-0.40866,0.60146,-0.40862,0.32678,-0.09501,
2445416767269,-1.35114,-0.93179,-0.12227,0.43137,0.55390,-0.38136,0.60140,-0.44317,0.37710,-0.06559,
2445516716269,-1.39650,-0.89627,-0.12262,0.42064,0.57233,-0.35206,0.60955,-0.44151,0.37764,-0.00194,
2445616815273,-1.43991,-0.86198,-0.12017,0.39429,0.58673,-0.32440,0.62853,-0.39191,0.35495,-0.01939,
2445716764235,-1.47833,-0.82803,-0.12170,0.37980,0.60079,-0.29569,0.63826,-0.37892,0.30421,-0.05796,
2445816713269,-1.51109,-0.80025,-0.11902,0.34977,0.61052,-0.27467,0.65535,-0.31970,0.24293,0.02575,
2445916662269,-1.53542,-0.77469,-0.11445,0.34483,0.61934,-0.24884,0.66000,-0.20134,0.25822,-0.04159,
2446016761240,-1.55214,-0.74447,-0.11764,0.33811,0.62787,-0.22808,0.66291,-0.14157,0.28347,-0.05867,
2446116710240,-1.56611,-0.71001,-0.11903,0.33782,0.63183,-0.21892,0.66238,-0.09310,0.32847,-0.02121,
2446216659268,-1.58596,-0.66611,-0.12325,0.32814,0.63065,-0.22993,0.66463,-0.11374,0.41929,-0.01816,
2446316758273,-1.60243,-0.62213,-0.12642,0.30376,0.62381,-0.25651,0.67289,-0.12136,0.50188,0.02915,
2446416707235,-1.61392,-0.56975,-0.12066,0.29153,0.61221,-0.28226,0.67863,-0.07848,0.55993,0.02144,
2446516656240,-1.62299,-0.51541,-0.12014,0.28322,0.60015,-0.30598,0.68263,-0.09307,0.54299,-0.02951,
2446616605268,-1.63658,-0.46237,-0.12188,0.30048,0.59146,-0.32152,0.67566,-0.11504,0.45475,-0.01560,
2446716704268,-1.65319,-0.41933,-0.11931,0.34530,0.58723,-0.32557,0.65569,-0.21216,0.30272,0.04541,
2446816653749,-1.68276,-0.39441,-0.11301,0.32825,0.58247,-0.33226,0.66527,-0.31186,0.18468,-0.00649,
2446916602268,-1.71557,-0.37338,-0.11554,0.31206,0.58906,-0.32242,0.67207,-0.33524,0.15263,-0.03678,
2447016701268,-1.75578,-0.34954,-0.12029,0.30151,0.60328,-0.29845,0.67533,-0.40636,0.19244,-0.07970,
2447116650235,-1.80341,-0.32161,-0.12661,0.28346,0.61998,-0.26666,0.68130,-0.45776,0.24542,-0.10136,
2447216599206,-1.85079,-0.28964,-0.13385,0.26830,0.63586,-0.22735,0.68703,-0.41589,0.27370,-0.06202,
2447316548268,-1.89365,-0.26466,-0.13208,0.24163,0.64645,-0.18895,0.69858,-0.42079,0.19341,-0.00185,
2447416647240,-1.93136,-0.25134,-0.12886,0.19443,0.65356,-0.15924,0.71393,-0.37901,0.15389,-0.04704,
2447516596268,-1.96490,-0.23658,-0.13102,0.18090,0.65946,-0.12812,0.71831,-0.34378,0.13768,-0.04527,
2447616545240,-1.99360,-0.22568,-0.13045,0.19610,0.66152,-0.10112,0.71673,-0.23138,0.09454,-0.01476,
2447716644268,-2.02005,-0.20736,-0.12920,0.21362,0.66074,-0.08733,0.71426,-0.05998,0.09419,0.00314,
2447816593240,-2.02100,-0.19984,-0.12873,0.21872,0.65983,-0.09041,0.71317,0.08562,0.07917,0.01704,
2447916542268,-2.00696,-0.19618,-0.12644,0.24491,0.65664,-0.10292,0.70587,0.20301,0.02758,0.02711,
2448016491240,-1.98067,-0.20082,-0.12281,0.26564,0.65212,-0.12948,0.69815,0.29209,-0.10550,0.04307,
2448116590268,-1.94988,-0.21743,-0.12167,0.27510,0.64525,-0.16992,0.69217,0.33148,-0.21118,0.00026,
2448216539268,-1.91532,-0.24167,-0.12347,0.29531,0.63463,-0.21231,0.68188,0.33819,-0.28280,-0.03491,
2448316488240,-1.88210,-0.27048,-0.12342,0.32275,0.62022,-0.25393,0.66834,0.35693,-0.28166,-0.01557,
2448416587206,-1.84081,-0.30084,-0.12115,0.37304,0.60416,-0.28525,0.64379,0.42664,-0.31739,0.01418,
2448516536268,-1.79732,-0.33137,-0.11559,0.39740,0.58569,-0.31913,0.63024,0.43360,-0.27457,0.02742,
2448616485268,-1.75401,-0.35537,-0.11094,0.42783,0.56704,-0.34798,0.61183,0.45504,-0.25456,-0.00472,
2448716434268,-1.70939,-0.37702,-0.10705,0.45299,0.54686,-0.37699,0.59466,0.45370,-0.22605,-0.04313,
2448816533268,-1.66425,-0.39897,-0.10794,0.49018,0.52623,-0.40368,0.56556,0.44487,-0.25611,-0.09314,
2448916482268,-1.61768,-0.42250,-0.11272,0.52119,0.50516,-0.43063,0.53641,0.45274,-0.26508,-0.12544,
2449016431268,-1.57647,-0.44934,-0.11789,0.55455,0.48439,-0.45368,0.50201,0.42865,-0.32249,-0.13151,
2449116530239,-1.53562,-0.48405,-0.12334,0.58384,0.46268,-0.47559,0.46784,0.39131,-0.36908,-0.16843,
2449216479235,-1.50297,-0.52743,-0.11966,0.60289,0.43812,-0.50050,0.44055,0.33638,-0.38887,-0.10952,
2449316428239,-1.47379,-0.56352,-0.12127,0.62531,0.41383,-0.52192,0.40661,0.28601,-0.39548,-0.11832,
2449416377254,-1.44192,-0.60743,-0.12135,0.64429,0.38863,-0.54220,0.37400,0.22397,-0.39225,-0.10218,
2449516476268,-1.41633,-0.64348,-0.11603,0.65881,0.36156,-0.56162,0.34617,0.17436,-0.37002,-0.09947,
2449616425239,-1.39736,-0.67268,-0.11561,0.67677,0.33193,-0.57909,0.31059,0.09374,-0.34449,-0.13265,
2449716374239,-1.38998,-0.69788,-0.11826,0.68999,0.29766,-0.59765,0.27950,0.00747,-0.31650,-0.16815,
2449816473239,-1.38117,-0.71748,-0.12193,0.70188,0.26112,-0.61432,0.24859,-0.02350,-0.26223,-0.16082,
2449916422211,-1.37945,-0.74585,-0.13520,0.71209,0.22369,-0.62904,0.21725,-0.03944,-0.24367,-0.20368,
2450016371239,-1.37396,-0.77600,-0.13483,0.72116,0.18798,-0.64037,0.18576,-0.06183,-0.23378,-0.19519,
2450116320268,-1.37248,-0.80289,-0.12618,0.72881,0.15507,-0.64893,0.15389,-0.06167,-0.23174,-0.17904,
2450216419235,-1.36826,-0.82336,-0.10811,0.73262,0.12242,-0.65626,0.13270,-0.03381,-0.19922,-0.11572,
2450316368244,-1.35617,-0.84113,-0.09341,0.73640,0.09353,-0.66113,0.10896,0.03049,-0.18227,-0.03859,
2450416317235,-1.33859,-0.86324,-0.08342,0.74027,0.06849,-0.66386,0.08122,0.10286,-0.22182,-0.00276,
2450516416734,-1.32158,-0.88468,-0.08314,0.74170,0.04269,-0.66637,0.06333,0.12400,-0.25414,-0.01009,
2450616365211,-1.30912,-0.91672,-0.08524,0.74251,0.02040,-0.66819,0.04226,0.13885,-0.33269,-0.06039,
2450716314234,-1.29758,-0.95755,-0.08959,0.74235,-0.00082,-0.66951,0.02585,0.14376,-0.39612,-0.05049,
2450816263211,-1.28189,-1.00619,-0.09084,0.74198,-0.01728,-0.67019,-0.00409,0.21854,-0.43307,-0.06660,
2450916362211,-1.26566,-1.05827,-0.08928,0.74103,-0.03440,-0.67026,-0.02096,0.23338,-0.46919,-0.05557,
2451016311901,-1.24485,-1.10999,-0.08430,0.73998,-0.04484,-0.66948,-0.04708,0.24295,-0.46832,-0.02624,
2451116260249,-1.21598,-1.14946,-0.08178,0.73996,-0.05876,-0.66938,-0.03049,0.27743,-0.39716,-0.01435,
2451216359239,-1.19090,-1.18595,-0.07982,0.74010,-0.06574,-0.66892,-0.02192,0.28146,-0.30767,0.04567,
2451316308268,-1.16813,-1.20759,-0.07718,0.74083,-0.06729,-0.66773,-0.02795,0.27136,-0.16089,0.04673,
2451416257268,-1.15357,-1.20715,-0.07659,0.74038,-0.06347,-0.66768,-0.04486,0.25915,0.00004,0.00215,
2451516206239,-1.13199,-1.19458,-0.07740,0.73999,-0.05548,-0.66883,-0.04475,0.27342,0.13856,0.00150,
2451616305268,-1.10658,-1.17322,-0.07900,0.74016,-0.04069,-0.67026,-0.03544,0.34556,0.17743,0.01610,
2451716254206,-1.07105,-1.15064,-0.07858,0.74048,-0.01936,-0.67107,-0.03131,0.38310,0.25201,0.05648,
2451816203239,-1.03243,-1.12229,-0.07297,0.74260,-0.00270,-0.66972,-0.00358,0.42164,0.26586,0.07240,
2451916302239,-0.99249,-1.09409,-0.06100,0.74548,0.01860,-0.66618,0.01090,0.44450,0.27234,0.08358,
2452016251268,-0.94896,-1.06404,-0.05558,0.74696,0.03684,-0.66308,0.03185,0.44423,0.25486,0.03957,
2452116200234,-0.89295,-1.03769,-0.05645,0.74860,0.05930,-0.65988,0.02533,0.39850,0.25159,0.00935,
2452216149206,-0.84920,-1.01582,-0.05499,0.74870,0.07636,-0.65753,0.03563,0.31861,0.21535,0.01618,
2452316248268,-0.82829,-0.99871,-0.05784,0.74829,0.09018,-0.65584,0.04245,0.30805,0.09249,-0.05152,
2452416197268,-0.79941,-0.99185,-0.06036,0.74636,0.10133,-0.65560,0.05353,0.35225,0.00787,-0.04750,
2452516146268,-0.75985,-0.99820,-0.05890,0.74444,0.11145,-0.65516,0.06440,0.44045,-0.12078,-0.02542,
2452616245268,-0.72301,-1.01602,-0.06243,0.74272,0.11674,-0.65607,0.06563,0.47518,-0.22273,-0.03284,
2452716194234,-0.67988,-1.04491,-0.06831,0.74022,0.11571,-0.65896,0.06676,0.49368,-0.37518,-0.05652,
2452816143267,-0.63547,-1.08838,-0.07286,0.73769,0.10849,-0.66177,0.07809,0.48174,-0.50051,0.03569,
2452916092267,-0.58563,-1.14086,-0.06734,0.73856,0.09998,-0.66221,0.07748,0.51429,-0.59406,0.03877,
2453016191272,-0.53287,-1.19840,-0.06463,0.74033,0.08968,-0.66285,0.06714,0.47996,-0.55321,0.01908,
2453116140267,-0.49018,-1.25218,-0.06401,0.74076,0.07342,-0.66483,0.06229,0.39857,-0.51493,-0.02209,
2453216089267,-0.45500,-1.29574,-0.06341,0.74136,0.05476,-0.66665,0.05451,0.37178,-0.39080,-0.05412,
2453316188234,-0.42642,-1.32835,-0.06616,0.74210,0.04062,-0.66830,0.03177,0.36479,-0.31679,-0.08691,
2453416137267,-0.39262,-1.35122,-0.06929,0.74161,0.03041,-0.66992,0.01710,0.34529,-0.14319,-0.02396,
2453516086267,-0.34980,-1.36770,-0.06904,0.74099,0.02392,-0.67071,0.02238,0.36742,-0.05990,-0.00182,
2453616035267,-0.31425,-1.36921,-0.06865,0.74037,0.02909,-0.67082,0.03169,0.44614,0.01028,0.00284,
2453716134267,-0.26933,-1.36603,-0.06730,0.73882,0.04183,-0.66992,0.06005,0.45620,0.08223,0.08408,
2453816083234,-0.22400,-1.35522,-0.05837,0.74010,0.06162,-0.66530,0.07638,0.46694,0.14036,0.12285,
2453916032210,-0.18163,-1.33877,-0.05099,0.74018,0.08495,-0.66057,0.09257,0.46114,0.18190,0.06136,
2454016130311,-0.13917,-1.32031,-0.04734,0.74270,0.11372,-0.65427,0.08600,0.39082,0.20297,0.04107,
2454116059357,-0.09559,-1.30274,-0.04470,0.74340,0.13798,-0.64722,0.09705,0.33842,0.23215,0.01610,
2454215988600,-0.06417,-1.28062,-0.04570,0.74076,0.16174,-0.64088,0.11996,0.34231,0.20867,-0.05636,
2454316067809,-0.02829,-1.26013,-0.04975,0.73588,0.18635,-0.63480,0.14414,0.38860,0.20379,-0.05042,
2454415997019,0.01296,-1.24109,-0.05330,0.72808,0.20900,-0.62957,0.17281,0.44675,0.19040,-0.06139,
2454515926168,0.06017,-1.22769,-0.05969,0.71725,0.22964,-0.62532,0.20441,0.52385,0.11837,-0.07584,
2454615855406,0.11806,-1.22088,-0.06545,0.70993,0.24867,-0.61994,0.22325,0.60963,0.04311,-0.04409,
2454715934558,0.17939,-1.22052,-0.06592,0.69345,0.25563,-0.61919,0.26531,0.63004,-0.01971,0.04126,
2454815863806,0.24691,-1.22712,-0.06138,0.68949,0.25858,-0.61672,0.27821,0.68150,-0.07298,0.04552,
2454915793040,0.31842,-1.23469,-0.05832,0.68831,0.25767,-0.61689,0.28157,0.68138,-0.08440,0.02038,
2455015873118,0.38455,-1.24160,-0.05924,0.68232,0.25073,-0.62021,0.29481,0.61474,-0.05803,0.03689,
2455115822234,0.44447,-1.24186,-0.05821,0.68432,0.24403,-0.62276,0.29038,0.57213,0.02130,0.03088,
2455215771234,0.50117,-1.23586,-0.05816,0.68938,0.24099,-0.62448,0.27696,0.51275,0.07801,-0.01000,
2455315720205,0.54522,-1.22322,-0.06148,0.69124,0.24335,-0.62477,0.26950,0.40729,0.15214,-0.00715,
2455415819234,0.57583,-1.20259,-0.06293,0.68258,0.24863,-0.62331,0.28938,0.31203,0.26404,0.02577,
2455515768267,0.60314,-1.17469,-0.06016,0.67197,0.26247,-0.61682,0.31481,0.32416,0.31492,0.08276,
2455615717238,0.62291,-1.13868,-0.05169,0.67144,0.28431,-0.60307,0.32347,0.21054,0.40879,0.12831,
2455715816272,0.63626,-1.09038,-0.04470,0.66112,0.30254,-0.59145,0.34868,0.16400,0.50240,0.04001,
2455815765238,0.64572,-1.03860,-0.04592,0.64957,0.32401,-0.57994,0.36979,0.10952,0.49462,-0.02898,
2455915714238,0.64972,-0.98958,-0.04617,0.64615,0.34767,-0.56547,0.37663,0.04859,0.45275,0.00996,
2456015663234,0.65472,-0.94297,-0.04343,0.64262,0.37179,-0.54852,0.38462,0.07261,0.45668,-0.02195,
2456115762234,0.66003,-0.90020,-0.04588,0.62614,0.39555,-0.53260,0.40967,0.07508,0.42227,-0.06014,
2456215711238,0.66815,-0.85945,-0.05329,0.61428,0.42046,-0.51458,0.42553,0.09262,0.41705,-0.07419,
2456315660267,0.68008,-0.81836,-0.06281,0.60255,0.44556,-0.49458,0.44022,0.13004,0.42395,-0.10305,
2456415759267,0.69448,-0.77386,-0.07038,0.58596,0.46904,-0.47513,0.45924,0.18322,0.42853,-0.09715,
2456515708205,0.71541,-0.73526,-0.07651,0.57104,0.49096,-0.45431,0.47590,0.25636,0.37135,-0.01905,
2456615657238,0.74078,-0.69990,-0.07521,0.56505,0.50615,-0.43493,0.48514,0.29723,0.31120,0.03648,
2456715606267,0.77118,-0.67369,-0.07368,0.55634,0.51342,-0.42525,0.49603,0.34771,0.26869,-0.01092,
2456815705267,0.80485,-0.64965,-0.07698,0.54751,0.51526,-0.42614,0.50314,0.40022,0.23038,-0.02842,
2456915654238,0.84212,-0.62167,-0.07771,0.53746,0.51050,-0.43486,0.51130,0.41302,0.27026,0.02492,
2457015603234,0.88062,-0.59470,-0.07415,0.54296,0.50260,-0.44424,0.50520,0.36656,0.31586,0.04447,
2457115702205,0.91298,-0.56027,-0.07216,0.55816,0.49321,-0.45479,0.48824,0.33069,0.31838,-0.00111,
2457215651253,0.93666,-0.52902,-0.07106,0.56513,0.48247,-0.46728,0.47905,0.24148,0.34492,0.02359,
2457315600233,0.95119,-0.49698,-0.06964,0.54955,0.46668,-0.48632,0.49365,0.17687,0.35168,0.05762,
2457415549205,0.96363,-0.46964,-0.06887,0.55090,0.45466,-0.49854,0.49117,0.12595,0.38870,0.00877,
2457515649086,0.97657,-0.43829,-0.07180,0.55554,0.44479,-0.50745,0.48583,0.12164,0.34227,0.00916,
2457615597267,0.98793,-0.40235,-0.06571,0.56641,0.43297,-0.51350,0.47752,0.08116,0.38383,0.06921,
2457715546243,0.99045,-0.36333,-0.05732,0.57660,0.42328,-0.51693,0.47026,-0.00442,0.41149,0.09410,
2457815645267,0.98129,-0.32109,-0.05226,0.57983,0.41691,-0.51918,0.46950,-0.16891,0.43240,0.04851,
2457915594233,0.96483,-0.27835,-0.05331,0.56856,0.41735,-0.51864,0.48329,-0.20016,0.35451,0.01080,
2458015543238,0.94069,-0.24557,-0.05196,0.57120,0.43129,-0.50722,0.48004,-0.26680,0.32117,-0.01829,
2458115492233,0.90930,-0.21311,-0.05960,0.56257,0.44902,-0.49388,0.48783,-0.28390,0.31261,-0.09606,
2458215591233,0.88397,-0.17912,-0.06869,0.54835,0.46945,-0.47774,0.50068,-0.23274,0.33215,-0.07358,
2458315540267,0.86347,-0.14205,-0.07500,0.54013,0.49050,-0.45770,0.50811,-0.16697,0.35931,-0.06062,
2458415489238,0.84824,-0.10220,-0.07975,0.54014,0.51109,-0.43414,0.50849,-0.09968,0.40671,-0.09026,
2458515588286,0.83783,-0.05598,-0.08093,0.53135,0.52860,-0.41243,0.51783,-0.03069,0.44428,-0.05264,
2458615537267,0.83843,-0.00787,-0.07671,0.51571,0.54078,-0.39512,0.53430,0.06123,0.47884,0.04664,
2458715486267,0.84955,0.03966,-0.06980,0.51974,0.54806,-0.37952,0.53429,0.18249,0.46077,0.02137,
2458815435238,0.87171,0.08955,-0.06954,0.50242,0.54879,-0.38144,0.54855,0.26461,0.45429,-0.03851,
2458915534267,0.90354,0.13304,-0.07272,0.50978,0.54549,-0.38736,0.54085,0.30763,0.40143,-0.01120,
2459015483233,0.92994,0.18534,-0.06902,0.52305,0.53541,-0.40124,0.52798,0.28864,0.36799,0.02342,
2459115432219,0.95658,0.22462,-0.06972,0.53281,0.52315,-0.41980,0.51595,0.31197,0.31660,-0.04961,
2459215531267,0.98794,0.26304,-0.07451,0.53444,0.51080,-0.43862,0.51095,0.29134,0.31354,-0.04630,
2459315480267,1.01897,0.29851,-0.07390,0.53543,0.49843,-0.45446,0.50827,0.28519,0.35154,0.03430,
2459415429267,1.04288,0.32705,-0.06722,0.54135,0.48532,-0.46781,0.50256,0.24769,0.37416,0.05426,
2459515378266,1.06340,0.35680,-0.06204,0.54445,0.47255,-0.48011,0.49976,0.21640,0.38282,0.04717,
2459615477233,1.08177,0.39307,-0.05526,0.54966,0.45946,-0.49061,0.49606,0.13230,0.36819,0.11632,
2459715426271,1.09413,0.43723,-0.04518,0.55290,0.44648,-0.49952,0.49541,0.08502,0.46486,0.09793,
2459815375238,1.09239,0.47467,-0.03959,0.56362,0.43790,-0.50425,0.48611,-0.03874,0.44505,0.08613,
2459915474238,1.08309,0.51296,-0.03858,0.57354,0.43301,-0.50756,0.47534,-0.14266,0.37197,0.02314,
2460015423233,1.06819,0.53918,-0.03920,0.57056,0.43322,-0.50692,0.47939,-0.13147,0.25145,0.06117,
2460115372266,1.05718,0.55761,-0.03547,0.58118,0.44608,-0.49299,0.46926,-0.08997,0.21125,0.02802,
2460215321233,1.05013,0.57907,-0.03838,0.57183,0.46367,-0.47677,0.48033,-0.05274,0.23960,-0.05490,
2460315420266,1.04704,0.60280,-0.04627,0.55418,0.48331,-0.45911,0.49851,-0.03195,0.29523,-0.04848,
2460415369271,1.04574,0.63538,-0.05300,0.54792,0.50241,-0.43911,0.50454,0.01295,0.36517,-0.06553,
2460515318266,1.05103,0.67615,-0.06270,0.55253,0.51983,-0.41757,0.50013,0.11088,0.43097,-0.10128,
2460615417233,1.07057,0.72496,-0.06863,0.56392,0.53285,-0.39684,0.49050,0.22345,0.46193,0.00193,
2460715366266,1.10025,0.77460,-0.06265,0.55954,0.53693,-0.38987,0.49662,0.35420,0.47170,0.05426,
2460815315233,1.14413,0.81913,-0.05861,0.56707,0.53481,-0.38993,0.49027,0.46288,0.44165,0.01879,
2460915264204,1.19454,0.86005,-0.06078,0.56778,0.52766,-0.40264,0.48692,0.52853,0.37518,-0.02046,
2461015363233,1.24464,0.88749,-0.05962,0.58427,0.51549,-0.41830,0.46682,0.47891,0.30229,0.05733,
2461115312266,1.28926,0.90861,-0.05945,0.60766,0.50140,-0.43385,0.43718,0.40698,0.25921,-0.05958,
2461215261233,1.32954,0.93586,-0.06284,0.60523,0.48554,-0.45696,0.43489,0.34207,0.23861,-0.03620,
2461315360238,1.36480,0.96108,-0.06432,0.60296,0.47078,-0.47590,0.43397,0.33169,0.24393,-0.04185,
2461415309238,1.39695,0.99302,-0.06289,0.60673,0.45962,-0.48811,0.42705,0.29480,0.32049,-0.01120,
2461515258266,1.42355,1.03231,-0.06183,0.60508,0.45082,-0.49758,0.42785,0.26604,0.40591,-0.00464,
2461615207233,1.44478,1.07534,-0.05895,0.59943,0.44360,-0.50361,0.43621,0.20603,0.42104,0.05843,
2461715306266,1.46233,1.11568,-0.05251,0.59040,0.43838,-0.50597,0.45082,0.15194,0.45604,0.08663,
2461815255233,1.47227,1.15866,-0.04399,0.57373,0.43502,-0.50584,0.47509,0.02967,0.41240,0.10868,
2461915204233,1.47209,1.19535,-0.03654,0.54216,0.43500,-0.50302,0.51362,-0.04990,0.31897,0.08540,
2462015303233,1.46853,1.22135,-0.03312,0.51344,0.44567,-0.49141,0.54432,-0.10859,0.17883,0.05770,
2462115252204,1.45595,1.23453,-0.03060,0.48910,0.46527,-0.47180,0.56719,-0.15451,0.11792,0.04652,
2462215201233,1.43983,1.24654,-0.03187,0.46107,0.48955,-0.44695,0.58991,-0.18183,0.11717,0.00891,
2462315150266,1.41755,1.25237,-0.03731,0.43324,0.51616,-0.41815,0.60913,-0.20662,0.10532,-0.08047,
2462415249242,1.39772,1.25984,-0.05143,0.40401,0.54344,-0.38512,0.62700,-0.18961,0.11474,-0.15623,
2462515198233,1.37778,1.26437,-0.06309,0.37130,0.56861,-0.34962,0.64543,-0.18724,0.07878,-0.15844,
2462615147237,1.35766,1.27069,-0.07327,0.34275,0.59079,-0.31226,0.66030,-0.17807,0.02168,-0.18805,
2462715246266,1.33714,1.27764,-0.08621,0.31157,0.60954,-0.27704,0.67427,-0.20801,-0.03161,-0.22193,
2462815195233,1.31060,1.27509,-0.09887,0.28282,0.62555,-0.24301,0.68531,-0.25113,-0.08117,-0.20899,
2462915144233,1.28199,1.26839,-0.10496,0.25609,0.63948,-0.20853,0.69426,-0.27782,-0.11755,-0.18336,
2463015093266,1.25241,1.24813,-0.10926,0.22554,0.64981,-0.17524,0.70439,-0.29137,-0.22563,-0.17477,
2463115192214,1.21538,1.22697,-0.11353,0.19158,0.65720,-0.14462,0.71447,-0.35580,-0.26436,-0.15717,
2463215141204,1.18231,1.20589,-0.11303,0.16692,0.66335,-0.11151,0.72088,-0.39830,-0.24822,-0.14400,
2463315090233,1.14776,1.18636,-0.11012,0.15324,0.66648,-0.08014,0.72519,-0.43727,-0.30095,-0.08558,
2463415189247,1.10900,1.16199,-0.09973,0.13542,0.66680,-0.05633,0.73066,-0.41073,-0.28067,-0.03104,
2463515138237,1.06822,1.13837,-0.08948,0.10092,0.66614,-0.03933,0.73792,-0.40863,-0.26577,0.00407,
2463615087266,1.02809,1.12249,-0.07987,0.06235,0.66572,-0.02671,0.74311,-0.39949,-0.22411,0.03610,
2463715036218,0.99069,1.10709,-0.07538,0.05614,0.66488,-0.01302,0.74472,-0.34853,-0.18018,0.00061,
2463815135213,0.95581,1.10177,-0.07209,0.07507,0.66308,0.00074,0.74478,-0.26977,-0.05804,0.00989,
2463915084271,0.92765,1.10496,-0.06677,0.10421,0.65972,0.01146,0.74416,-0.22499,0.05334,0.03998,
2464015033961,0.90519,1.11496,-0.06682,0.09870,0.66060,0.00845,0.74417,-0.20092,0.15139,0.00688,
2464115132390,0.88838,1.14512,-0.07061,0.08509,0.66304,-0.00365,0.74372,-0.14187,0.31977,-0.02577,
2464215081266,0.87203,1.18036,-0.07317,0.11648,0.66306,-0.01111,0.73937,-0.14949,0.42208,-0.01608,
2464315030237,0.85422,1.22950,-0.07557,0.11084,0.66546,-0.02611,0.73769,-0.17533,0.53070,-0.03022,
2464415129266,0.82989,1.28882,-0.07811,0.11842,0.66677,-0.03298,0.73505,-0.22186,0.66518,-0.01469,
2464515078232,0.79709,1.36078,-0.07381,0.12519,0.66518,-0.03199,0.73541,-0.25474,0.74866,0.09936,
2464615027266,0.76696,1.43732,-0.06493,0.09640,0.66395,-0.03317,0.74080,-0.29361,0.71984,0.08285,
2464714976266,0.72901,1.51145,-0.05837,0.05357,0.66343,-0.03589,0.74545,-0.33957,0.61822,0.08645,
2464815075232,0.69002,1.56495,-0.05259,0.01308,0.66153,-0.04324,0.74856,-0.37373,0.32926,0.08358,
2464915024237,0.64982,1.58730,-0.04915,0.02293,0.66052,-0.04643,0.74902,-0.43333,0.13257,0.00353,
2465014973232,0.60796,1.59038,-0.05341,0.02578,0.66323,-0.04139,0.74682,-0.42605,-0.04313,-0.05949,
2465115072242,0.56393,1.57809,-0.06205,0.02278,0.66685,-0.02556,0.74440,-0.46473,-0.17805,-0.04045,
2465215021266,0.51487,1.55295,-0.06867,0.00725,0.66970,-0.00228,0.74259,-0.51397,-0.32597,-0.03340,
2465314970266,0.46177,1.51642,-0.07548,-0.01911,0.67187,0.02362,0.74005,-0.53671,-0.42875,-0.04286,
2465414919232,0.41169,1.46779,-0.07987,-0.03499,0.67150,0.05071,0.73844,-0.49445,-0.52804,-0.02702,
2465515018266,0.36585,1.40809,-0.08306,-0.03704,0.66877,0.07758,0.73848,-0.49485,-0.62706,-0.02644,
2465614967266,0.32205,1.34471,-0.08615,-0.03129,0.66440,0.10585,0.73918,-0.48096,-0.57782,-0.04647,
2465714916266,0.27863,1.29369,-0.08622,-0.04662,0.66032,0.13243,0.73774,-0.43836,-0.42341,0.00684,
2465815015232,0.23436,1.26259,-0.08369,-0.06800,0.65473,0.15703,0.73624,-0.44033,-0.14453,0.02393,
2465914964232,0.18785,1.26534,-0.08392,-0.07035,0.64525,0.18455,0.73800,-0.46410,0.11403,0.01883,
2466014913232,0.13679,1.28516,-0.08414,-0.09559,0.64258,0.19698,0.73427,-0.53320,0.23561,0.05319,
2466114862266,0.07794,1.32147,-0.08090,-0.12476,0.64211,0.20073,0.72927,-0.62872,0.35641,0.07159,
2466214961265,0.01440,1.36595,-0.07683,-0.14254,0.64088,0.20056,0.72714,-0.70796,0.43563,0.08189,
2466314910232,-0.05225,1.40864,-0.07097,-0.17028,0.64106,0.19581,0.72229,-0.75142,0.41556,0.11761,
2466414859232,-0.13299,1.44946,-0.05565,-0.20336,0.63836,0.19044,0.71755,-0.76632,0.38327,0.17791,
2466514958265,-0.20451,1.47834,-0.03765,-0.22999,0.63460,0.18182,0.71507,-0.74631,0.20400,0.15238,
2466614907265,-0.26642,1.48976,-0.02522,-0.24320,0.63297,0.16988,0.71509,-0.64854,-0.01028,0.13804,
2466714856265,-0.31354,1.48054,-0.01634,-0.25976,0.63375,0.14954,0.71311,-0.52279,-0.24635,0.09235,
2466814805232,-0.35774,1.44268,-0.01318,-0.25889,0.63802,0.12337,0.71462,-0.41730,-0.42370,-0.02958,
2466914904265,-0.40286,1.39473,-0.02410,-0.28274,0.64518,0.09287,0.70369,-0.33511,-0.50333,-0.17342,
2467014853237,-0.43663,1.34841,-0.04744,-0.27512,0.65571,0.07579,0.69901,-0.23880,-0.46187,-0.27009,
2467114802237,-0.46301,1.30116,-0.07254,-0.25259,0.66686,0.06812,0.69775,-0.18461,-0.47821,-0.21657,
2467214901265,-0.48134,1.25224,-0.08877,-0.21880,0.67540,0.06756,0.70099,-0.11652,-0.48951,-0.09545,
2467314850265,-0.48793,1.20646,-0.09095,-0.16955,0.67884,0.07515,0.71048,-0.05616,-0.46726,0.05185,
2467414799265,-0.50042,1.15526,-0.08611,-0.16221,0.67785,0.07934,0.71268,-0.15693,-0.50292,0.09109,
2467514748237,-0.52615,1.10663,-0.08646,-0.15678,0.67475,0.09469,0.71496,-0.30597,-0.44216,0.06503,
2467614847237,-0.55902,1.06174,-0.07755,-0.17236,0.66907,0.11716,0.71338,-0.37507,-0.47389,0.11727,
2467714796232,-0.59747,1.01788,-0.07215,-0.17475,0.66025,0.14843,0.71519,-0.42245,-0.42861,0.05059,
2467814745270,-0.63748,0.97806,-0.06964,-0.17255,0.64883,0.18488,0.71768,-0.39452,-0.43999,0.03862,
2467914844265,-0.67599,0.93274,-0.06561,-0.19053,0.63753,0.21517,0.71482,-0.41789,-0.45937,0.03307,
2468014793203,-0.72237,0.88745,-0.06439,-0.20970,0.62382,0.24726,0.71115,-0.54996,-0.39687,0.01429,
2468114742265,-0.78101,0.85460,-0.06716,-0.24447,0.60750,0.28328,0.70066,-0.65039,-0.27104,-0.03048,
2468214691232,-0.84333,0.83428,-0.06567,-0.26908,0.58574,0.31903,0.69479,-0.66784,-0.12410,0.06079,
2468314790270,-0.90387,0.82400,-0.05802,-0.24418,0.56183,0.34537,0.71094,-0.59266,-0.08245,0.03600,
2468414739265,-0.95366,0.81988,-0.05881,-0.23825,0.56110,0.34538,0.71352,-0.50053,-0.02862,-0.06480,
2468514688265,-1.00343,0.81687,-0.05987,-0.22785,0.57446,0.32808,0.71445,-0.46326,-0.01598,0.04464,
2468614787237,-1.05437,0.80815,-0.05372,-0.18584,0.58672,0.30102,0.72843,-0.48284,-0.06780,0.06411,
2468714736232,-1.10791,0.79181,-0.04357,-0.15776,0.60243,0.26600,0.73582,-0.50451,-0.19624,0.09170,
2468814685232,-1.16252,0.76935,-0.03264,-0.14594,0.61748,0.22862,0.73835,-0.48144,-0.23428,0.09812,
2468914635294,-1.21976,0.73987,-0.02386,-0.15766,0.63132,0.19084,0.73496,-0.48142,-0.30355,0.05047,
2469014732605,-1.26420,0.71184,-0.02183,-0.18248,0.64029,0.16172,0.72841,-0.32555,-0.24651,0.02138,
2469114662794,-1.29044,0.68611,-0.02427,-0.19175,0.64202,0.15274,0.72644,-0.17760,-0.28039,-0.01632,
2469214593303,-1.30817,0.65767,-0.02865,-0.23542,0.64176,0.15844,0.71247,-0.13985,-0.26752,-0.04302,
2469314673814,-1.32167,0.62826,-0.03590,-0.24539,0.63681,0.18556,0.70698,-0.07979,-0.29163,-0.06441,
2469414604323,-1.31510,0.60412,-0.04238,-0.26994,0.62999,0.21358,0.69615,0.05617,-0.32597,-0.05229,
2469514534775,-1.30126,0.58086,-0.05112,-0.30347,0.62243,0.23930,0.68060,0.09995,-0.32463,-0.13328,
2469614465342,-1.28529,0.55236,-0.06047,-0.34345,0.61358,0.26272,0.66071,0.10194,-0.29103,-0.11812,
2469714545795,-1.27162,0.52456,-0.06590,-0.36611,0.59876,0.29347,0.64909,0.08830,-0.25474,-0.08763,
2469814476304,-1.26664,0.49744,-0.06983,-0.39671,0.57995,0.32820,0.63132,0.06669,-0.16851,-0.16741,
2469914406780,-1.26518,0.47786,-0.07733,-0.43043,0.55848,0.36458,0.60821,0.05212,-0.11552,-0.16808,
2470014487870,-1.26176,0.46221,-0.07859,-0.45918,0.53396,0.39993,0.58660,0.04962,-0.05454,-0.12366,
2470114437203,-1.26350,0.45875,-0.07759,-0.48855,0.50621,0.43322,0.56338,-0.00464,0.02713,-0.10435,
2470214386236,-1.26072,0.46932,-0.07981,0.53137,-0.48250,-0.46030,-0.52246,0.05135,0.11065,-0.14717,
2470314335293,-1.25357,0.47859,-0.08737,0.55170,-0.46042,-0.48589,-0.49755,0.20278,0.12463,-0.12769,
2470414434708,-1.22749,0.48400,-0.08387,0.55222,-0.43711,-0.50805,-0.49585,0.29080,0.11383,-0.07602,
2470514383265,-1.19644,0.49270,-0.08515,0.56653,-0.41628,-0.52629,-0.47830,0.40074,0.12414,-0.04175,
2470614332203,-1.15610,0.50999,-0.08472,0.57900,-0.39403,-0.54322,-0.46304,0.47396,0.18368,-0.07209,
2470714431489,-1.11178,0.53406,-0.08711,0.59179,-0.37354,-0.55734,-0.44680,0.54394,0.25818,-0.06224,
2470814380265,-1.05813,0.56514,-0.09247,0.60118,-0.35643,-0.56761,-0.43515,0.57244,0.28939,-0.06434,
2470914329265,-0.99732,0.59552,-0.08726,0.60293,-0.34417,-0.57321,-0.43526,0.61606,0.32735,-0.02577,
2471014278208,-0.94599,0.61739,-0.08087,0.60038,-0.33384,-0.57689,-0.44191,0.45825,0.22081,0.03423,
2471114377265,-0.90143,0.63838,-0.07264,0.58486,-0.32056,-0.57943,-0.46844,0.31411,0.21405,0.06297,
2471214326236,-0.87351,0.66160,-0.06555,0.59164,-0.32378,-0.57645,-0.46134,0.10838,0.23208,0.08004,
2471314275265,-0.86079,0.68691,-0.06241,0.58862,-0.33405,-0.56974,-0.46620,-0.03250,0.25538,0.02919,
2471414374231,-0.86396,0.71222,-0.06482,0.58674,-0.35606,-0.55885,-0.46545,-0.11011,0.28298,0.01446,
2471514323236,-0.87477,0.74532,-0.06844,0.56478,-0.37874,-0.54480,-0.49068,-0.15295,0.34617,-0.00404,
2471614272231,-0.88880,0.78398,-0.07345,0.53956,-0.40585,-0.52835,-0.51479,-0.13626,0.44515,-0.08335,
2471714221231,-0.90170,0.82984,-0.07900,0.51420,-0.43519,-0.50982,-0.53506,-0.09262,0.48477,-0.05895,
2471814320265,-0.91498,0.87929,-0.08414,-0.48543,0.45962,0.49164,0.55803,-0.12637,0.49641,-0.03575,
2471914269265,-0.92261,0.93605,-0.08539,-0.47484,0.48254,0.47188,0.56481,-0.10383,0.57966,0.00259,
2472014218236,-0.92626,0.99263,-0.08636,-0.47083,0.50233,0.45133,0.56770,-0.04804,0.53630,0.02221,
2472114317265,-0.92054,1.03519,-0.08130,-0.47896,0.52022,0.42885,0.56218,0.08478,0.40133,0.12849,
2472214266265,-0.90054,1.06131,-0.07187,-0.48833,0.53257,0.40846,0.55773,0.24342,0.21411,0.09868,
2472314215265,-0.86709,1.07540,-0.07154,0.50158,-0.53958,-0.39653,-0.54775,0.36457,0.06782,0.00081,
2472414164236,-0.82326,1.06888,-0.07285,0.50657,-0.53996,-0.39766,-0.54194,0.38579,-0.11725,0.01098,
2472514263241,-0.78027,1.04652,-0.07407,-0.49866,0.53170,0.41031,0.54798,0.36570,-0.29386,0.05665,
2472614212231,-0.74850,1.00698,-0.06862,0.50612,-0.51925,-0.42312,-0.54331,0.23092,-0.45962,0.07091,
2472714161236,-0.73272,0.95077,-0.05574,0.50682,-0.50067,-0.43792,-0.54836,0.13345,-0.53797,0.16726,
2472814260265,-0.72746,0.88724,-0.03192,0.51143,-0.47958,-0.44940,-0.55361,0.09140,-0.50758,0.22420,
2472914209236,-0.72416,0.83440,-0.01102,0.52898,-0.46075,-0.45751,-0.54642,0.03403,-0.44713,0.18721,
2473014158207,-0.72247,0.79247,0.00693,0.55447,-0.44519,-0.46459,-0.52775,0.04025,-0.35674,0.15945,
2473114107231,-0.72005,0.76291,0.00994,0.58332,-0.43657,-0.47084,-0.49744,0.01164,-0.23264,-0.02717,
2473214206231,-0.72064,0.74506,-0.01432,0.57742,-0.43206,-0.48681,-0.49288,-0.01672,-0.08816,-0.35879,
2473314155264,-0.71799,0.73982,-0.05756,0.58821,-0.44053,-0.49946,-0.45878,0.03506,-0.04178,-0.35591,
2473414104264,-0.72024,0.73609,-0.09316,0.58866,-0.44781,-0.51029,-0.43880,-0.15992,-0.10871,-0.25852,
2473514203207,-0.74034,0.71862,-0.11399,0.55044,-0.43722,-0.52874,-0.47570,-0.23768,-0.20857,-0.15073,
2473614152202,-0.76479,0.69169,-0.12361,0.53406,-0.42727,-0.54079,-0.48965,-0.17806,-0.33546,-0.01892,
2473714101231,-0.78888,0.65291,-0.11902,0.54279,-0.42020,-0.54596,-0.48035,-0.21029,-0.48229,0.16315,
2473814202460,-0.81558,0.60379,-0.09755,0.55202,-0.40772,-0.54821,-0.47803,-0.24636,-0.56199,0.27407,
2473914149236,-0.84706,0.55235,-0.07361,0.55156,-0.38975,-0.54972,-0.49160,-0.30988,-0.57385,0.30847,
2474014098207,-0.88158,0.49838,-0.05015,0.55328,-0.37444,-0.54740,-0.50402,-0.36341,-0.51868,0.29409,
2474114047264,-0.91734,0.44441,-0.02043,0.55080,-0.36386,-0.54060,-0.52152,-0.32641,-0.49695,0.32639,
2474214146264,-0.94925,0.39460,0.00733,0.57033,-0.36737,-0.52912,-0.50970,-0.36304,-0.44262,0.29054,
2474314095231,-0.98691,0.35313,0.02502,0.57000,-0.36645,-0.51992,-0.52009,-0.41646,-0.34445,0.15541,
2474414044264,-1.02216,0.32246,0.03326,0.52372,-0.35846,-0.51482,-0.57636,-0.30163,-0.28150,0.01067,
2474514143240,-1.04257,0.29717,0.02705,-0.45942,0.35657,0.50991,0.63386,-0.14503,-0.25207,-0.17573,
2474614092264,-1.04935,0.26931,0.00622,-0.41828,0.37012,0.50828,0.65552,0.00343,-0.30126,-0.24385,
2474714041264,-1.04553,0.23147,-0.01604,-0.37566,0.38638,0.50518,0.67407,0.07832,-0.39226,-0.19119,
2474813990264,-1.02989,0.19164,-0.03607,-0.36702,0.41114,0.50136,0.66701,0.21470,-0.52584,-0.03797,
2474914089269,-1.01255,0.13938,-0.04912,-0.45219,0.45977,0.48831,0.58795,0.15422,-0.58437,-0.00239,
2475014038202,-1.00714,0.07997,-0.06462,0.54406,-0.49185,-0.46937,-0.49170,0.02622,-0.63936,-0.03669,
2475113987231,-1.00746,0.01468,-0.07953,0.65008,-0.51115,-0.43740,-0.35327,0.01914,-0.64302,-0.06908,
2475214086236,-1.00959,-0.05236,-0.09103,0.74114,-0.51131,-0.39158,-0.18959,-0.08406,-0.66078,-0.02590,
2475314035236,-1.02799,-0.12083,-0.08990,0.74439,-0.50076,-0.40375,-0.17919,-0.19866,-0.70734,0.14010,
2475413984202,-1.04196,-0.18872,-0.07905,0.70181,-0.48533,-0.44732,-0.26799,-0.09318,-0.70792,0.16198,
2475513933264,-1.05413,-0.25396,-0.06506,0.61237,-0.45458,-0.49640,-0.41466,-0.06211,-0.66228,0.08870,
2475614032264,-1.05854,-0.30586,-0.05434,0.52833,-0.41359,-0.52457,-0.52405,0.05309,-0.55548,0.05436,
2475713981236,-1.04981,-0.36040,-0.04698,-0.45124,0.36860,0.53825,0.60894,0.09368,-0.52636,0.00091,
2475813930264,-1.03429,-0.41079,-0.04371,-0.38967,0.32386,0.54433,0.66856,0.17139,-0.55379,0.00582,
2475914029235,-1.01569,-0.47731,-0.04563,-0.43799,0.32095,0.55815,0.62739,0.31413,-0.66278,0.09688,
2476013978216,-0.97634,-0.53634,-0.03710,0.58994,-0.36191,-0.56438,-0.44996,0.44577,-0.55703,0.12626,
2476113927202,-0.94315,-0.58992,-0.03410,0.65137,-0.36644,-0.56161,-0.35501,0.35830,-0.51641,0.12714,
2476213876231,-0.90684,-0.62214,-0.03134,0.67917,-0.36030,-0.56169,-0.30564,0.47214,-0.40492,0.06308,
2476313975264,-0.86230,-0.65074,-0.03698,0.72620,-0.36175,-0.55253,-0.19100,0.44905,-0.30620,0.01199,
2476413924207,-0.82751,-0.70183,-0.03708,0.71408,-0.33608,-0.57349,-0.21966,0.32206,-0.31139,0.05862,
2476513873207,-0.78716,-0.73854,-0.04128,0.68907,-0.30059,-0.59648,-0.28116,0.43767,-0.21273,-0.04190,
2476613972264,-0.73621,-0.76590,-0.04816,0.68294,-0.26843,-0.61304,-0.29279,0.42303,-0.21364,-0.05804,
2476713921264,-0.68834,-0.78440,-0.05700,0.68730,-0.23266,-0.62750,-0.28235,0.42565,-0.19267,-0.09525,
2476813870264,-0.64717,-0.80659,-0.06689,0.68725,-0.18772,-0.64101,-0.28559,0.38861,-0.27777,-0.12317,
2476913819240,-0.59720,-0.84122,-0.07315,0.67924,-0.13278,-0.64824,-0.31749,0.38742,-0.33164,-0.08349,
2477013918207,-0.56108,-0.87664,-0.07198,0.66447,-0.07000,-0.64204,-0.37600,0.30381,-0.35938,-0.01027,
2477113867235,-0.52746,-0.91752,-0.06215,0.66522,-0.02670,-0.63190,-0.39682,0.27478,-0.38248,0.09753,
2477213816269,-0.50014,-0.96415,-0.05132,0.68601,-0.01503,-0.63553,-0.35393,0.22530,-0.48247,0.04214,
2477313915573,-0.46994,-1.02253,-0.05177,0.68624,-0.00794,-0.63269,-0.35877,0.25160,-0.57882,0.01178,
2477413864264,-0.44352,-1.07543,-0.04863,0.68765,-0.02242,-0.63740,-0.34693,0.35071,-0.52809,0.07700,
2477513813250,-0.40062,-1.13195,-0.04481,0.69519,-0.05163,-0.64495,-0.31319,0.49174,-0.53072,0.07600,
2477613762230,-0.34466,-1.18076,-0.04230,0.70547,-0.08093,-0.64960,-0.27162,0.60035,-0.48846,0.06639,
2477713861230,-0.27580,-1.22080,-0.04039,0.72956,-0.11269,-0.65276,-0.17011,0.76573,-0.23967,0.10856,
2477813810230,-0.19283,-1.24861,-0.03392,0.75475,-0.15257,-0.63457,0.06629,0.74020,-0.20560,0.12391,
2477913759235,-0.12907,-1.26760,-0.02282,0.75579,-0.14325,-0.62889,0.11295,0.69342,-0.10993,0.13817,
2478013858230,-0.05866,-1.27216,-0.01666,0.75328,-0.13401,-0.62518,0.15414,0.69989,0.10021,0.04393,
2478113807302,-0.00080,-1.24971,-0.02054,0.74381,-0.12694,-0.61920,0.21733,0.69121,0.16348,0.01633,
2478213756264,0.05680,-1.22604,-0.02516,0.73950,-0.10534,-0.62616,0.22354,0.60130,0.22839,-0.00173,
2478313705230,0.10166,-1.20267,-0.02357,0.74550,-0.06557,-0.64290,0.16313,0.53393,0.15949,-0.00010,
2478413804264,0.13717,-1.17531,-0.02663,0.75098,-0.01488,-0.65452,0.08609,0.45773,0.24503,-0.08822,
2478513753264,0.18464,-1.14954,-0.03258,0.75076,0.03095,-0.65638,0.06751,0.41622,0.25461,-0.09543,
2478613702202,0.23828,-1.12447,-0.04022,0.75406,0.08342,-0.65071,0.03181,0.45529,0.23277,-0.12240,
2478713801235,0.28861,-1.10147,-0.04984,0.75893,0.13679,-0.63664,-0.00175,0.43192,0.18015,-0.14271,
2478813750235,0.33189,-1.08763,-0.05453,0.76888,0.19440,-0.60625,-0.05908,0.34959,0.13261,-0.05442,
2478913699230,0.36265,-1.07640,-0.05062,0.77776,0.23684,-0.57818,-0.06856,0.32341,0.19107,-0.01942,
2479013648230,0.39658,-1.04893,-0.04824,0.77319,0.26005,-0.57789,0.02429,0.30996,0.37285,0.01067,
2479113747264,0.42257,-1.01082,-0.04703,0.72801,0.26433,-0.59749,0.20771,0.16103,0.46222,-0.00012,
2479213696268,0.44136,-0.97233,-0.05184,0.67459,0.26877,-0.60135,0.33328,0.21647,0.43077,-0.04732,
2479313645264,0.47147,-0.93341,-0.05446,0.63852,0.28314,-0.59504,0.39756,0.32088,0.39614,-0.03522,
2479413744264,0.50624,-0.89770,-0.05206,0.63112,0.30789,-0.58173,0.41046,0.40106,0.41045,0.00845,
2479513693264,0.54294,-0.85774,-0.04752,0.64855,0.33619,-0.56326,0.38614,0.42001,0.44454,0.04672,
2479613642263,0.57062,-0.82235,-0.03257,0.66804,0.35903,-0.54426,0.35860,0.34834,0.40585,0.09809,
2479713591230,0.59955,-0.79430,-0.02702,0.67435,0.37066,-0.53172,0.35376,0.38963,0.24611,0.02639,
2479813690263,0.64009,-0.77367,-0.02575,0.68027,0.37825,-0.52435,0.34528,0.47517,0.18705,0.02172,
2479913639235,0.68642,-0.75782,-0.02351,0.66485,0.37429,-0.52990,0.37025,0.47056,0.16237,0.08137,
2480013588263,0.73316,-0.74678,-0.01690,0.66557,0.36556,-0.53372,0.37218,0.52280,0.15784,0.12766,
2480113687263,0.78512,-0.72708,-0.00755,0.65925,0.35277,-0.54117,0.38480,0.43783,0.26259,0.09335,
2480213636230,0.82648,-0.69738,0.00007,0.63887,0.33520,-0.55070,0.41978,0.35685,0.33563,0.06529,
2480313585263,0.85747,-0.65926,0.00469,0.60002,0.31651,-0.55865,0.47719,0.18476,0.41137,-0.00276,
2480413534263,0.87112,-0.61392,0.00047,0.53071,0.29478,-0.56173,0.56207,0.13355,0.44586,-0.05632,
2480513633235,0.88716,-0.56746,-0.00869,0.53631,0.31086,-0.55955,0.55013,0.12551,0.47474,-0.10408,
2480613582235,0.89668,-0.51940,-0.02270,0.50687,0.33231,-0.55168,0.57299,0.08075,0.48002,-0.11702,
2480713531235,0.90298,-0.47473,-0.03370,0.51223,0.37216,-0.53524,0.55915,0.03374,0.43706,-0.05828,
2480813630263,0.90646,-0.43041,-0.03970,0.50194,0.41100,-0.51120,0.56375,0.02204,0.44127,-0.13538,
2480913579230,0.91270,-0.39076,-0.05423,0.50531,0.45240,-0.47916,0.55714,0.03118,0.41813,-0.17630,
2481013528230,0.91389,-0.34744,-0.06667,0.50449,0.48540,-0.44628,0.55741,0.01876,0.46730,-0.16217,
2481113477263,0.91951,-0.29808,-0.07043,0.53270,0.51406,-0.40714,0.53498,0.05366,0.44872,-0.12861,
2481213576278,0.91632,-0.25979,-0.06651,0.56962,0.53182,-0.37164,0.50456,-0.05010,0.42781,-0.11366,
2481313525263,0.91383,-0.22291,-0.06862,0.59449,0.54104,-0.34938,0.48144,0.03855,0.43315,-0.10931,
2481413474235,0.91439,-0.17767,-0.07155,0.61767,0.54361,-0.33847,0.45652,0.06947,0.43843,-0.04935,
2481513573230,0.92360,-0.14261,-0.07306,0.64641,0.53958,-0.33425,0.42342,0.16036,0.43913,0.01593,
2481613522263,0.94095,-0.09034,-0.06981,0.66775,0.53132,-0.33724,0.39760,0.22422,0.44305,0.10960,
2481713471201,0.95863,-0.04409,-0.06069,0.66332,0.51911,-0.35844,0.40257,0.17363,0.44736,0.16586,
2481813420320,0.97287,0.01126,-0.05632,0.63860,0.50458,-0.39207,0.42879,0.17424,0.48005,0.05922,
2481913519235,0.98600,0.06301,-0.06266,0.62402,0.48754,-0.42348,0.43996,0.15659,0.35942,-0.01805,
2482013468263,0.99587,0.10201,-0.06806,0.62135,0.46821,-0.45136,0.43702,0.03822,0.31343,-0.00692,
2482113417263,1.00179,0.13416,-0.06657,0.60535,0.44617,-0.47968,0.45209,0.07984,0.34934,-0.01164,
2482213516263,1.01325,0.18147,-0.06515,0.60102,0.43029,-0.49451,0.45726,0.14929,0.42760,0.02203,
2482313465230,1.02867,0.23374,-0.05297,0.61584,0.42313,-0.49622,0.44212,0.21711,0.44531,0.06974,
2482413414201,1.04638,0.28589,-0.04898,0.66099,0.42263,-0.48904,0.38120,0.09928,0.42375,-0.02892,
2482513363206,1.04809,0.31599,-0.05015,0.68766,0.41575,-0.49134,0.33595,-0.00593,0.35583,0.02597,
2482613462234,1.05419,0.34510,-0.05032,0.70593,0.40899,-0.49376,0.30097,0.08046,0.29963,0.00350,
2482713411263,1.05718,0.37287,-0.05898,0.70296,0.40550,-0.50257,0.29805,0.08707,0.34979,-0.13717,
2482813360234,1.06519,0.40348,-0.08299,0.67711,0.40568,-0.52132,0.32431,0.05934,0.33759,-0.26462,
2482913459234,1.07288,0.43629,-0.10949,0.64383,0.40510,-0.54215,0.35700,0.09894,0.30239,-0.22914,
2483013408234,1.08755,0.47167,-0.12724,0.63247,0.40842,-0.54945,0.36233,0.16046,0.31767,-0.02878,
2483113357234,1.10393,0.51356,-0.12302,0.62979,0.40686,-0.54958,0.36849,0.15148,0.38894,0.22495,
2483213456234,1.12087,0.55990,-0.09793,0.65526,0.40643,-0.53585,0.34396,0.23595,0.43858,0.34391,
2483313405234,1.14595,0.61087,-0.06263,0.69756,0.40657,-0.51111,0.29474,0.26328,0.42672,0.37491,
2483413354230,1.16975,0.65693,-0.02973,0.73017,0.40329,-0.48873,0.25564,0.22103,0.39753,0.29303,
2483513303263,1.19019,0.69709,-0.00822,0.74546,0.39820,-0.47872,0.23780,0.16804,0.38117,0.16600,
2483613402239,1.20622,0.73648,0.00104,0.74048,0.39349,-0.48215,0.25375,0.14431,0.34516,0.12450,
2483713351268,1.22042,0.77014,0.00778,0.72439,0.39120,-0.48809,0.28979,0.19836,0.30382,0.11628,
2483813300201,1.23506,0.79210,0.00643,0.71419,0.39211,-0.48831,0.31263,0.19557,0.13406,0.03812,
2483913399249,1.25173,0.80434,0.00658,0.73068,0.39466,-0.47899,0.28445,0.11637,0.07891,0.00364,
2484013347997,1.25446,0.80814,0.00073,0.75849,0.39450,-0.46832,0.22301,0.04045,0.04320,-0.11310,
2484113279462,1.24088,0.80945,-0.01703,0.79965,0.39021,-0.44612,0.09631,-0.17923,0.09401,-0.17744,
2484213211171,1.21098,0.82640,-0.03182,0.81154,0.37765,-0.44578,0.00803,-0.31933,0.22510,-0.14356,
2484313292825,1.18119,0.85758,-0.04380,0.80719,0.36409,-0.46365,-0.03016,-0.26014,0.35723,-0.06404,
2484413224562,1.16392,0.89912,-0.05542,0.79954,0.35341,-0.48383,-0.04186,-0.15724,0.46587,-0.04294,
2484513156271,1.15028,0.95370,-0.06565,0.78240,0.34100,-0.52108,0.00664,-0.12142,0.56639,-0.04536,
2484613237926,1.13277,1.01236,-0.08333,0.77315,0.33084,-0.54086,0.01604,-0.11377,0.60547,-0.08376,
2484713169630,1.11350,1.07153,-0.09174,0.76543,0.32224,-0.55634,0.02771,-0.12174,0.67280,-0.01102,
2484813101372,1.09591,1.14102,-0.09639,0.74120,0.31261,-0.58312,0.11346,-0.07436,0.68142,-0.04017,
2484913033062,1.08729,1.20518,-0.10180,0.72507,0.31825,-0.58892,0.16177,-0.03951,0.66559,-0.03649,
2485013114950,1.07333,1.27565,-0.11004,0.70198,0.32872,-0.59154,0.22192,-0.11210,0.58429,-0.07064,
2485113064263,1.05960,1.32680,-0.11079,0.68286,0.34248,-0.58662,0.26886,-0.18239,0.47308,0.00727,
2485213013263,1.03094,1.36638,-0.11379,0.67539,0.35908,-0.57580,0.28871,-0.22292,0.39059,-0.02341,
2485313112234,1.00897,1.39027,-0.11458,0.68058,0.37877,-0.56007,0.28225,-0.25467,0.30247,-0.06396,
2485413061229,0.97878,1.41316,-0.11445,0.68063,0.39218,-0.54893,0.28567,-0.30817,0.23070,-0.01521,
2485513010234,0.93677,1.43006,-0.11339,0.67674,0.39770,-0.54445,0.29569,-0.36036,0.11283,-0.00180,
2485612959263,0.89877,1.44013,-0.10461,0.68358,0.39453,-0.54373,0.28534,-0.43406,-0.01844,0.06685,
2485713058263,0.84995,1.44145,-0.09639,0.69646,0.37730,-0.55225,0.26000,-0.46891,-0.02930,0.04781,
2485813007234,0.80809,1.43723,-0.09357,0.71480,0.35303,-0.56467,0.21349,-0.37940,-0.11575,0.04417,
2485912956229,0.76679,1.41586,-0.08711,0.72611,0.32392,-0.58069,0.17504,-0.26585,-0.21378,0.06116,
2486013055263,0.73892,1.38128,-0.08158,0.73063,0.29354,-0.59737,0.15218,-0.20335,-0.31926,0.04074,
2486113004234,0.71595,1.34081,-0.07799,0.73584,0.26482,-0.61075,0.12403,-0.24957,-0.38213,0.01568,
2486212953263,0.69268,1.29450,-0.08004,0.73205,0.23044,-0.62916,0.12312,-0.32020,-0.39669,-0.02002,
2486312902234,0.66253,1.26032,-0.08781,0.72655,0.19163,-0.64765,0.12627,-0.41248,-0.41987,-0.05543,
2486413001262,0.62253,1.22759,-0.09581,0.73302,0.16403,-0.65571,0.07627,-0.49449,-0.43803,-0.09164,
2486512950234,0.56736,1.18639,-0.10750,0.73674,0.14313,-0.66053,0.02072,-0.61011,-0.39235,-0.12673,
2486612899234,0.50033,1.15802,-0.11297,0.73383,0.11855,-0.66877,0.01366,-0.66525,-0.30994,-0.06324,
2486712998229,0.43243,1.11958,-0.11348,0.73322,0.10797,-0.67136,-0.00006,-0.63505,-0.27158,-0.01991,
2486812947262,0.37096,1.09641,-0.10712,0.73395,0.10496,-0.67105,-0.00221,-0.58866,-0.11386,0.06457,
2486912896262,0.32715,1.09576,-0.10242,0.73498,0.10783,-0.66945,0.00274,-0.49303,0.02470,0.05121,
2487012845229,0.27716,1.10218,-0.10092,0.73534,0.11870,-0.66702,0.01643,-0.47841,0.10623,0.05538,
2487112944262,0.22425,1.11386,-0.10067,0.73531,0.13629,-0.66307,0.03295,-0.49517,0.15139,0.00494,
2487212893234,0.17318,1.13240,-0.10414,0.73595,0.15818,-0.65701,0.04103,-0.52547,0.19064,-0.04125,
2487312842234,0.11952,1.15186,-0.10675,0.73249,0.17419,-0.65354,0.07749,-0.49912,0.18289,-0.07523,
2487412941262,0.06035,1.16563,-0.11187,0.73385,0.19546,-0.64472,0.08711,-0.48062,0.11927,-0.08689,
2487512890262,0.01749,1.16921,-0.11083,0.73687,0.22039,-0.63234,0.09270,-0.45220,-0.00402,-0.06125,
2487612839262,-0.03078,1.15708,-0.10788,0.73946,0.24576,-0.61838,0.10204,-0.41343,-0.14581,-0.08606,
2487712788262,-0.06401,1.13419,-0.10718,0.73640,0.26965,-0.60720,0.12768,-0.38926,-0.28641,-0.04205,
2487812887229,-0.10241,1.09136,-0.10610,0.72930,0.29242,-0.59777,0.15899,-0.39950,-0.44647,-0.08250,
2487912836229,-0.13810,1.03782,-0.10568,0.73045,0.31478,-0.58485,0.15910,-0.40987,-0.56287,-0.03269,
2488012785238,-0.17439,0.97943,-0.10111,0.72607,0.32720,-0.57755,0.17942,-0.30061,-0.55291,0.06281,
2488112884234,-0.18772,0.93084,-0.09270,0.72305,0.33594,-0.57002,0.19856,-0.04365,-0.45609,0.15555,
2488212833262,-0.18376,0.88887,-0.07554,0.72677,0.34225,-0.56002,0.20263,0.10359,-0.38448,0.20282,
2488312782234,-0.17313,0.85334,-0.05890,0.73276,0.34119,-0.55354,0.20060,0.13686,-0.33804,0.19487,
2488412731262,-0.15804,0.81849,-0.04233,0.73706,0.33216,-0.55367,0.19966,0.15573,-0.35138,0.18155,
2488512830262,-0.14084,0.78468,-0.03068,0.73653,0.31753,-0.55943,0.20913,0.16906,-0.36540,0.17401,
2488612779262,-0.11526,0.75618,-0.01514,0.74443,0.30196,-0.56088,0.20014,0.28035,-0.33953,0.26376,
2488712728262,-0.08885,0.72680,0.00641,0.75907,0.28641,-0.55907,0.17093,0.20923,-0.31037,0.23841,
2488812827229,-0.06534,0.70390,0.02432,0.76161,0.26374,-0.56532,0.17553,0.24460,-0.22743,0.24299,
2488912776229,-0.03362,0.69330,0.03962,0.75872,0.24128,-0.57198,0.19739,0.31311,-0.19063,0.16127,
2489012725262,0.00167,0.67387,0.05125,0.76102,0.22513,-0.57512,0.19850,0.34800,-0.20518,0.09604,
2489112674262,0.03208,0.64211,0.04849,0.75750,0.21331,-0.58171,0.20569,0.30587,-0.31104,-0.05298,
2489212773200,0.06156,0.59440,0.03520,0.75688,0.21041,-0.58776,0.19342,0.31038,-0.49363,-0.08786,
2489312722233,0.08892,0.53995,0.02231,0.75188,0.20969,-0.59464,0.19262,0.29340,-0.54967,-0.11861,
2489412671200,0.11798,0.47660,0.00808,0.74915,0.21052,-0.59923,0.18811,0.28589,-0.56254,-0.07527,
2489512770229,0.14561,0.41198,0.00032,0.74645,0.20658,-0.60477,0.18545,0.24798,-0.57069,-0.03115,
2489612719233,0.16619,0.35306,-0.00626,0.74769,0.19608,-0.61016,0.17382,0.16953,-0.50727,-0.05193,
2489712668205,0.18518,0.30409,-0.00989,0.74650,0.17828,-0.61855,0.16838,0.14601,-0.44257,-0.07840,
2489812617229,0.19560,0.26523,-0.01341,0.74861,0.16056,-0.62607,0.14779,0.05961,-0.37440,-0.06424,
2489912716262,0.20105,0.23410,-0.01644,0.74274,0.13719,-0.63439,0.16453,0.07234,-0.31952,-0.02885,
2490012665262,0.22219,0.21055,-0.01542,0.74067,0.12262,-0.64075,0.16064,0.11781,-0.29885,-0.04786,
2490112614433,0.23297,0.18424,-0.02035,0.74200,0.11577,-0.64295,0.15051,0.14455,-0.28146,-0.00424,
2490212713229,0.24924,0.15726,-0.02930,0.74212,0.12340,-0.64548,0.13184,0.17472,-0.24601,-0.12573,
2490312662229,0.25980,0.13912,-0.04478,0.73669,0.13623,-0.64669,0.14329,0.10459,-0.16193,-0.09214,
2490412611881,0.27031,0.12129,-0.05243,0.73694,0.15168,-0.64746,0.12133,0.09932,-0.18892,-0.11979,
2490512560233,0.27814,0.10434,-0.06133,0.73275,0.14786,-0.65074,0.13322,0.11334,-0.21870,-0.08686,
2490612659262,0.28674,0.08294,-0.06765,0.73090,0.14398,-0.65367,0.13328,0.13141,-0.20103,-0.02638,
2490712608262,0.30094,0.07339,-0.06847,0.72593,0.15063,-0.65204,0.15868,0.13923,-0.02507,0.01036,
2490812557262,0.30994,0.07549,-0.07024,0.71623,0.15370,-0.65145,0.19749,0.12425,-0.00168,-0.03430,
2490912656228,0.31905,0.07517,-0.07649,0.72738,0.15332,-0.64899,0.16194,0.07791,0.00258,-0.09453,
2491012605262,0.31691,0.08786,-0.08351,0.72470,0.14654,-0.64989,0.17600,-0.06668,0.15610,-0.05002,
2491112554262,0.30926,0.10857,-0.08639,0.71497,0.13151,-0.65169,0.21640,-0.02773,0.15599,0.00667,
2491212503262,0.30477,0.12459,-0.08372,0.73892,0.14438,-0.64772,0.11665,-0.09690,0.16688,-0.04978,
2491312602267,0.29584,0.14552,-0.08563,0.70370,0.11341,-0.65882,0.24061,-0.01819,0.12737,-0.00325,
2491412551233,0.30021,0.14257,-0.08591,0.70849,0.11589,-0.65614,0.23257,0.10765,-0.12662,0.01322,
2491512500228,0.30977,0.12775,-0.08310,0.71423,0.12318,-0.65331,0.21881,0.11469,-0.12549,0.05715,
2491612599262,0.31894,0.11785,-0.07964,0.72008,0.13140,-0.65063,0.20225,0.06724,-0.07396,0.02785,
2491712548309,0.30787,0.11380,-0.08427,0.72441,0.13720,-0.65151,0.17871,-0.09891,0.05439,-0.05174,
2491812497262,0.29145,0.12760,-0.08659,0.68531,0.10860,-0.65980,0.28848,-0.11520,0.17900,0.00256,
2491912446233,0.28340,0.12952,-0.08192,0.68343,0.10685,-0.65907,0.29517,-0.00951,-0.00095,0.01838,
2492012545266,0.27973,0.13090,-0.07780,0.68540,0.10476,-0.65757,0.29469,-0.00392,-0.00699,0.02403,
2492112494233,0.28004,0.13010,-0.07898,0.68514,0.10501,-0.65754,0.29530,-0.00523,-0.00249,0.02635,
2492212443228,0.27928,0.13048,-0.07889,0.68529,0.10483,-0.65733,0.29548,-0.00561,0.00288,0.02900,
2492312545752,0.27882,0.13081,-0.07877,0.68531,0.10464,-0.65724,0.29571,-0.00288,0.00263,0.03140,
2492412491262,0.27879,0.13095,-0.07859,0.68533,0.10477,-0.65723,0.29563,-0.00098,0.00409,0.03383,
2492512440233,0.27848,0.13115,-0.07848,0.68531,0.10467,-0.65723,0.29569,0.00001,0.00606,0.03567,
2492612539228,0.27832,0.13158,-0.07826,0.68534,0.10466,-0.65725,0.29558,0.00118,0.00794,0.03824,
2492712488262,0.27883,0.13166,-0.07868,0.68520,0.10485,-0.65733,0.29568,0.00224,0.00755,0.03955,
2492812437228,0.27854,0.13169,-0.07865,0.68524,0.10479,-0.65731,0.29564,0.00255,0.00838,0.04211,
2492912386233,0.27809,0.13190,-0.07846,0.68532,0.10473,-0.65729,0.29553,0.00309,0.00931,0.04477,
2493012485228,0.27769,0.13232,-0.07804,0.68538,0.10470,-0.65721,0.29558,0.00386,0.01076,0.04716,
2493112434228,0.27687,0.13243,-0.07767,0.68528,0.10474,-0.65721,0.29578,0.00334,0.01077,0.04932,
2493212383233,0.27637,0.13244,-0.07743,0.68525,0.10484,-0.65719,0.29587,0.00492,0.01029,0.05159,
2493312482266,0.27644,0.13257,-0.07736,0.68527,0.10486,-0.65718,0.29585,0.00592,0.01097,0.05359,
2493412431261,0.27616,0.13271,-0.07726,0.68518,0.10475,-0.65717,0.29613,0.00627,0.01171,0.05539,
2493512380200,0.27634,0.13248,-0.07730,0.68507,0.10486,-0.65715,0.29639,0.00847,0.00918,0.05815,
