1564088686721205760,0.00000,0.00000,0.00000,0.67318,-0.73879,-0.03205,0.00000,
1564088686769776640,0.00036,-0.00114,0.00092,0.67318,-0.73878,-0.03214,-0.00002,
1564088686817459456,0.00155,0.00197,0.02027,0.67472,-0.73726,-0.03453,0.00373,
1564088686870340096,0.00304,0.00873,0.03561,0.67172,-0.74000,-0.03420,0.00429,
1564088686923762944,0.00597,0.01388,0.04193,0.66997,-0.74160,-0.03398,0.00522,
1564088686967643136,0.00706,0.01691,0.03578,0.67029,-0.74127,-0.03466,0.00547,
1564088687020873472,0.00757,0.01619,0.02746,0.67164,-0.73998,-0.03627,0.00484,
1564088687062590208,0.00923,0.01451,0.02692,0.67180,-0.73982,-0.03633,0.00535,
1564088687125214720,0.00731,0.01285,0.02069,0.67282,-0.73888,-0.03677,0.00463,
1564088687168132352,0.00673,0.01377,0.01944,0.67281,-0.73888,-0.03688,0.00447,
1564088687219981312,0.01132,0.01565,0.01553,0.67288,-0.73884,-0.03604,0.00639,
1564088687267944960,0.01497,0.01915,0.01772,0.67238,-0.73926,-0.03682,0.00698,
1564088687328697088,0.00701,0.02019,0.03724,0.66949,-0.74182,-0.03834,0.00390,
1564088687379945728,0.00764,0.02335,0.04153,0.66868,-0.74256,-0.03805,0.00405,
1564088687427554048,0.00827,0.02155,0.02933,0.67085,-0.74064,-0.03745,0.00429,
1564088687467986432,0.00623,0.01962,0.02072,0.67237,-0.73926,-0.03753,0.00362,
1564088687521806080,0.00571,0.02111,0.03011,0.67080,-0.74066,-0.03794,0.00332,
1564088687567508736,0.00498,0.02081,0.02489,0.67169,-0.73985,-0.03798,0.00299,
1564088687630982912,0.00298,0.01998,0.02000,0.67265,-0.73897,-0.03831,0.00237,
1564088687675510528,0.00469,0.02417,0.02969,0.67069,-0.74073,-0.03855,0.00295,
1564088687719106560,0.00413,0.02248,0.02070,0.67218,-0.73939,-0.03842,0.00281,
1564088687762352128,0.00826,0.02642,0.03041,0.67030,-0.74108,-0.03856,0.00383,
1564088687801963520,0.01011,0.02437,0.01376,0.67291,-0.73873,-0.03819,0.00446,
1564088687851765760,0.00916,0.02455,0.01488,0.67292,-0.73873,-0.03797,0.00431,
1564088687896072192,0.01149,0.02474,0.01569,0.67255,-0.73909,-0.03738,0.00528,
1564088687939972864,0.01222,0.02471,0.01594,0.67251,-0.73911,-0.03756,0.00534,
1564088687988608256,0.00729,0.02125,0.01136,0.67376,-0.73796,-0.03811,0.00366,
1564088688101219072,0.00765,0.02054,0.01284,0.67376,-0.73794,-0.03841,0.00366,
1564088688153312256,0.00320,0.02164,0.02526,0.67158,-0.73991,-0.03879,0.00232,
1564088688200468480,0.00240,0.02259,0.02490,0.67144,-0.74004,-0.03876,0.00221,
1564088688252052992,0.00741,0.02296,0.01915,0.67248,-0.73910,-0.03862,0.00358,
1564088688302800640,0.00508,0.02827,0.03784,0.66891,-0.74227,-0.03994,0.00253,
1564088688403525632,0.00722,0.02488,0.02760,0.67099,-0.74038,-0.04000,0.00334,
1564088688452189184,0.01062,0.02980,0.03707,0.66886,-0.74225,-0.04086,0.00401,
1564088688500364288,0.01322,0.03073,0.02978,0.66996,-0.74116,-0.04273,0.00419,
1564088688553608192,0.01060,0.03240,0.02960,0.66979,-0.74120,-0.04457,0.00398,
1564088688601155072,0.01597,0.03445,0.02279,0.67024,-0.74035,-0.05149,0.00296,
1564088688653778432,0.00533,0.03250,0.02781,0.66970,-0.74071,-0.05336,0.00142,
1564088688702526464,0.00361,0.03338,0.03046,0.66940,-0.74101,-0.05294,0.00077,
1564088688752804096,0.01285,0.03697,0.02225,0.67083,-0.73984,-0.05105,0.00321,
1564088688802653440,0.01989,0.04172,0.02399,0.67023,-0.74018,-0.05373,0.00538,
1564088688852172544,0.01376,0.04560,0.03216,0.66827,-0.74185,-0.05505,0.00666,
1564088688903713536,0.01342,0.04566,0.02081,0.67091,-0.73930,-0.05701,0.00798,
1564088688952890880,0.01097,0.05164,0.01980,0.67106,-0.73917,-0.05646,0.01064,
1564088689005144832,0.03297,0.06746,0.02412,0.66977,-0.73976,-0.06191,0.01800,
1564088689056551680,0.00944,0.06719,0.02172,0.67053,-0.73859,-0.06714,0.01926,
1564088689120059904,-0.00684,0.10165,0.02223,0.66611,-0.74195,-0.07364,0.01951,
1564088689173185024,-0.03083,0.13418,0.01393,0.66717,-0.73986,-0.08149,0.02920,
1564088689219111936,-0.05167,0.12934,0.01340,0.66770,-0.73949,-0.08073,0.02845,
1564088689273440000,-0.05552,0.14599,0.01236,0.66778,-0.73922,-0.07925,0.03666,
1564088689319031808,-0.05745,0.14904,0.00804,0.66888,-0.73837,-0.07530,0.04174,
1564088689373834496,-0.06722,0.17307,0.01483,0.66756,-0.73857,-0.08148,0.04726,
1564088689423074304,-0.06224,0.18300,0.00877,0.66841,-0.73702,-0.08716,0.04923,
1564088689522050304,-0.06674,0.22163,0.00395,0.66917,-0.73636,-0.08196,0.05722,
1564088689564205312,-0.07443,0.23381,0.01288,0.66824,-0.73727,-0.08037,0.05852,
1564088689611497728,-0.08409,0.27034,0.02464,0.66676,-0.73875,-0.07976,0.05765,
1564088689656347392,-0.09154,0.27944,0.00904,0.66934,-0.73665,-0.07804,0.05694,
1564088689697548288,-0.09323,0.29469,0.00829,0.66954,-0.73660,-0.07795,0.05540,
1564088689738588416,-0.09458,0.31567,0.00933,0.66920,-0.73714,-0.07670,0.05398,
1564088689786560768,-0.10132,0.33236,0.01162,0.66838,-0.73823,-0.07564,0.05061,
1564088689825771776,-0.11080,0.38188,0.02487,0.66520,-0.74183,-0.07244,0.04419,
1564088689880136192,-0.11999,0.42025,0.02074,0.66544,-0.74281,-0.06385,0.03668,
1564088689924630016,-0.11612,0.44263,0.03566,0.66277,-0.74594,-0.05564,0.03493,
1564088690024395776,-0.13370,0.50585,0.02751,0.66352,-0.74708,-0.03335,0.02261,
1564088690068472064,-0.14781,0.52468,0.02868,0.66307,-0.74781,-0.02944,0.01579,
1564088690119414016,-0.13856,0.57230,0.02910,0.66324,-0.74799,-0.02302,0.00964,
1564088690159073280,-0.13150,0.59454,0.02851,0.66332,-0.74823,-0.00963,0.00800,
1564088690223431424,-0.16207,0.60310,0.02765,0.66381,-0.74789,0.00291,0.00117,
1564088690268401664,-0.15177,0.63691,0.03302,0.66330,-0.74831,0.00793,-0.00168,
1564088690315352320,-0.09882,0.70386,0.03456,0.66324,-0.74818,0.01780,-0.00461,
1564088690367479808,-0.10386,0.72958,0.03445,0.66430,-0.74688,0.02848,-0.00772,
1564088690423229184,-0.11300,0.74099,0.03159,0.66410,-0.74705,0.02589,-0.01463,
1564088690470694912,-0.09486,0.80373,0.01513,0.66738,-0.74414,0.01583,-0.02473,
1564088690517540608,-0.06215,0.85216,0.01336,0.66702,-0.74424,0.01652,-0.03020,
1564088690563778048,-0.06774,0.88812,0.02201,0.66383,-0.74690,0.01952,-0.03318,
1564088690621988864,-0.06559,0.90110,0.02101,0.66348,-0.74708,0.01568,-0.03767,
1564088690671512320,-0.07844,0.88399,0.03733,0.65954,-0.75031,0.01726,-0.04185,
1564088690720665600,-0.10289,0.88537,0.03384,0.66021,-0.74949,0.02422,-0.04244,
1564088690764541440,-0.09844,0.87364,0.03300,0.65984,-0.74983,0.02098,-0.04391,
1564088690821419264,-0.06326,0.88535,0.04137,0.65774,-0.75183,0.01985,-0.04164,
1564088690865235712,-0.06864,0.98049,0.04111,0.65918,-0.75065,0.02500,-0.03713,
1564088690920406784,-0.11183,0.94447,0.05113,0.65823,-0.75156,0.02410,-0.03621,
1564088690984067328,-0.03175,0.92995,0.02420,0.66243,-0.74830,0.01725,-0.03071,
1564088691091154688,-0.09961,1.10421,0.02345,0.66469,-0.74680,0.00214,-0.02155,
1564088691134911744,-0.09082,1.17648,0.02033,0.66640,-0.74534,-0.00518,-0.01894,
1564088691189371392,-0.07810,1.22216,0.01806,0.66647,-0.74533,-0.01118,-0.01365,
1564088691236344576,-0.11738,1.27833,0.03504,0.66237,-0.74884,-0.01955,-0.01124,
1564088691292899840,-0.12813,1.33931,0.04174,0.66026,-0.75052,-0.02768,-0.00449,
1564088691335843840,-0.11816,1.34484,0.04841,0.65873,-0.75203,-0.02287,0.00176,
1564088691387586304,-0.12888,1.35587,0.04017,0.66052,-0.75062,-0.01555,0.00654,
1564088691436680704,-0.17803,1.44063,0.04001,0.65897,-0.75187,-0.01472,0.01534,
1564088691490911232,-0.20560,1.50241,0.04322,0.65747,-0.75278,-0.02542,0.02023,
1564088691533835264,-0.20244,1.53053,0.04597,0.65695,-0.75314,-0.02265,0.02639,
1564088691587557120,-0.20682,1.53980,0.04274,0.65770,-0.75242,-0.01551,0.03259,
1564088691629026304,-0.24444,1.62294,0.04585,0.65729,-0.75225,-0.01214,0.04409,
1564088691669291520,-0.25196,1.65109,0.04284,0.65816,-0.75111,-0.01307,0.04989,
1564088691727621888,-0.26490,1.73165,0.03470,0.65951,-0.74907,-0.01265,0.06150,
1564088691770468608,-0.26783,1.74982,0.03651,0.65939,-0.74886,-0.01617,0.06443,
1564088691821340672,-0.27147,1.79261,0.03298,0.65936,-0.74827,-0.01962,0.07041,
1564088691866044160,-0.29894,1.87616,0.03841,0.65785,-0.74927,-0.02565,0.07189,
1564088691929376256,-0.29185,1.95052,0.04408,0.65563,-0.75052,-0.04067,0.07222,
1564088691975626496,-0.26023,1.96131,0.04553,0.65490,-0.75065,-0.04379,0.07559,
1564088692023691264,-0.26425,1.98495,0.05075,0.65353,-0.75209,-0.03438,0.07795,
1564088692066951168,-0.27990,2.07746,0.04805,0.65365,-0.75238,-0.03710,0.07279,
1564088692164890880,-0.28163,2.15816,0.05384,0.65506,-0.75147,-0.05604,0.05520,
1564088692205959168,-0.26972,2.19977,0.03787,0.65707,-0.74998,-0.03855,0.06559,
1564088692257879040,-0.29707,2.22847,0.03396,0.65893,-0.74921,-0.04100,0.05304,
1564088692301977600,-0.27987,2.32640,0.03211,0.65992,-0.74900,-0.03717,0.04609,
1564088692355525376,-0.30027,2.34444,0.02771,0.66323,-0.74686,-0.03111,0.03686,
1564088692398112768,-0.27795,2.43380,0.02967,0.66343,-0.74716,-0.02578,0.03071,
1564088692444085760,-0.29456,2.46810,0.03766,0.66178,-0.74892,-0.02874,0.01836,
1564088692488756736,-0.30689,2.50288,0.04015,0.66013,-0.75046,-0.03120,0.00815,
1564088692536844288,-0.27597,2.58513,0.03617,0.66039,-0.75025,-0.03177,-0.00309,
1564088692590529792,-0.31652,2.59514,0.03402,0.65958,-0.75128,-0.01997,-0.01156,
1564088692637724416,-0.29996,2.66745,0.03619,0.65803,-0.75282,-0.00280,-0.01605,
1564088692700405248,-0.28675,2.73100,0.05046,0.65485,-0.75527,0.00718,-0.02627,
1564088692756080896,-0.31642,2.75006,0.05423,0.65436,-0.75523,0.01615,-0.03437,
1564088692802896640,-0.28934,2.82898,0.06150,0.65295,-0.75592,0.02375,-0.04093,
1564088692902155520,-0.29262,2.93782,0.03990,0.65731,-0.75137,0.02541,-0.05233,
1564088692954521088,-0.27715,2.95823,0.05027,0.65660,-0.75206,0.02337,-0.05221,
1564088693003169280,-0.25699,3.04380,0.03593,0.66018,-0.74875,0.02752,-0.05277,
1564088693055735296,-0.27152,3.03945,0.02814,0.66168,-0.74721,0.03383,-0.05214,
1564088693104744960,-0.28816,3.12508,0.02323,0.66208,-0.74701,0.03644,-0.04795,
1564088693155764224,-0.26957,3.15181,0.01948,0.66219,-0.74748,0.02625,-0.04576,
1564088693207608576,-0.28574,3.18737,0.02375,0.66070,-0.74928,0.01646,-0.04219,
1564088693255382784,-0.26022,3.22412,0.02144,0.66025,-0.75015,0.00731,-0.03593,
1564088693306187264,-0.28291,3.29397,0.02968,0.65872,-0.75154,-0.00814,-0.03466,
1564088693357965824,-0.22857,3.33736,0.02909,0.65955,-0.75129,-0.00457,-0.02306,
1564088693403291648,-0.21137,3.35909,0.03262,0.66025,-0.75094,0.00290,-0.01203,
1564088693455955968,-0.18989,3.38583,0.02452,0.66257,-0.74890,-0.00826,-0.00880,
1564088693509273088,-0.27576,3.51518,0.00862,0.66737,-0.74431,-0.02426,-0.00620,
1564088693557504768,-0.25712,3.54155,0.01747,0.66609,-0.74530,-0.02917,0.00116,
1564088693610638848,-0.29577,3.62757,0.01314,0.66695,-0.74409,-0.03852,0.00547,
1564088693660983296,-0.28011,3.64041,0.01523,0.66578,-0.74459,-0.04701,0.01065,
1564088693722907904,-0.23952,3.66020,0.02922,0.66227,-0.74677,-0.05840,0.01789,
1564088693775774976,-0.31441,3.79899,0.02187,0.66336,-0.74563,-0.05711,0.02698,
1564088693824069888,-0.30536,3.81687,0.03849,0.66026,-0.74844,-0.04939,0.03813,
1564088693879927552,-0.33564,3.88927,0.03526,0.65937,-0.74834,-0.05977,0.04066,
1564088693922745600,-0.32065,3.92620,0.04261,0.65834,-0.74826,-0.06961,0.04300,
1564088693978278144,-0.32168,3.99619,0.04285,0.65857,-0.74831,-0.06286,0.04872,
1564088694024777216,-0.31621,4.01862,0.04410,0.65869,-0.74860,-0.05275,0.05428,
1564088694083034112,-0.33605,4.10302,0.04452,0.65921,-0.74872,-0.04851,0.05011,
1564088694127094272,-0.33283,4.13661,0.03067,0.66219,-0.74634,-0.04394,0.05056,
1564088694171558144,-0.33593,4.17963,0.02614,0.66348,-0.74580,-0.03605,0.04761,
1564088694223804672,-0.34153,4.23718,0.04280,0.66053,-0.74861,-0.01022,0.05639,
1564088694267379456,-0.34058,4.29457,0.03637,0.66060,-0.74904,-0.01418,0.04841,
1564088694314017792,-0.30276,4.42391,0.04308,0.65964,-0.75017,-0.02449,0.03901,
1564088694357540096,-0.29515,4.46875,0.03501,0.66045,-0.74973,-0.02673,0.03164,
1564088694397015296,-0.29510,4.51240,0.03622,0.65958,-0.75074,-0.02609,0.02593,
1564088694435765248,-0.29811,4.54791,0.03859,0.65874,-0.75155,-0.02983,0.01885,
1564088694491019264,-0.31833,4.56244,0.04355,0.65814,-0.75146,-0.04656,0.00034,
1564088694535929856,-0.28756,4.60774,0.04487,0.65882,-0.75128,-0.03902,-0.00251,
1564088694587774976,-0.24509,4.74099,0.05261,0.65768,-0.75267,-0.02923,-0.00981,
1564088694631560704,-0.25363,4.74685,0.03241,0.66114,-0.74968,-0.02591,-0.01417,
1564088694691261952,-0.27479,4.76470,0.03367,0.66191,-0.74887,-0.02142,-0.02485,
1564088694735687680,-0.24000,4.86617,0.02420,0.66251,-0.74820,-0.01771,-0.03111,
1564088694784026112,-0.21163,4.95286,0.03592,0.65919,-0.75039,-0.02046,-0.04430,
1564088694835985408,-0.22316,4.99628,0.02947,0.65770,-0.75143,-0.01091,-0.05161,
1564088694890847232,-0.25340,5.01645,0.05186,0.65272,-0.75505,-0.00715,-0.06167,
1564088694935243520,-0.23691,5.06344,0.03902,0.65343,-0.75412,0.00103,-0.06583,
1564088694987115264,-0.19211,5.18474,0.05202,0.65029,-0.75654,0.03210,-0.06119,
1564088695031886336,-0.21774,5.22311,0.04201,0.65025,-0.75573,0.04311,-0.06476,
1564088695089645056,-0.25321,5.24019,0.04801,0.64952,-0.75570,0.05039,-0.06718,
1564088695132378624,-0.24898,5.30164,0.04846,0.65014,-0.75426,0.05965,-0.06968,
1564088695186760448,-0.24730,5.38535,0.04540,0.65305,-0.75105,0.07186,-0.06542,
1564088695226858752,-0.26772,5.39667,0.04492,0.65481,-0.74931,0.07477,-0.06453,
1564088695267389440,-0.26404,5.41001,0.02988,0.65731,-0.74775,0.06926,-0.06336,
1564088695324629760,-0.22808,5.44233,0.02407,0.66020,-0.74671,0.05265,-0.06158,
1564088695367258368,-0.26441,5.54994,0.02159,0.66131,-0.74647,0.04423,-0.05917,
1564088695423240448,-0.28295,5.63956,0.03228,0.65984,-0.74844,0.04250,-0.05137,
1564088695463867904,-0.27795,5.67371,0.02860,0.66040,-0.74867,0.03383,-0.04704,
1564088695505343232,-0.27143,5.72934,0.03454,0.65920,-0.75034,0.02458,-0.04292,
1564088695560398592,-0.24418,5.78679,0.01831,0.66075,-0.74958,0.01001,-0.03793,
1564088695606496512,-0.28482,5.85325,0.02210,0.66030,-0.75024,-0.00764,-0.03299,
1564088695658696448,-0.30416,5.94445,0.04446,0.65721,-0.75290,-0.02072,-0.02801,
1564088695703980032,-0.29278,5.98228,0.04170,0.65696,-0.75344,-0.01867,-0.01938,
1564088695757970176,-0.26726,5.99549,0.03003,0.65920,-0.75172,-0.01728,-0.00867,
1564088695804809216,-0.30747,6.07872,0.02120,0.66198,-0.74931,-0.01770,-0.00121,
1564088695859844352,-0.33627,6.14438,0.01782,0.66526,-0.74638,-0.01436,0.01169,
1564088695901319936,-0.34748,6.16946,0.02234,0.66457,-0.74678,-0.02060,0.01558,
1564088695957190400,-0.33529,6.20697,0.00708,0.66728,-0.74383,-0.03164,0.02152,
1564088696003782144,-0.35448,6.24757,0.01684,0.66545,-0.74474,-0.04344,0.02561,
1564088696061634304,-0.39943,6.35898,0.02323,0.66333,-0.74597,-0.04953,0.03278,
1564088696104492288,-0.37784,6.37145,0.02740,0.66208,-0.74678,-0.04892,0.03967,
1564088696157336576,-0.35777,6.39428,0.04892,0.65652,-0.75131,-0.04155,0.05283,
1564088696198431232,-0.42635,6.48549,0.05361,0.65496,-0.75233,-0.04590,0.05401,
1564088696245669120,-0.43100,6.54951,0.05174,0.65361,-0.75268,-0.05078,0.06075,
1564088696296986624,-0.47481,6.68010,0.05618,0.65319,-0.75258,-0.05016,0.06667,
1564088696343557632,-0.45586,6.65175,0.05569,0.65254,-0.75271,-0.04671,0.07367,
1564088696394354176,-0.43909,6.67764,0.03859,0.65496,-0.74991,-0.05349,0.07613,
1564088696500565248,-0.48408,6.87733,0.01484,0.66155,-0.74248,-0.06231,0.08476,
1564088696544924928,-0.45677,6.87824,0.03151,0.65830,-0.74469,-0.06260,0.09035,
1564088696590747136,-0.44773,6.90593,0.03069,0.65739,-0.74537,-0.06449,0.09003,
1564088696632883200,-0.45471,6.99785,0.03254,0.65659,-0.74569,-0.06862,0.09019,
1564088696673780736,-0.44554,7.03289,0.03642,0.65716,-0.74498,-0.07850,0.08362,
1564088696716063744,-0.44007,7.06054,0.03603,0.65593,-0.74649,-0.07236,0.08528,
1564088696766140160,-0.43379,7.16888,0.05613,0.65016,-0.75199,-0.07235,0.08106,
1564088696809515776,-0.43109,7.18714,0.06004,0.65107,-0.75130,-0.07602,0.07664,
1564088696857777408,-0.44008,7.20840,0.05291,0.65308,-0.75057,-0.07210,0.07029,
1564088696906123520,-0.42194,7.31053,0.04492,0.65435,-0.75052,-0.06502,0.06575,
1564088696958364416,-0.45928,7.33020,0.03891,0.65644,-0.74975,-0.06198,0.05582,
1564088697001964288,-0.42880,7.39336,0.03532,0.65861,-0.74896,-0.05108,0.05179,
1564088697061897216,-0.47891,7.42302,0.02098,0.66234,-0.74685,-0.03973,0.04418,
1564088697104511744,-0.48500,7.48404,0.01955,0.66373,-0.74582,-0.04459,0.03502,
1564088697150667776,-0.49346,7.51957,0.01872,0.66442,-0.74530,-0.05101,0.02198,
1564088697240798464,-0.49563,7.73711,0.02837,0.66204,-0.74822,-0.04204,0.01010,
1564088697292913152,-0.54855,7.83071,0.04066,0.65753,-0.75294,-0.02709,0.00301,
1564088697337396992,-0.58007,7.92188,0.03890,0.65774,-0.75296,-0.02022,-0.00487,
1564088697391437312,-0.58067,7.93937,0.04665,0.65589,-0.75432,-0.02336,-0.01637,
1564088697438345216,-0.58042,7.98720,0.04512,0.65746,-0.75293,-0.01600,-0.02403,
1564088697492049152,-0.61063,8.08413,0.03108,0.65922,-0.75143,-0.00132,-0.02787,
1564088697539911680,-0.61353,8.16185,0.02196,0.66208,-0.74872,0.00472,-0.03235,
1564088697590991104,-0.62887,8.17091,0.01531,0.66400,-0.74672,0.00697,-0.03838,
1564088697642608128,-0.62103,8.29429,0.02339,0.66409,-0.74637,0.01090,-0.04237,
1564088697740864768,-0.61796,8.46018,0.01342,0.66376,-0.74644,0.01947,-0.04329,
1564088697791226880,-0.60163,8.38094,0.04327,0.65827,-0.75129,0.01888,-0.04347,
1564088697841663744,-0.59880,8.47525,0.06402,0.65311,-0.75594,0.01961,-0.04014,
1564088697891876608,-0.56405,8.46450,0.06139,0.65275,-0.75647,0.00993,-0.03966,
1564088697941889536,-0.58547,8.60396,0.06456,0.65205,-0.75713,0.00063,-0.03974,
1564088697991235072,-0.54954,8.60394,0.05093,0.65474,-0.75515,0.00020,-0.03277,
1564088698042956032,-0.56981,8.71766,0.04682,0.65738,-0.75314,-0.00104,-0.02493,
1564088698092592128,-0.56671,8.77350,0.03704,0.66052,-0.75054,-0.00276,-0.01986,
1564088698144445696,-0.61206,8.88781,0.03512,0.66216,-0.74913,-0.00863,-0.01639,
1564088698192151296,-0.59605,8.92312,0.04315,0.66095,-0.75017,-0.01620,-0.01094,
1564088698246249472,-0.61407,8.99944,0.04377,0.66012,-0.75087,-0.02030,-0.00426,
1564088698293387776,-0.60605,9.03170,0.03750,0.66010,-0.75063,-0.02862,-0.00069,
1564088698346405888,-0.62115,9.12154,0.05423,0.65780,-0.75236,-0.03493,0.00566,
1564088698396507136,-0.62175,9.16169,0.05636,0.65663,-0.75366,-0.02539,0.01380,
1564088698450169600,-0.65681,9.23292,0.05435,0.65446,-0.75543,-0.01736,0.02663,
1564088698499282432,-0.64128,9.27757,0.04540,0.65622,-0.75310,-0.03611,0.03020,
1564088698558875392,-0.62591,9.27701,0.04803,0.65609,-0.75242,-0.04615,0.03569,
1564088698602284288,-0.65844,9.34587,0.03870,0.65754,-0.75088,-0.04360,0.04377,
1564088698651203328,-0.71420,9.44382,0.04512,0.65697,-0.75059,-0.04534,0.05424,
1564088698696844800,-0.68951,9.46838,0.04449,0.65662,-0.74975,-0.05735,0.05857,
1564088698762189312,-0.65237,9.49286,0.02727,0.65959,-0.74527,-0.07111,0.06677,
1564088698805911552,-0.68421,9.56420,0.03451,0.65810,-0.74596,-0.06878,0.07561,
1564088698849547264,-0.70076,9.65199,0.02963,0.65621,-0.74684,-0.06209,0.08811,
1564088698892800256,-0.69089,9.67651,0.03456,0.65543,-0.74648,-0.06937,0.09151,
1564088698934850816,-0.69057,9.71318,0.04484,0.65301,-0.74802,-0.07173,0.09432,
1564088698984523776,-0.72341,9.80771,0.05712,0.64882,-0.75132,-0.07348,0.09562,
1564088699027786240,-0.71203,9.81855,0.05242,0.65073,-0.74871,-0.08362,0.09486,
1564088699070070272,-0.71399,9.86167,0.05306,0.65023,-0.74806,-0.09132,0.09628,
1564088699126707200,-0.72535,9.87402,0.05112,0.65110,-0.74753,-0.09396,0.09193,
1564088699181971968,-0.72583,9.91907,0.04830,0.65360,-0.74586,-0.09125,0.09034,
1564088699293425408,-0.74567,10.10056,0.04169,0.65651,-0.74556,-0.08275,0.07926,
1564088699342182144,-0.76112,10.11995,0.03643,0.65750,-0.74516,-0.08376,0.07358,
1564088699389555456,-0.73642,10.17957,0.03354,0.65885,-0.74477,-0.08675,0.06089,
1564088699429488640,-0.75128,10.23768,0.03694,0.65830,-0.74679,-0.07569,0.05670,
1564088699469319424,-0.77153,10.27687,0.03083,0.65899,-0.74768,-0.06350,0.05180,
1564088699508902656,-0.78876,10.32371,0.03336,0.65842,-0.74952,-0.05180,0.04491,
1564088699561649920,-0.82835,10.37759,0.03190,0.65782,-0.75132,-0.03598,0.03872,
1564088699606830336,-0.81312,10.44841,0.03359,0.65751,-0.75226,-0.02899,0.03062,
1564088699659216640,-0.77868,10.53855,0.03031,0.65871,-0.75190,-0.01791,0.02075,
1564088699700531712,-0.77950,10.58737,0.02764,0.65918,-0.75185,-0.00506,0.01322,
1564088699759787776,-0.83396,10.62055,0.01876,0.66225,-0.74924,0.00782,0.00330,
1564088699803807488,-0.79988,10.70277,0.03101,0.66209,-0.74936,0.00837,-0.00611,
1564088699858443520,-0.79050,10.80776,0.02990,0.66342,-0.74800,0.00745,-0.01759,
1564088699904656640,-0.80573,10.80112,0.02869,0.66336,-0.74785,0.01547,-0.02069,
1564088699960641792,-0.83924,10.79933,0.03384,0.66082,-0.74973,0.02131,-0.02770,
1564088700021852160,-0.77872,10.96467,0.02437,0.66077,-0.74969,0.01686,-0.03274,
1564088700095330816,-0.76116,11.10339,0.02846,0.65799,-0.75138,0.02568,-0.04255,
1564088700143737856,-0.80274,11.08179,0.03417,0.65727,-0.75174,0.01839,-0.05043,
1564088700193152768,-0.80975,11.09786,0.03902,0.65545,-0.75308,0.00818,-0.05647,
1564088700241789440,-0.79321,11.21174,0.03952,0.65599,-0.75270,0.01498,-0.05391,
1564088700294261504,-0.80099,11.29530,0.03709,0.65810,-0.75086,0.01226,-0.05451,
1564088700353719040,-0.78349,11.30807,0.04042,0.65766,-0.75144,0.00758,-0.05246,
1564088700429804032,-0.79602,11.45739,0.02743,0.66192,-0.74772,-0.00452,-0.05243,
1564088700482433024,-0.77805,11.52456,0.04230,0.65873,-0.75090,-0.00769,-0.04653,
1564088700527736832,-0.78511,11.53427,0.03118,0.66138,-0.74835,-0.01081,-0.04932,
1564088700573186816,-0.82414,11.64988,0.03137,0.66031,-0.74930,-0.01255,-0.04873,
1564088700631988736,-0.84619,11.73565,0.04703,0.65811,-0.75158,-0.00779,-0.04436,
1564088700676262656,-0.85750,11.76860,0.04898,0.65680,-0.75282,-0.00703,-0.04278,
1564088700728521472,-0.84567,11.79635,0.04562,0.65736,-0.75261,-0.01021,-0.03683,
1564088700771194624,-0.87991,11.91462,0.03224,0.65997,-0.75044,-0.01289,-0.03328,
1564088700833814528,-0.89328,11.99528,0.01388,0.66368,-0.74773,-0.00382,-0.02029,
1564088700877396992,-0.89912,12.03370,0.01664,0.66466,-0.74686,-0.00936,-0.01854,
1564088700928379392,-0.88220,12.04795,0.01325,0.66689,-0.74500,-0.01009,-0.01145,
1564088700971428352,-0.92896,12.16527,0.01048,0.66743,-0.74453,-0.01265,-0.00767,
1564088701015186432,-0.93084,12.20717,0.01879,0.66733,-0.74461,-0.01509,-0.00225,
1564088701066822144,-0.96654,12.29848,0.02256,0.66445,-0.74713,-0.01745,0.00263,
1564088701109804032,-0.95817,12.34540,0.02991,0.66281,-0.74841,-0.02219,0.00885,
1564088701160762112,-0.94941,12.39709,0.04158,0.66019,-0.75032,-0.03084,0.01452,
1564088701201824768,-0.96905,12.48593,0.03491,0.65913,-0.75117,-0.02690,0.02362,
1564088701243208448,-0.96684,12.49050,0.04317,0.65734,-0.75244,-0.03114,0.02794,
1564088701282446336,-0.95365,12.50816,0.05494,0.65555,-0.75322,-0.04582,0.02855,
1564088701338769664,-0.95606,12.59695,0.04556,0.65662,-0.75168,-0.04920,0.03759,
1564088701381003264,-0.96102,12.62390,0.04378,0.65742,-0.75084,-0.04901,0.04049,
1564088701427755520,-0.95944,12.65007,0.04276,0.65813,-0.74973,-0.05460,0.04236,
1564088701471375872,-0.96904,12.76311,0.04762,0.65791,-0.74956,-0.05574,0.04699,
1564088701515909376,-0.96436,12.77508,0.04949,0.65793,-0.74955,-0.05293,0.04992,
1564088701560109312,-0.96550,12.81104,0.04854,0.65805,-0.74933,-0.05420,0.05047,
1564088701604697856,-0.95235,12.90696,0.04865,0.65842,-0.74897,-0.05586,0.04904,
1564088701647044864,-0.94933,12.95181,0.05073,0.65659,-0.75103,-0.05088,0.04758,
1564088701694202368,-0.97585,12.99122,0.05943,0.65498,-0.75323,-0.04321,0.04203,
1564088701738428160,-0.95385,13.07828,0.07689,0.65139,-0.75703,-0.03160,0.03991,
1564088701781435392,-0.97507,13.09081,0.07953,0.65089,-0.75807,-0.02196,0.03432,
1564088701827850752,-0.99589,13.12333,0.07386,0.65024,-0.75909,-0.01007,0.02948,
1564088701873381120,-0.97795,13.19378,0.08142,0.64948,-0.75998,-0.00274,0.02445,
1564088701927234048,-1.03505,13.19351,0.07337,0.64988,-0.75963,0.01343,0.02101,
1564088701979960064,-1.05969,13.21748,0.06858,0.65132,-0.75826,0.02440,0.01493,
1564088702044186368,-1.00692,13.27548,0.05327,0.65542,-0.75465,0.02979,0.00712,
1564088702097066240,-1.03453,13.33058,0.04902,0.65609,-0.75387,0.03494,0.00123,
1564088702149303296,-1.00968,13.42467,0.03828,0.66034,-0.75014,0.03331,-0.01149,
1564088702197790208,-1.03514,13.43729,0.03869,0.65939,-0.75046,0.04200,-0.01597,
1564088702246314496,-1.00695,13.52524,0.04513,0.65755,-0.75126,0.05329,-0.01968,
1564088702299158784,-1.02956,13.56417,0.04315,0.65756,-0.75108,0.05076,-0.03030,
1564088702379441920,-1.02645,13.66824,0.04042,0.65548,-0.75299,0.03020,-0.04940,
1564088702428906496,-0.99611,13.69720,0.04923,0.65436,-0.75417,0.02625,-0.04841,
1564088702478479872,-0.96703,13.75508,0.03364,0.65504,-0.75293,0.02957,-0.05600,
1564088702530734848,-1.00015,13.77867,0.03893,0.65405,-0.75299,0.03587,-0.06271,
1564088702578830336,-1.00408,13.81187,0.02947,0.65612,-0.75067,0.02913,-0.07175,
1564088702627592448,-1.00690,13.81773,0.03053,0.65636,-0.75003,0.03168,-0.07514,
1564088702681208320,-0.97750,13.87477,0.01526,0.66004,-0.74606,0.03780,-0.07948,
1564088702728482560,-1.03207,13.88312,0.01909,0.65829,-0.74694,0.03738,-0.08568,
1564088702783299328,-1.03053,13.94879,0.02237,0.65616,-0.74828,0.03329,-0.09184,
1564088702831205632,-1.02544,13.98882,0.01964,0.65539,-0.74884,0.03101,-0.09351,
1564088702882665216,-1.01081,14.05062,0.03333,0.65228,-0.75133,0.03141,-0.09515,
1564088702929588224,-1.03350,14.06641,0.04890,0.64912,-0.75390,0.03687,-0.09446,
1564088702984627456,-1.03658,14.16385,0.05051,0.64913,-0.75417,0.04093,-0.09046,
1564088703030595328,-1.02303,14.15146,0.04152,0.65064,-0.75313,0.03529,-0.09067,
1564088703070655232,-0.99501,14.21975,0.03615,0.65222,-0.75218,0.03526,-0.08719,
1564088703128969984,-0.97156,14.21430,0.03492,0.65300,-0.75206,0.03301,-0.08316,
1564088703183725568,-1.00796,14.43837,0.02361,0.65802,-0.74820,0.03656,-0.07660,
1564088703228702208,-1.01683,14.41981,0.02197,0.65819,-0.74817,0.03573,-0.07584,
1564088703284942336,-1.01093,14.53095,0.01954,0.66077,-0.74652,0.03957,-0.06734,
1564088703330107136,-1.02093,14.51361,0.02111,0.66151,-0.74582,0.04733,-0.06260,
1564088703370930688,-1.01699,14.53553,0.02393,0.66135,-0.74631,0.05375,-0.05253,
1564088703431000832,-0.98626,14.56404,0.02716,0.66037,-0.74820,0.04178,-0.04862,
1564088703486249728,-0.97998,14.59492,0.02854,0.66026,-0.74904,0.03635,-0.04088,
1564088703531015936,-1.04049,14.66803,0.02952,0.65952,-0.75035,0.02518,-0.03707,
1564088703571275008,-1.02927,14.72092,0.03296,0.65962,-0.75066,0.00468,-0.03723,
1564088703612289536,-0.99792,14.71675,0.03287,0.66025,-0.75048,-0.00207,-0.02925,
1564088703662225408,-0.98557,14.74556,0.03255,0.66091,-0.75022,0.00785,-0.01750,
1564088703706329344,-1.01730,14.82874,0.02957,0.66228,-0.74913,0.00536,-0.01270,
1564088703759865856,-1.03295,14.89649,0.03126,0.66335,-0.74829,-0.00021,-0.00548,
1564088703805127168,-1.03528,14.93889,0.02941,0.66344,-0.74823,0.00060,0.00069,
1564088703862393600,-1.01405,14.95231,0.01692,0.66587,-0.74600,0.00178,0.00944,
1564088703908928512,-1.04639,15.05529,0.02283,0.66471,-0.74700,-0.00059,0.01223,
1564088703955717376,-1.06058,15.14578,0.03550,0.66072,-0.75047,-0.00442,0.01531,
1564088703995609600,-1.06361,15.18035,0.03022,0.66101,-0.75010,-0.00958,0.01799,
1564088704037631232,-1.04703,15.21136,0.05720,0.65549,-0.75479,-0.01547,0.01986,
1564088704091208192,-1.02721,15.26179,0.07197,0.65262,-0.75734,-0.00742,0.02163,
1564088704137048064,-1.03933,15.32274,0.06518,0.65284,-0.75680,0.01341,0.02949,
1564088704197292032,-1.05302,15.42519,0.05338,0.65559,-0.75477,0.00986,0.02053,
1564088704239326720,-1.04310,15.42514,0.05857,0.65493,-0.75531,0.01117,0.02111,
1564088704293504000,-1.02578,15.52273,0.05646,0.65501,-0.75522,0.01703,0.01799,
1564088704337848832,-1.04627,15.51197,0.04793,0.65809,-0.75266,0.01593,0.01304,
1564088704398472960,-1.00391,15.61266,0.03726,0.66009,-0.75096,0.01651,0.00853,
1564088704444600320,-1.03518,15.61053,0.04542,0.66037,-0.75058,0.02299,0.00374,
1564088704499911168,-1.01867,15.68079,0.04100,0.66082,-0.74981,0.03322,-0.00072,
1564088704542141184,-1.03189,15.71494,0.03742,0.66079,-0.74950,0.03996,-0.00414,
1564088704597456128,-1.05447,15.74571,0.03402,0.66057,-0.74958,0.04049,-0.01204,
1564088704641809152,-1.01926,15.82295,0.04879,0.65859,-0.75108,0.04321,-0.01638,
1564088704695714560,-1.00517,15.90109,0.05453,0.65551,-0.75337,0.04711,-0.02275,
1564088704739467776,-1.01927,15.91348,0.06130,0.65440,-0.75453,0.03657,-0.03332,
1564088704797262336,-1.01925,15.93188,0.06800,0.65248,-0.75602,0.03753,-0.03599,
1564088704843731456,-0.97196,16.04321,0.06289,0.65285,-0.75497,0.04673,-0.04029,
1564088704899318272,-0.95804,16.11430,0.06047,0.65328,-0.75431,0.04265,-0.04912,
1564088704939150592,-0.96439,16.13455,0.05953,0.65371,-0.75362,0.03724,-0.05775,
1564088704997110784,-0.96752,16.15945,0.04304,0.65645,-0.75065,0.04258,-0.06147,
1564088705045000960,-0.95553,16.25498,0.04009,0.65562,-0.75039,0.04416,-0.07156,
1564088705101392128,-0.94872,16.33461,0.04502,0.65313,-0.75194,0.04617,-0.07665,
1564088705146826496,-0.96898,16.34542,0.04168,0.65247,-0.75191,0.04366,-0.08371,
1564088705198483712,-0.97662,16.36786,0.04377,0.65184,-0.75213,0.04835,-0.08402,
1564088705242008576,-0.95754,16.43082,0.06069,0.64859,-0.75424,0.06356,-0.08011,
1564088705301292288,-1.00466,16.41730,0.05013,0.64950,-0.75245,0.07157,-0.08279,
1564088705344562432,-0.99241,16.44000,0.05748,0.64937,-0.75301,0.06827,-0.08149,
1564088705397127424,-0.98784,16.46242,0.06289,0.64823,-0.75419,0.07097,-0.07719,
1564088705442904320,-1.01747,16.59611,0.04822,0.65305,-0.75039,0.07376,-0.07065,
1564088705502620416,-1.00190,16.68368,0.05900,0.65204,-0.75257,0.06223,-0.06786,
1564088705546855680,-0.99387,16.69848,0.03207,0.65821,-0.74772,0.05934,-0.06448,
1564088705596028160,-0.95500,16.71292,0.02983,0.65841,-0.74823,0.05544,-0.05987,
1564088705639619584,-0.98737,16.85812,0.03595,0.66016,-0.74717,0.05978,-0.04847,
1564088705680804608,-0.98948,16.85713,0.03635,0.65915,-0.74839,0.05802,-0.04553,
1564088705738680320,-1.00257,16.95741,0.05285,0.65547,-0.75273,0.04683,-0.03949,
1564088705782391296,-0.97371,16.97640,0.04179,0.65684,-0.75228,0.04043,-0.03175,
1564088705831016448,-0.96165,17.00571,0.04241,0.65502,-0.75430,0.03521,-0.02716,
1564088705874442240,-0.97849,17.03829,0.04082,0.65645,-0.75375,0.01875,-0.02405,
1564088705916085760,-0.94551,17.07276,0.05095,0.65526,-0.75505,0.00802,-0.02185,
1564088705975800832,-0.92974,17.15498,0.05684,0.65389,-0.75638,0.01303,-0.01233,
1564088706021813760,-0.94563,17.21294,0.05902,0.65348,-0.75686,0.00881,-0.00705,
1564088706063411456,-0.92946,17.23469,0.05005,0.65450,-0.75604,0.00576,-0.00102,
1564088706108135936,-0.95601,17.33421,0.05630,0.65445,-0.75601,0.00944,0.00792,
1564088706153128704,-0.94502,17.33650,0.06020,0.65336,-0.75695,0.00601,0.01063,
1564088706196989696,-0.94272,17.37278,0.04481,0.65523,-0.75527,0.00361,0.01508,
1564088706241238016,-0.97154,17.47036,0.04386,0.65524,-0.75521,0.00111,0.01811,
1564088706284351232,-0.95565,17.49122,0.06705,0.65086,-0.75883,-0.00023,0.02356,
1564088706330166528,-0.94988,17.52574,0.06665,0.65023,-0.75927,-0.00453,0.02629,
1564088706377447168,-0.95123,17.63367,0.07160,0.64911,-0.76006,-0.00416,0.03077,
1564088706430986496,-0.95636,17.66930,0.06779,0.64840,-0.76045,0.00803,0.03515,
1564088706480171520,-0.96829,17.77994,0.08456,0.64466,-0.76329,0.01238,0.04050,
1564088706523762176,-0.95398,17.77010,0.07392,0.64720,-0.76118,0.01008,0.04037,
1564088706613489408,-0.95122,17.91963,0.07791,0.64741,-0.76081,0.01498,0.04253,
1564088706665855744,-0.96687,17.91556,0.06437,0.65134,-0.75791,0.00953,0.03519,
1564088706711826944,-0.95664,18.00531,0.05699,0.65389,-0.75599,0.00105,0.03010,
1564088706763952640,-0.95383,18.02827,0.05141,0.65548,-0.75476,-0.00189,0.02608,
1564088706812877568,-0.90413,18.11876,0.06842,0.65293,-0.75666,0.01764,0.02886,
1564088706864070144,-0.96109,18.13399,0.07411,0.65141,-0.75797,0.02759,0.01939,
1564088706913537024,-0.95889,18.18904,0.05525,0.65435,-0.75594,0.01780,0.00809,
1564088706965682944,-0.97463,18.18375,0.06577,0.65221,-0.75789,0.01444,0.00432,
1564088707014856192,-0.96932,18.29217,0.04862,0.65242,-0.75770,-0.00564,-0.01440,
1564088707064055296,-0.95677,18.29441,0.04529,0.65380,-0.75656,-0.00053,-0.01260,
1564088707115304448,-0.93949,18.40050,0.04462,0.65228,-0.75772,0.00998,-0.01697,
1564088707163823104,-0.97312,18.44966,0.03995,0.65458,-0.75554,0.01269,-0.02289,
1564088707216945664,-0.93601,18.56605,0.03794,0.65635,-0.75372,0.00988,-0.03163,
1564088707264072448,-0.96978,18.52692,0.02830,0.65859,-0.75154,0.01388,-0.03540,
1564088707316778496,-0.96855,18.59336,0.02980,0.65936,-0.75043,0.00986,-0.04489,
1564088707364061696,-0.97606,18.59806,0.01798,0.66093,-0.74875,0.01124,-0.04915,
1564088707417534464,-0.99032,18.66327,0.02906,0.65650,-0.75219,0.01277,-0.05524,
1564088707463910912,-0.99092,18.67243,0.02300,0.65745,-0.75095,-0.00066,-0.06193,
1564088707517695744,-0.96547,18.75238,0.03944,0.65467,-0.75309,0.00707,-0.06486,
1564088707564057600,-1.01318,18.76249,0.04707,0.65255,-0.75439,0.02757,-0.06575,
1564088707618970112,-1.03830,18.79318,0.05223,0.65128,-0.75548,0.02539,-0.06662,
1564088707664418304,-1.01775,18.83734,0.05341,0.65059,-0.75622,0.01873,-0.06727,
1564088707704214528,-1.00288,18.86414,0.04018,0.65383,-0.75368,0.02928,-0.06021,
1564088707746052864,-0.99799,18.88525,0.04442,0.65342,-0.75394,0.03378,-0.05901,
1564088707799107328,-0.97507,18.91347,0.04681,0.65320,-0.75446,0.03303,-0.05497,
1564088707854737920,-0.98412,19.01307,0.04991,0.65369,-0.75451,0.02504,-0.05266,
1564088707899396352,-0.96727,19.01667,0.02642,0.65824,-0.75083,0.01606,-0.05217,
1564088707939152384,-0.94721,19.03105,0.01922,0.66011,-0.74967,0.01934,-0.04326,
1564088707979578112,-0.93201,19.04824,0.03299,0.65865,-0.75121,0.02057,-0.03788,
1564088708031175424,-0.89344,19.06513,0.04184,0.65688,-0.75309,0.01211,-0.03489,
1564088708078146560,-0.93551,19.07928,0.04047,0.65871,-0.75158,0.00250,-0.03496,
1564088708123406336,-0.93548,19.13607,0.03888,0.65815,-0.75231,0.00689,-0.02859,
1564088708162055168,-0.93256,19.15024,0.03502,0.65912,-0.75161,0.00344,-0.02525,
1564088708201773824,-0.92275,19.16809,0.04010,0.65708,-0.75330,-0.00953,-0.02641,
1564088708301218048,-0.91356,19.20506,0.04672,0.65679,-0.75357,-0.00935,-0.02578,
1564088708343911936,-0.92613,19.21533,0.03590,0.65843,-0.75219,-0.00351,-0.02587,
1564088708395451904,-0.92842,19.23247,0.02334,0.66134,-0.74958,-0.00586,-0.02707,
1564088708458860288,-0.93361,19.24452,0.01955,0.66170,-0.74920,-0.00571,-0.02851,
1564088708498872576,-0.93282,19.24960,0.03250,0.65950,-0.75115,-0.00599,-0.02835,
1564088708538439424,-0.92756,19.25425,0.03516,0.65882,-0.75182,-0.00353,-0.02665,
1564088708578436864,-0.92966,19.26076,0.03688,0.65852,-0.75203,-0.00261,-0.02816,
1564088708633530624,-0.93997,19.26303,0.03553,0.65895,-0.75154,-0.00260,-0.03095,
1564088708678722304,-0.94133,19.26732,0.04225,0.65727,-0.75295,-0.00556,-0.03221,
1564088708727889408,-0.93421,19.26826,0.03755,0.65817,-0.75216,-0.00836,-0.03167,
1564088708769905152,-0.93275,19.26598,0.03111,0.65920,-0.75129,-0.00606,-0.03143,
1564088708811345152,-0.93154,19.26171,0.03138,0.65901,-0.75147,-0.00333,-0.03147,
1564088708867594240,-0.92363,19.26072,0.03065,0.65903,-0.75154,-0.00131,-0.02958,
1564088708911965952,-0.92863,19.26230,0.03787,0.65760,-0.75274,0.00063,-0.03057,
1564088708962979840,-0.92338,19.26835,0.04830,0.65593,-0.75426,0.01024,-0.02734,
1564088709004699136,-0.92402,19.26591,0.04598,0.65641,-0.75374,0.01415,-0.02829,
1564088709044059904,-0.90313,19.26324,0.04598,0.65635,-0.75390,0.01971,-0.02130,
1564088709100172800,-0.91896,19.26377,0.04275,0.65722,-0.75301,0.02010,-0.02541,
1564088709146269440,-0.92323,19.26239,0.03545,0.65808,-0.75226,0.02068,-0.02471,
1564088709198553344,-0.92294,19.26228,0.04413,0.65653,-0.75368,0.01847,-0.02425,
1564088709244614144,-0.91747,19.25709,0.03371,0.65852,-0.75198,0.01864,-0.02290,
1564088709300145152,-0.91571,19.25518,0.03028,0.65926,-0.75135,0.01860,-0.02231,
1564088709344421120,-0.91328,19.25528,0.04690,0.65649,-0.75381,0.01901,-0.02105,
1564088709402592256,-0.91421,19.25656,0.04669,0.65669,-0.75372,0.01386,-0.02178,
1564088709448134912,-0.91542,19.25494,0.04904,0.65646,-0.75392,0.01395,-0.02178,
1564088709499800320,-0.90933,19.25796,0.05833,0.65495,-0.75526,0.01441,-0.02042,
1564088709541232128,-0.90906,19.25271,0.03837,0.65864,-0.75207,0.01333,-0.02033,
1564088709603311360,-0.90433,19.25187,0.03805,0.65878,-0.75202,0.01062,-0.01925,
1564088709647887104,-0.91207,19.25184,0.03991,0.65861,-0.75213,0.00857,-0.02126,
1564088709698854912,-0.90091,19.24850,0.03511,0.65943,-0.75151,0.00741,-0.01797,
1564088709743464960,-0.90116,19.24628,0.03398,0.65984,-0.75114,0.00305,-0.01959,
1564088709805559808,-0.90232,19.24428,0.03010,0.66060,-0.75046,-0.00075,-0.02012,
1564088709850512384,-0.90334,19.24544,0.03582,0.65956,-0.75137,-0.00071,-0.02050,
1564088709898666496,-0.89577,19.24446,0.03420,0.66001,-0.75102,0.00001,-0.01887,
1564088709945880320,-0.90548,19.24817,0.04262,0.65862,-0.75217,-0.00040,-0.02129,
1564088710006224640,-0.90789,19.24861,0.04183,0.65875,-0.75204,0.00033,-0.02181,
1564088710051079680,-0.90156,19.24385,0.03098,0.66071,-0.75037,0.00079,-0.02015,
1564088710099962112,-0.90023,19.24350,0.03113,0.66075,-0.75034,0.00159,-0.01996,
1564088710143091712,-0.90088,19.24613,0.03946,0.65932,-0.75160,0.00401,-0.01942,
1564088710183395072,-0.90353,19.24423,0.02865,0.66114,-0.74997,0.00354,-0.02050,
1564088710242393344,-0.90243,19.24541,0.03294,0.66042,-0.75061,0.00395,-0.02011,
1564088710290416384,-0.89977,19.24494,0.03186,0.66056,-0.75051,0.00378,-0.01935,
1564088710335565312,-0.90996,19.24707,0.03694,0.65958,-0.75131,0.00283,-0.02192,
1564088710379076096,-0.90676,19.24638,0.03859,0.65935,-0.75153,0.00180,-0.02145,
1564088710475649280,-0.89787,19.23851,0.01802,0.66305,-0.74832,0.00131,-0.01958,
1564088710528752128,-0.90171,19.23882,0.01888,0.66294,-0.74841,0.00037,-0.01992,
1564088710579774208,-0.89888,19.24088,0.02489,0.66184,-0.74938,0.00064,-0.01992,
1564088710633647104,-0.90295,19.24283,0.03556,0.66001,-0.75098,0.00124,-0.02043,
1564088710682120448,-0.89994,19.24255,0.02931,0.66103,-0.75011,0.00168,-0.01954,
1564088710746215680,-0.89933,19.24318,0.03180,0.66060,-0.75048,0.00243,-0.01965,
1564088710793510656,-0.89332,19.24096,0.02567,0.66147,-0.74975,0.00290,-0.01774,
1564088710834400256,-0.89345,19.24061,0.02595,0.66151,-0.74972,0.00314,-0.01778,
1564088710877135104,-0.89773,19.24163,0.02718,0.66153,-0.74967,0.00337,-0.01896,
1564088710981208576,-0.89891,19.24338,0.02907,0.66102,-0.75011,0.00124,-0.01967,
1564088711032734208,-0.90423,19.24242,0.02366,0.66187,-0.74933,0.00068,-0.02077,
1564088711078821376,-0.90469,19.24300,0.02773,0.66125,-0.74987,0.00110,-0.02104,
1564088711120659456,-0.89840,19.24153,0.02828,0.66130,-0.74987,0.00201,-0.01947,
1564088711169719296,-0.89805,19.24210,0.02822,0.66126,-0.74990,0.00226,-0.01952,
1564088711222387456,-0.89830,19.24355,0.03519,0.66001,-0.75100,0.00226,-0.01951,
1564088711281203200,-0.89936,19.24448,0.03501,0.66003,-0.75098,0.00232,-0.01962,
1564088711336813056,-0.90268,19.24386,0.03080,0.66071,-0.75035,0.00239,-0.02055,
1564088711386518528,-0.90444,19.24390,0.02840,0.66115,-0.74996,0.00215,-0.02092,
1564088711452417024,-0.90337,19.24548,0.03784,0.65950,-0.75142,0.00180,-0.02054,
1564088711504542464,-0.90111,19.24485,0.03819,0.65951,-0.75142,0.00210,-0.02008,
1564088711619289344,-0.90102,19.24343,0.02878,0.66116,-0.74997,0.00184,-0.02010,
1564088711677370112,-0.89955,19.24126,0.02938,0.66111,-0.75003,0.00194,-0.01981,
1564088711734220544,-0.90216,19.24240,0.02902,0.66110,-0.75002,0.00178,-0.02040,
1564088711787621120,-0.91146,19.24845,0.03770,0.65954,-0.75132,0.00123,-0.02277,
1564088711835779328,-0.89983,19.24493,0.04114,0.65912,-0.75177,0.00191,-0.01971,
1564088711885868800,-0.89355,19.23913,0.02255,0.66233,-0.74899,0.00250,-0.01820,
1564088711933324800,-0.89952,19.24274,0.03205,0.66061,-0.75047,0.00191,-0.01970,
1564088711987030016,-0.89963,19.23945,0.02031,0.66266,-0.74866,0.00187,-0.01974,
1564088712033650432,-0.90119,19.24591,0.03814,0.65950,-0.75143,0.00190,-0.02012,
1564088712088076800,-0.90271,19.24107,0.02589,0.66162,-0.74956,0.00208,-0.02045,
1564088712138852096,-0.90477,19.24442,0.03149,0.66060,-0.75044,0.00208,-0.02093,
1564088712189445376,-0.89856,19.24305,0.03478,0.66013,-0.75090,0.00266,-0.01930,
1564088712239225088,-0.90610,19.24492,0.03531,0.65992,-0.75103,0.00197,-0.02138,
1564088712302051840,-0.90793,19.24659,0.03514,0.65988,-0.75106,0.00185,-0.02166,
1564088712356761856,-0.89952,19.24110,0.02657,0.66143,-0.74975,0.00247,-0.01966,
1564088712407819008,-0.90053,19.24207,0.02656,0.66145,-0.74972,0.00232,-0.01991,
1564088712468020224,-0.89938,19.24435,0.03472,0.65994,-0.75105,0.00243,-0.01980,
1564088712514139648,-0.90404,19.24462,0.03235,0.66042,-0.75061,0.00353,-0.02041,
1564088712557672960,-0.90515,19.24823,0.04374,0.65841,-0.75236,0.00371,-0.02074,
1564088712609881600,-0.90355,19.24862,0.04367,0.65843,-0.75235,0.00400,-0.02056,
1564088712671197952,-0.90749,19.24921,0.03763,0.65947,-0.75141,0.00403,-0.02138,
1564088712726662656,-0.90703,19.24775,0.03752,0.65947,-0.75142,0.00399,-0.02137,
1564088712770027520,-0.89768,19.24628,0.03595,0.65966,-0.75131,0.00463,-0.01908,
1564088712812437248,-0.89740,19.24663,0.03587,0.65973,-0.75124,0.00496,-0.01913,
