1024407155416,-0.01266,-0.11999,0.06093,0.76161,0.00498,-0.64781,-0.01617
1024507104449,-0.02852,-0.13812,0.06083,0.76248,-0.00768,-0.64654,-0.02332
1024607053420,-0.03838,-0.15311,0.15549,0.76281,-0.01824,-0.64488,-0.04380
1024707152449,-0.05526,-0.16028,0.14089,0.76187,-0.03180,-0.64380,-0.06380
1024807101449,-0.07637,-0.16420,0.12083,0.75988,-0.05149,-0.64305,-0.08011
1024907050420,-0.09808,-0.16838,0.13618,0.75508,-0.07913,-0.64183,-0.10794
1025006999415,-0.12619,-0.16839,0.14645,0.74757,-0.10982,-0.63673,-0.15380
1025107098449,-0.14805,-0.16725,0.14835,0.73826,-0.13927,-0.62907,-0.19962
1025207047449,-0.17763,-0.15924,0.14853,0.72510,-0.18119,-0.61887,-0.24167
1025306996449,-0.19999,-0.15495,0.14859,0.71308,-0.21032,-0.61105,-0.27184
1025407095449,-0.21817,-0.15163,0.14973,0.70110,-0.23519,-0.60208,-0.30108
1025507044449,-0.23252,-0.15312,0.14842,0.69383,-0.25046,-0.59642,-0.31647
1025606993449,-0.23298,-0.17519,0.14219,0.70444,-0.23290,-0.60292,-0.29328
1025706943673,-0.21971,-0.20505,0.13334,0.72098,-0.19838,-0.61452,-0.25141
1025807041420,-0.20665,-0.23183,0.12798,0.72777,-0.17294,-0.62389,-0.22629
1025906990449,-0.19478,-0.24852,0.12038,0.72640,-0.16976,-0.62697,-0.22455
1026006939449,-0.18101,-0.26521,0.11439,0.72720,-0.17132,-0.62523,-0.22566
1026107038415,-0.16486,-0.27464,0.11333,0.72443,-0.17385,-0.62505,-0.23300
1026206987449,-0.15361,-0.27904,0.11162,0.72229,-0.18323,-0.62421,-0.23469
1026306936449,-0.13908,-0.27929,0.09858,0.71629,-0.18819,-0.62454,-0.24791
1026407035415,-0.11794,-0.27730,0.09345,0.71761,-0.18414,-0.62629,-0.24268
1026506984415,-0.10653,-0.26778,0.09728,0.71617,-0.18068,-0.62799,-0.24513
1026606933415,-0.10335,-0.25517,0.08988,0.71567,-0.18050,-0.62896,-0.24424
1026706882449,-0.10847,-0.23906,0.08994,0.71594,-0.17347,-0.63048,-0.24463
1026806981420,-0.11985,-0.22646,0.09360,0.71329,-0.16446,-0.62990,-0.25959
1026906930449,-0.13246,-0.21544,0.09893,0.71675,-0.15788,-0.62927,-0.25564
1027006879449,-0.15115,-0.20663,0.10634,0.71539,-0.14919,-0.62794,-0.26768
1027106968842,-0.17697,-0.19720,0.11256,0.71597,-0.14314,-0.62570,-0.27460
1027206907785,-0.20815,-0.19171,0.11970,0.71755,-0.14055,-0.62355,-0.27668
1027306846876,-0.23644,-0.18870,0.12642,0.72418,-0.14185,-0.62060,-0.26514
1027406785857,-0.25646,-0.19181,0.13358,0.72745,-0.14150,-0.61735,-0.26395
1027506875319,-0.27265,-0.19723,0.14025,0.73133,-0.14625,-0.61395,-0.25852
1027606813824,-0.28639,-0.20621,0.14457,0.72870,-0.15219,-0.61059,-0.27023
1027706752829,-0.28683,-0.21549,0.14172,0.72729,-0.16022,-0.60879,-0.27341
1027806841848,-0.29060,-0.22667,0.13886,0.72426,-0.16925,-0.60749,-0.27885
1027906780810,-0.29368,-0.23887,0.13508,0.71977,-0.17883,-0.60726,-0.28493
1028006719858,-0.28839,-0.25128,0.12934,0.72047,-0.19219,-0.60630,-0.27638
1028106668448,-0.27750,-0.26307,0.12626,0.71807,-0.20273,-0.60455,-0.27893
1028206767448,-0.26658,-0.27205,0.12266,0.71382,-0.21366,-0.60294,-0.28509
1028306716415,-0.25419,-0.28387,0.13564,0.70931,-0.22099,-0.60520,-0.28596
1028406665448,-0.23645,-0.29839,0.12803,0.70643,-0.22510,-0.60735,-0.28532
1028506764420,-0.21761,-0.30703,0.12262,0.69851,-0.22727,-0.60841,-0.30046
1028606713448,-0.19637,-0.30958,0.09892,0.69469,-0.22801,-0.61109,-0.30330
1028706662420,-0.17709,-0.31153,0.09520,0.69600,-0.23295,-0.61253,-0.29348
1028806611448,-0.16738,-0.30854,0.09442,0.69472,-0.23183,-0.61309,-0.29621
1028906710448,-0.15878,-0.29653,0.09129,0.70454,-0.23145,-0.61414,-0.26996
1029006659448,-0.15401,-0.28890,0.08995,0.70446,-0.22331,-0.61729,-0.26987
1029106608448,-0.15602,-0.27712,0.09355,0.71381,-0.21940,-0.61750,-0.24707
1029206707448,-0.16486,-0.26215,0.09664,0.71456,-0.21246,-0.61793,-0.24986
1029306656415,-0.17804,-0.24907,0.10109,0.70990,-0.19892,-0.61960,-0.26938
1029406605386,-0.19656,-0.23549,0.10671,0.71087,-0.19236,-0.61982,-0.27106
1029506554448,-0.21729,-0.22292,0.11316,0.71145,-0.18835,-0.61862,-0.27509
1029606653448,-0.24131,-0.21333,0.12039,0.71540,-0.18900,-0.61567,-0.27099
1029706602448,-0.26500,-0.20850,0.12612,0.71215,-0.18696,-0.61282,-0.28696
1029806551420,-0.28897,-0.20233,0.12983,0.71125,-0.18970,-0.61062,-0.29202
1029906650420,-0.30445,-0.19970,0.13089,0.71026,-0.19580,-0.60835,-0.29513
1030006599448,-0.32306,-0.20011,0.12904,0.71142,-0.20429,-0.60648,-0.29038
1030106548391,-0.33083,-0.20930,0.12533,0.71056,-0.21417,-0.60455,-0.28940
1030206497415,-0.33850,-0.22458,0.12106,0.70923,-0.22359,-0.60268,-0.28943
1030306596448,-0.33801,-0.24707,0.11530,0.70723,-0.22980,-0.60156,-0.29180
1030406545415,-0.33407,-0.26565,0.10979,0.70696,-0.24305,-0.59895,-0.28703
1030506494448,-0.32710,-0.28634,0.10500,0.70417,-0.25186,-0.59771,-0.28888
1030606593419,-0.32049,-0.31015,0.09988,0.70123,-0.25354,-0.59986,-0.29010
1030706542448,-0.30578,-0.33492,0.09751,0.69702,-0.24920,-0.60331,-0.29678
1030806491448,-0.29264,-0.35774,0.09497,0.69558,-0.24207,-0.60736,-0.29779
1030906440415,-0.27577,-0.37701,0.09275,0.69375,-0.23165,-0.61245,-0.29994
1031006539448,-0.25656,-0.38907,0.09241,0.69436,-0.22066,-0.61743,-0.29657
1031106488419,-0.24037,-0.39668,0.09032,0.69613,-0.20968,-0.62142,-0.29202
1031206437415,-0.22490,-0.39832,0.08943,0.69943,-0.20121,-0.62430,-0.28383
1031306536419,-0.21763,-0.39242,0.09188,0.70257,-0.19611,-0.62453,-0.27910
1031406485448,-0.21865,-0.38167,0.09344,0.70584,-0.18869,-0.62533,-0.27412
1031506434391,-0.22655,-0.36574,0.09571,0.71235,-0.18490,-0.62560,-0.25883
1031606383448,-0.23981,-0.34969,0.09704,0.71779,-0.17974,-0.62662,-0.24458
1031706482448,-0.25304,-0.33427,0.09785,0.71600,-0.17048,-0.62795,-0.25291
1031806431419,-0.26904,-0.32152,0.09934,0.71369,-0.16021,-0.62889,-0.26358
1031906380448,-0.29142,-0.31080,0.10188,0.71583,-0.15093,-0.62948,-0.26185
1032006479448,-0.31238,-0.30901,0.10593,0.71921,-0.14288,-0.62940,-0.25724
1032106428448,-0.32917,-0.30855,0.11157,0.71704,-0.13651,-0.62777,-0.27042
1032206377448,-0.34247,-0.31210,0.11537,0.71754,-0.13640,-0.62599,-0.27324
1032306326448,-0.35142,-0.31913,0.11911,0.71988,-0.14134,-0.62398,-0.26916
1032406425419,-0.35645,-0.32986,0.12186,0.71770,-0.14581,-0.62155,-0.27808
1032506374419,-0.35890,-0.34202,0.12201,0.71600,-0.15425,-0.61976,-0.28185
1032606323386,-0.35924,-0.35620,0.11710,0.71331,-0.16411,-0.61943,-0.28384
1032706422448,-0.36052,-0.37368,0.10642,0.71178,-0.17358,-0.62143,-0.27761
1032806371448,-0.35202,-0.39117,0.09669,0.70677,-0.18358,-0.62325,-0.27988
1032906320414,-0.34104,-0.41145,0.08696,0.70346,-0.19051,-0.62522,-0.27918
1033006269419,-0.31949,-0.43322,0.08271,0.70103,-0.19685,-0.62566,-0.27994
1033106368414,-0.29758,-0.45413,0.08044,0.69692,-0.19846,-0.62645,-0.28721
1033206317448,-0.27349,-0.47035,0.07968,0.69592,-0.20178,-0.62659,-0.28699
1033306266414,-0.25193,-0.48175,0.07815,0.69290,-0.20031,-0.62767,-0.29290
1033406365429,-0.23311,-0.48737,0.07763,0.69496,-0.19915,-0.62893,-0.28605
1033506314414,-0.21815,-0.48785,0.07694,0.69605,-0.19176,-0.63154,-0.28266
1033606263448,-0.20923,-0.48494,0.07727,0.69950,-0.18302,-0.63386,-0.27465
1033706212414,-0.20807,-0.47739,0.07905,0.70244,-0.17050,-0.63619,-0.26976
1033806311419,-0.21314,-0.46286,0.08190,0.70305,-0.15553,-0.63775,-0.27352
1033906260447,-0.22292,-0.44667,0.08381,0.70302,-0.14344,-0.63847,-0.27846
1034006209390,-0.23660,-0.42427,0.08765,0.70598,-0.13782,-0.63837,-0.27401
1034106308419,-0.24849,-0.40209,0.09019,0.70539,-0.13298,-0.63735,-0.28023
1034206257414,-0.26662,-0.38101,0.09322,0.70448,-0.12903,-0.63597,-0.28741
1034306206419,-0.28892,-0.36220,0.09854,0.70194,-0.12658,-0.63335,-0.30020
1034406155419,-0.31122,-0.34818,0.10131,0.70252,-0.12806,-0.63143,-0.30226
1034506254443,-0.33245,-0.33849,0.10496,0.70443,-0.13307,-0.62968,-0.29928
1034606203447,-0.34901,-0.33552,0.10992,0.70380,-0.14123,-0.62642,-0.30384
1034706152385,-0.36557,-0.33702,0.11507,0.70409,-0.15202,-0.62267,-0.30566
1034806251447,-0.37628,-0.34583,0.11723,0.70348,-0.16337,-0.61960,-0.30744
1034906200447,-0.38498,-0.35927,0.11809,0.70245,-0.17321,-0.61702,-0.30961
1035006149419,-0.38753,-0.37282,0.11786,0.70103,-0.18396,-0.61484,-0.31096
1035106098447,-0.38407,-0.39159,0.11480,0.69967,-0.19376,-0.61354,-0.31063
1035206197447,-0.37364,-0.40627,0.10953,0.70026,-0.20459,-0.61280,-0.30374
1035306146447,-0.36132,-0.42429,0.10434,0.69954,-0.21143,-0.61335,-0.29958
1035406095414,-0.34436,-0.44366,0.10075,0.69867,-0.21508,-0.61459,-0.29644
1035506194447,-0.32426,-0.45740,0.09821,0.69870,-0.21832,-0.61532,-0.29246
1035606143447,-0.30173,-0.47154,0.09636,0.69981,-0.21918,-0.61613,-0.28741
1035706092447,-0.28142,-0.47760,0.09434,0.69856,-0.21575,-0.61865,-0.28766
1035806191447,-0.26263,-0.47763,0.09196,0.69841,-0.20919,-0.62154,-0.28662
1035906140447,-0.24819,-0.47579,0.09037,0.70042,-0.20040,-0.62483,-0.28079
1036006089452,-0.23990,-0.46966,0.08916,0.70358,-0.19058,-0.62792,-0.27271
1036106038385,-0.23756,-0.45882,0.09147,0.70515,-0.17898,-0.63059,-0.27036
1036206137447,-0.23783,-0.44779,0.09395,0.70739,-0.16787,-0.63199,-0.26833
1036306086447,-0.24450,-0.43731,0.09773,0.70820,-0.15428,-0.63324,-0.27140
1036406035419,-0.25907,-0.42364,0.10005,0.71225,-0.14286,-0.63401,-0.26518
1036506134419,-0.27907,-0.40701,0.10161,0.71625,-0.13432,-0.63439,-0.25788
1036606083385,-0.30397,-0.38830,0.10385,0.71886,-0.12969,-0.63370,-0.25463
1036706032452,-0.32878,-0.37199,0.10804,0.71785,-0.12774,-0.63120,-0.26451
1036805981447,-0.35411,-0.35770,0.11322,0.71679,-0.13068,-0.62785,-0.27373
1036906080414,-0.37568,-0.34910,0.11869,0.71427,-0.13475,-0.62464,-0.28546
1037006029414,-0.39231,-0.34726,0.12068,0.71221,-0.14549,-0.62133,-0.29246
1037105978418,-0.40576,-0.34914,0.12255,0.70921,-0.15924,-0.61818,-0.29920
1037206077414,-0.41480,-0.35697,0.12294,0.70557,-0.17512,-0.61477,-0.30589
1037306026414,-0.41836,-0.36930,0.12193,0.70397,-0.19125,-0.61215,-0.30517
1037405975447,-0.41589,-0.38734,0.11811,0.70118,-0.20525,-0.60952,-0.30775
1037505924418,-0.40389,-0.40712,0.11217,0.69746,-0.21607,-0.60809,-0.31160
1037606023414,-0.38841,-0.42609,0.10633,0.69280,-0.22388,-0.60798,-0.31664
1037705972418,-0.36519,-0.43890,0.10206,0.68900,-0.23026,-0.60808,-0.32015
1037805921447,-0.34270,-0.45345,0.09982,0.68576,-0.23283,-0.60867,-0.32411
1037906020447,-0.32174,-0.46305,0.09726,0.68515,-0.23298,-0.61052,-0.32180
1038005969418,-0.29723,-0.47544,0.09361,0.68510,-0.22880,-0.61349,-0.31926
1038105919018,-0.27337,-0.48144,0.09213,0.68386,-0.22227,-0.61692,-0.31991
1038205867447,-0.25479,-0.48263,0.09005,0.68638,-0.21591,-0.62035,-0.31215
1038305966447,-0.23326,-0.48268,0.08759,0.68874,-0.20606,-0.62424,-0.30579
1038405915447,-0.22022,-0.47783,0.08568,0.69202,-0.19332,-0.62849,-0.29790
1038505864413,-0.21433,-0.46825,0.08400,0.69587,-0.18001,-0.63237,-0.28890
1038605963418,-0.21390,-0.45817,0.08487,0.69995,-0.16723,-0.63503,-0.28078
1038705912413,-0.21544,-0.44712,0.08710,0.70291,-0.15592,-0.63637,-0.27683
1038805861413,-0.22361,-0.43553,0.08748,0.70797,-0.14745,-0.63749,-0.26580
1038905810390,-0.23642,-0.42262,0.08906,0.71003,-0.13902,-0.63799,-0.26363
1039005909413,-0.25503,-0.41307,0.09188,0.71105,-0.13142,-0.63764,-0.26559
1039105858447,-0.27925,-0.39998,0.09469,0.71391,-0.12939,-0.63665,-0.26129
1039205807447,-0.30585,-0.38900,0.09903,0.71546,-0.12997,-0.63462,-0.26170
1039305906447,-0.33148,-0.38227,0.10395,0.71630,-0.13224,-0.63239,-0.26364
1039405855447,-0.35153,-0.37995,0.10960,0.71550,-0.13911,-0.62894,-0.27046
1039505805013,-0.36682,-0.38486,0.11342,0.71300,-0.15016,-0.62501,-0.28010
1039605753447,-0.37782,-0.39441,0.11493,0.70916,-0.16275,-0.62155,-0.29031
1039705852413,-0.38611,-0.40891,0.11580,0.70656,-0.17690,-0.61808,-0.29574
1039805801418,-0.38731,-0.42237,0.11673,0.70236,-0.19059,-0.61504,-0.30345
1039905750418,-0.37705,-0.43572,0.11283,0.69777,-0.20045,-0.61378,-0.31019
1040005849447,-0.37056,-0.44955,0.10785,0.69799,-0.20934,-0.61374,-0.30382
1040105798418,-0.35456,-0.46314,0.10833,0.69797,-0.21562,-0.61476,-0.29736
1040205747447,-0.33830,-0.47336,0.10539,0.69613,-0.21773,-0.61584,-0.29790
1040305696447,-0.32253,-0.48215,0.05876,0.69576,-0.21683,-0.61779,-0.29537
1040405795413,-0.29419,-0.48981,0.05528,0.69652,-0.21380,-0.62025,-0.29058
1040505744447,-0.26966,-0.50236,0.05257,0.69627,-0.20773,-0.62280,-0.29014
1040605693418,-0.24837,-0.50945,0.05230,0.69806,-0.20057,-0.62523,-0.28562
1040705792413,-0.22561,-0.50881,0.04951,0.70045,-0.19157,-0.62905,-0.27743
1040805741418,-0.21118,-0.50519,0.04989,0.70313,-0.18188,-0.63179,-0.27086
1040905690413,-0.19966,-0.49903,0.05040,0.70603,-0.17175,-0.63453,-0.26342
1041005639446,-0.19039,-0.49142,0.05000,0.71020,-0.16125,-0.63691,-0.25292
1041105738470,-0.18178,-0.48254,0.05011,0.71296,-0.15039,-0.63869,-0.24726
1041205687418,-0.17800,-0.47186,0.05050,0.71608,-0.14084,-0.64006,-0.24025
1041305636418,-0.17721,-0.46011,0.05186,0.71879,-0.13378,-0.64050,-0.23494
1041405735413,-0.18602,-0.43894,0.05354,0.72154,-0.12884,-0.64068,-0.22874
1041505684446,-0.20238,-0.41627,0.05840,0.72361,-0.12818,-0.63923,-0.22659
1041605633446,-0.21886,-0.39725,0.06179,0.72712,-0.13134,-0.63756,-0.21810
1041705582418,-0.23881,-0.37793,0.06435,0.72612,-0.13338,-0.63624,-0.22398
1041805681418,-0.25998,-0.35688,0.06642,0.72421,-0.14015,-0.63384,-0.23266
1041905630418,-0.28327,-0.33871,0.06702,0.72309,-0.15061,-0.63072,-0.23800
1042005579446,-0.30603,-0.32611,0.06773,0.72168,-0.16153,-0.62758,-0.24336
1042105661766,-0.31985,-0.31488,0.06639,0.72161,-0.17617,-0.62362,-0.24358
1042205593375,-0.33296,-0.31363,0.06677,0.72272,-0.19073,-0.61960,-0.23958
1042305524984,-0.33424,-0.31901,0.06775,0.72049,-0.20375,-0.61541,-0.24627
1042405456559,-0.33351,-0.32686,0.06808,0.71798,-0.21277,-0.61205,-0.25422
1042505538175,-0.32211,-0.33728,0.06985,0.71548,-0.21973,-0.60918,-0.26211
1042605470189,-0.30511,-0.34864,0.06921,0.71264,-0.22289,-0.60866,-0.26831
1042705401364,-0.28878,-0.35385,0.06864,0.71130,-0.22391,-0.60890,-0.27048
1042805482947,-0.27170,-0.35956,0.06734,0.70917,-0.22086,-0.61111,-0.27358
1042905414551,-0.24829,-0.36460,0.06522,0.70885,-0.21500,-0.61460,-0.27126
1043005346193,-0.22776,-0.37258,0.06334,0.70983,-0.20718,-0.61789,-0.26725
1043105294446,-0.20686,-0.37913,0.06143,0.70936,-0.19910,-0.62158,-0.26610
1043205393413,-0.18323,-0.38239,0.05841,0.71053,-0.19118,-0.62517,-0.26031
1043305342446,-0.16645,-0.38136,0.05881,0.71273,-0.18377,-0.62729,-0.25446
1043405291413,-0.14957,-0.37592,0.05927,0.71550,-0.17649,-0.62911,-0.24725
1043505390446,-0.13615,-0.36626,0.06017,0.71879,-0.16980,-0.63064,-0.23832
1043605339446,-0.12088,-0.35288,0.05923,0.71946,-0.16361,-0.63240,-0.23598
1043705288413,-0.10589,-0.33819,0.05769,0.71815,-0.15712,-0.63384,-0.24046
1043805237417,-0.09417,-0.31753,0.05963,0.71888,-0.15289,-0.63438,-0.23956
1043905336413,-0.08096,-0.29706,0.06324,0.72008,-0.14928,-0.63420,-0.23874
1044005285446,-0.07808,-0.28237,0.06893,0.71806,-0.14376,-0.63453,-0.24716
1044105234403,-0.07029,-0.26248,0.07468,0.71810,-0.14000,-0.63472,-0.24871
1044205333417,-0.05747,-0.24317,0.07558,0.71999,-0.13815,-0.63601,-0.24088
1044305282413,-0.05026,-0.22423,0.07756,0.72152,-0.13512,-0.63895,-0.22999
1044405231417,-0.04269,-0.20749,0.08067,0.72352,-0.13078,-0.63997,-0.22329
1044505180417,-0.03050,-0.19312,0.08135,0.72618,-0.12452,-0.63993,-0.21827
1044605279417,-0.02266,-0.17920,0.08165,0.72917,-0.11622,-0.64082,-0.21013
1044705229274,-0.01283,-0.16256,0.07994,0.73102,-0.10869,-0.64261,-0.20211
1044805177403,-0.00241,-0.14574,0.08108,0.73319,-0.10168,-0.64506,-0.18973
1044905276413,0.00977,-0.13271,0.11626,0.73442,-0.09477,-0.64707,-0.18153
1045005225384,0.01535,-0.11848,0.11501,0.73625,-0.08686,-0.64820,-0.17383
1045105174446,0.02447,-0.10870,0.11397,0.73882,-0.08279,-0.64896,-0.16171
1045205273417,0.03241,-0.10061,0.09923,0.73991,-0.08010,-0.64956,-0.15552
1045305222384,0.03862,-0.09433,0.09771,0.74122,-0.07797,-0.65008,-0.14801
1045405171446,0.04496,-0.09177,0.09600,0.74328,-0.07552,-0.64910,-0.14318
1045505120451,0.04812,-0.08971,0.09440,0.74596,-0.07332,-0.64702,-0.13976
1045605219422,0.05232,-0.08823,0.09211,0.74721,-0.07298,-0.64579,-0.13899
1045705168489,0.05193,-0.08744,0.09011,0.74887,-0.07419,-0.64487,-0.13354
1045805117393,0.05552,-0.08818,0.08766,0.75014,-0.07470,-0.64302,-0.13500
1045905216446,0.05779,-0.08757,0.08585,0.75162,-0.07438,-0.64168,-0.13335
1046005165446,0.05712,-0.08764,0.08384,0.75264,-0.07389,-0.64029,-0.13451
1046105114417,0.05841,-0.08708,0.08156,0.75273,-0.07391,-0.64007,-0.13508
1046205063446,0.05755,-0.08521,0.08098,0.75253,-0.07344,-0.64025,-0.13561
1046305162412,0.05488,-0.08504,0.07679,0.75106,-0.07262,-0.64071,-0.14189
1046405111446,0.05159,-0.08373,0.07236,0.75017,-0.07329,-0.64103,-0.14472
1046505060446,0.04875,-0.08056,0.06746,0.74925,-0.07344,-0.64181,-0.14601
1046605159446,0.04528,-0.07759,0.06232,0.74892,-0.07620,-0.64327,-0.13967
1046705108446,0.04203,-0.07446,0.05702,0.74855,-0.07800,-0.64493,-0.13287
1046871690112,0.03903,-0.06799,0.04840,0.74660,-0.08212,-0.64756,-0.12850
1046905006384,0.03742,-0.06633,0.04667,0.74629,-0.08271,-0.64815,-0.12691
1047005105412,0.03318,-0.06089,0.03931,0.74637,-0.08733,-0.65023,-0.11183
1047105054412,0.02777,-0.05764,0.03633,0.74562,-0.08886,-0.65209,-0.10460
1047205003417,0.02513,-0.05582,0.02908,0.74290,-0.08894,-0.65414,-0.11087
1047305102445,0.02354,-0.05470,0.02450,0.74393,-0.09267,-0.65505,-0.09427
1047405051445,0.02062,-0.05220,0.02100,0.74284,-0.09344,-0.65620,-0.09409
1047505000445,0.01855,-0.05003,0.01947,0.74277,-0.09477,-0.65670,-0.08976
1047604949384,0.01899,-0.04880,0.01553,0.74182,-0.09565,-0.65767,-0.08955
1047705048445,0.01740,-0.04876,0.01321,0.74210,-0.09714,-0.65796,-0.08334
1047804997388,0.01609,-0.04759,0.01148,0.74096,-0.09597,-0.65863,-0.08927
1047904946445,0.01396,-0.04662,0.01122,0.74032,-0.09630,-0.65912,-0.09062
1048005045445,0.01302,-0.04685,0.00902,0.74049,-0.09684,-0.65966,-0.08448
1048104994445,0.01132,-0.04628,0.00898,0.74035,-0.09711,-0.66038,-0.07969
1048204943445,0.01166,-0.04552,0.00760,0.73983,-0.09932,-0.66140,-0.07308
1048304892417,0.00957,-0.04461,0.00953,0.73914,-0.09782,-0.66186,-0.07779
1048404991445,0.00972,-0.04491,0.00897,0.73829,-0.09692,-0.66262,-0.08042
1048504940383,0.00724,-0.04268,0.00879,0.73737,-0.09721,-0.66307,-0.08471
1048604889445,0.00794,-0.04279,0.00944,0.73734,-0.09751,-0.66305,-0.08479
1048704988412,0.00731,-0.04257,0.00932,0.73744,-0.09708,-0.66304,-0.08455
1048804937417,0.00581,-0.04126,0.00953,0.73693,-0.09891,-0.66319,-0.08561
1048904886383,0.00611,-0.04120,0.00934,0.73691,-0.09890,-0.66322,-0.08558
1049004835445,0.00499,-0.04051,0.00824,0.73648,-0.09960,-0.66351,-0.08619
1049104934445,0.00427,-0.04035,0.00853,0.73647,-0.09955,-0.66352,-0.08622
1049204883412,0.00596,-0.04133,0.00627,0.73625,-0.10022,-0.66364,-0.08645
1049304832445,0.00581,-0.04115,0.00650,0.73628,-0.10029,-0.66360,-0.08645
1049404931445,0.00536,-0.04080,0.00684,0.73631,-0.10042,-0.66353,-0.08651
1049504880412,0.00559,-0.04070,0.00713,0.73633,-0.10045,-0.66349,-0.08662
1049604829445,0.00504,-0.04002,0.00736,0.73631,-0.10040,-0.66351,-0.08668
1049704778417,0.00431,-0.03992,0.00744,0.73633,-0.10025,-0.66353,-0.08662
1049804877412,0.00347,-0.03964,0.00763,0.73636,-0.10029,-0.66349,-0.08662
1049904826412,0.00277,-0.03934,0.00797,0.73637,-0.10034,-0.66346,-0.08666
1050004775445,0.00379,-0.04025,0.00814,0.73648,-0.10009,-0.66340,-0.08647
1050104874445,0.00405,-0.04031,0.00833,0.73650,-0.10031,-0.66333,-0.08655
1050204823416,0.00617,-0.04188,0.00736,0.73630,-0.10054,-0.66351,-0.08662
1050304772445,0.00593,-0.04176,0.00741,0.73632,-0.10027,-0.66356,-0.08638
1050404721445,0.00660,-0.04082,0.00652,0.73628,-0.10009,-0.66365,-0.08629
1050504820445,0.00691,-0.04080,0.00685,0.73631,-0.10015,-0.66359,-0.08636
1050604769445,0.00810,-0.04124,0.00559,0.73626,-0.09963,-0.66382,-0.08574
1050704718412,0.00853,-0.04094,0.00516,0.73624,-0.09949,-0.66386,-0.08563
1050804817445,0.00831,-0.04126,0.00536,0.73626,-0.09940,-0.66386,-0.08555
1050904766445,0.00876,-0.04119,0.00514,0.73632,-0.09929,-0.66384,-0.08543
1051004715445,0.00967,-0.04155,0.00580,0.73655,-0.09890,-0.66371,-0.08486
1051104664383,0.01075,-0.04251,0.00559,0.73655,-0.09871,-0.66377,-0.08463
1051204763445,0.01147,-0.04183,0.00571,0.73650,-0.09895,-0.66375,-0.08488
1051304712412,0.01213,-0.04211,0.00567,0.73651,-0.09894,-0.66374,-0.08491
1051404661416,0.01124,-0.04157,0.00525,0.73641,-0.09898,-0.66385,-0.08491
1051504760445,0.01123,-0.04142,0.00540,0.73656,-0.09897,-0.66370,-0.08475
1051604709388,0.01048,-0.04018,0.00524,0.73643,-0.09949,-0.66369,-0.08536
1051704658483,0.00984,-0.03938,0.00520,0.73636,-0.09941,-0.66377,-0.08541
1051804607383,0.00988,-0.03889,0.00592,0.73646,-0.09949,-0.66364,-0.08549
1051904706445,0.01040,-0.03889,0.00610,0.73649,-0.09937,-0.66364,-0.08543
1052004655416,0.00987,-0.03917,0.00535,0.73652,-0.09883,-0.66375,-0.08491
1052104605050,0.01034,-0.03972,0.00498,0.73653,-0.09885,-0.66376,-0.08474
1052204703445,0.01049,-0.03991,0.00560,0.73646,-0.09937,-0.66368,-0.08531
1052304652416,0.01054,-0.03952,0.00591,0.73649,-0.09966,-0.66356,-0.08563
1052404601416,0.01111,-0.03976,0.00608,0.73650,-0.09960,-0.66357,-0.08560
1052504550445,0.01096,-0.03955,0.00636,0.73649,-0.09956,-0.66357,-0.08569
1052604649445,0.01131,-0.03919,0.00661,0.73651,-0.09960,-0.66353,-0.08580
1052704598445,0.01184,-0.03986,0.00609,0.73649,-0.09929,-0.66364,-0.08550
1052804547445,0.01124,-0.03951,0.00600,0.73652,-0.09921,-0.66362,-0.08544
1052904646445,0.01040,-0.03905,0.00622,0.73652,-0.09932,-0.66359,-0.08554
1053004595411,0.01027,-0.03863,0.00659,0.73652,-0.09954,-0.66354,-0.08573
1053104544445,0.01030,-0.03800,0.00673,0.73653,-0.09950,-0.66354,-0.08571
1053204493445,0.00994,-0.03718,0.00667,0.73654,-0.09960,-0.66350,-0.08578
1053304592416,0.00998,-0.03685,0.00654,0.73651,-0.09925,-0.66363,-0.08546
1053404541416,0.01171,-0.03818,0.00493,0.73649,-0.09833,-0.66390,-0.08454
1053504490445,0.01102,-0.03789,0.00587,0.73649,-0.09875,-0.66379,-0.08497
1053604589411,0.01193,-0.03844,0.00544,0.73660,-0.09862,-0.66372,-0.08471
1053704538430,0.01046,-0.03684,0.00608,0.73657,-0.09871,-0.66373,-0.08477
1053804487445,0.01038,-0.03720,0.00630,0.73653,-0.09863,-0.66379,-0.08477
1053904436411,0.01095,-0.03726,0.00739,0.73666,-0.09888,-0.66358,-0.08495
1054004535444,0.01040,-0.03702,0.00664,0.73658,-0.09867,-0.66371,-0.08491
1054104484444,0.01146,-0.03628,0.00649,0.73653,-0.09885,-0.66374,-0.08489
1054204433411,0.01220,-0.03656,0.00706,0.73668,-0.09871,-0.66362,-0.08472
1054304532411,0.01137,-0.03616,0.00818,0.73677,-0.09859,-0.66351,-0.08485
1054404481383,0.01114,-0.03621,0.00818,0.73677,-0.09851,-0.66353,-0.08485
1054504430444,0.01018,-0.03624,0.00934,0.73679,-0.09856,-0.66346,-0.08509
1054604529411,0.01008,-0.03636,0.00871,0.73674,-0.09892,-0.66352,-0.08466
1054704478411,0.00937,-0.03721,0.00981,0.73659,-0.09898,-0.66363,-0.08507
1054804427444,0.00889,-0.03756,0.00932,0.73668,-0.09848,-0.66366,-0.08458
1054904376444,0.00880,-0.03713,0.00941,0.73692,-0.09886,-0.66338,-0.08428
1055004475444,0.00808,-0.03692,0.00943,0.73698,-0.09884,-0.66330,-0.08442
1055104424444,0.00892,-0.03618,0.00946,0.74022,-0.10023,-0.66105,-0.07099
1055204373901,0.01065,-0.03443,0.01204,0.74631,-0.11075,-0.65606,-0.01861
1055304472411,0.01269,-0.03686,0.01607,0.74765,-0.11040,-0.65447,-0.02220
1055404421416,0.02029,-0.04215,0.02381,0.74443,-0.09938,-0.65508,-0.08257
1055504370411,0.02662,-0.04618,0.03252,0.74503,-0.09594,-0.65348,-0.09325
1055604319444,0.03786,-0.05972,0.04451,0.74253,-0.08536,-0.65144,-0.13033
1055704418411,0.04272,-0.06480,0.05662,0.74393,-0.08071,-0.64788,-0.14249
1055804367444,0.04660,-0.07295,0.06791,0.74441,-0.07657,-0.64632,-0.14917
1055904316382,0.04303,-0.07978,0.07590,0.74354,-0.07391,-0.64737,-0.15029
1056004415411,0.03451,-0.09081,0.08159,0.73969,-0.07450,-0.65252,-0.14675
1056104364444,0.02645,-0.10478,0.09109,0.73318,-0.07602,-0.65979,-0.14609
1056204313411,0.01660,-0.12159,0.10389,0.72810,-0.07961,-0.66540,-0.14413
1056304262416,0.00310,-0.13726,0.11259,0.72495,-0.08372,-0.66845,-0.14354
1056404361444,-0.01280,-0.15629,0.11922,0.72348,-0.08546,-0.66858,-0.14924
1056504310444,-0.02880,-0.16960,0.11959,0.72348,-0.08911,-0.66747,-0.15205
1056604259416,-0.04764,-0.17976,0.12079,0.72145,-0.09060,-0.66705,-0.16231
1056704358387,-0.06602,-0.18525,0.11809,0.72083,-0.09653,-0.66631,-0.16470
1056804307444,-0.08430,-0.18804,0.12069,0.71941,-0.10337,-0.66388,-0.17613
1056904256444,-0.10650,-0.19263,0.12288,0.71801,-0.10894,-0.66083,-0.18948
1057004205444,-0.12894,-0.19578,0.12635,0.71811,-0.11611,-0.65732,-0.19689
1057104302571,-0.15522,-0.19806,0.12843,0.71916,-0.12562,-0.65332,-0.20053
1057204249572,-0.18072,-0.20132,0.12720,0.71999,-0.13661,-0.64843,-0.20612
1057304196573,-0.20482,-0.20643,0.12831,0.72039,-0.14723,-0.64337,-0.21314
1057404293571,-0.22656,-0.21232,0.12878,0.72167,-0.15825,-0.63824,-0.21634
1057504240572,-0.24453,-0.21541,0.12760,0.72135,-0.16887,-0.63358,-0.22297
1057604187539,-0.26059,-0.22127,0.12921,0.72175,-0.17715,-0.63036,-0.22437
1057704134540,-0.27282,-0.22560,0.12992,0.72152,-0.18483,-0.62795,-0.22568
1057804231510,-0.28405,-0.23150,0.12984,0.72090,-0.18971,-0.62546,-0.23048
1057904178511,-0.28908,-0.23474,0.12863,0.72019,-0.19382,-0.62269,-0.23667
1058004125564,-0.29756,-0.24150,0.12688,0.72071,-0.19612,-0.62091,-0.23788
1058104224415,-0.30060,-0.25120,0.12436,0.72075,-0.19559,-0.62003,-0.24049
1058204173444,-0.30544,-0.26694,0.12007,0.72102,-0.19191,-0.62006,-0.24254
1058304122444,-0.31057,-0.28537,0.11576,0.72297,-0.18706,-0.61979,-0.24122
1058404071444,-0.31772,-0.30306,0.11163,0.72479,-0.18165,-0.61881,-0.24239
1058504170410,-0.32139,-0.32403,0.10920,0.72447,-0.17585,-0.62270,-0.23763
1058604119444,-0.32352,-0.34328,0.10509,0.72584,-0.16871,-0.62597,-0.22990
1058704068444,-0.32671,-0.36602,0.09760,0.72567,-0.15812,-0.63044,-0.22573
1058804167415,-0.33059,-0.39639,0.08895,0.72629,-0.14461,-0.63522,-0.21928
1058904116410,-0.32507,-0.42014,0.08429,0.72733,-0.13140,-0.63928,-0.21224
1059004065410,-0.31840,-0.43498,0.08123,0.73039,-0.12253,-0.64170,-0.19936
1059104014415,-0.30848,-0.44433,0.07826,0.73463,-0.11488,-0.64417,-0.17937
1059204113410,-0.30197,-0.44608,0.07802,0.73712,-0.10602,-0.64582,-0.16832
1059304062444,-0.29776,-0.44264,0.07751,0.73856,-0.09615,-0.64709,-0.16300
1059404011444,-0.29476,-0.43651,0.07765,0.74076,-0.08618,-0.64866,-0.15196
1059504110382,-0.29781,-0.43043,0.07737,0.74219,-0.07548,-0.64959,-0.14660
1059604059444,-0.30348,-0.42235,0.07919,0.74306,-0.06320,-0.64967,-0.14763
1059704008410,-0.30879,-0.41096,0.08210,0.74570,-0.05453,-0.64966,-0.13746
1059803957444,-0.30744,-0.40402,0.08190,0.74819,-0.04696,-0.64992,-0.12496
1059904056410,-0.30426,-0.39781,0.10532,0.74963,-0.03968,-0.65031,-0.11653
1060004005415,-0.29981,-0.39897,0.10709,0.75021,-0.03335,-0.64976,-0.11782
1060103954410,-0.29331,-0.40075,0.11038,0.75093,-0.03394,-0.64897,-0.11748
1060204053410,-0.28393,-0.40848,0.11147,0.75073,-0.04049,-0.64781,-0.12292
1060304002410,-0.27570,-0.41873,0.11278,0.75032,-0.05110,-0.64653,-0.12811
1060403951429,-0.27078,-0.42840,0.10893,0.74950,-0.06418,-0.64499,-0.13462
1060503900444,-0.26272,-0.44036,0.11042,0.74804,-0.07767,-0.64310,-0.14428
1060603999444,-0.25883,-0.45349,0.11252,0.74575,-0.08983,-0.64112,-0.15733
1060703948410,-0.25253,-0.46773,0.10634,0.74467,-0.10308,-0.63897,-0.16295
1060803897443,-0.25085,-0.48229,0.10529,0.74299,-0.11343,-0.63766,-0.16879
1060903996415,-0.24883,-0.49846,0.10456,0.74119,-0.11889,-0.63679,-0.17606
1061003945410,-0.25039,-0.51198,0.10489,0.73962,-0.11945,-0.63668,-0.18257
1061103894443,-0.25289,-0.52331,0.10388,0.73991,-0.11695,-0.63784,-0.17896
1061203843386,-0.25873,-0.53127,0.08946,0.74143,-0.10959,-0.64058,-0.16711
1061303942443,-0.26481,-0.53994,0.09141,0.74389,-0.09605,-0.64378,-0.15147
1061403891443,-0.27029,-0.54976,0.09101,0.74532,-0.07473,-0.64698,-0.14262
1061503840410,-0.27737,-0.55695,0.09011,0.74752,-0.05208,-0.64960,-0.12849
1061603939410,-0.28687,-0.56198,0.09495,0.75002,-0.03064,-0.65178,-0.10820
1061703888381,-0.29615,-0.56250,0.08860,0.75229,-0.00976,-0.65285,-0.08806
1061803837443,-0.30635,-0.55379,0.08211,0.75456,0.00718,-0.65330,-0.06151
1061903786443,-0.31896,-0.54351,0.08158,0.75600,0.02500,-0.65263,-0.04378
1062003885415,-0.32951,-0.53304,0.08272,0.75697,0.04167,-0.65111,-0.03639
1062103834415,-0.34205,-0.51992,0.07695,0.75764,0.05416,-0.65008,-0.02125
1062203783443,-0.35384,-0.50483,0.07615,0.75795,0.06502,-0.64897,-0.01128
1062303882410,-0.36128,-0.49327,0.07588,0.75780,0.07410,-0.64827,-0.00184
1062403831443,-0.37079,-0.48702,0.07786,0.75808,0.08143,-0.64703,0.00608
1062503780410,-0.38374,-0.48505,0.06808,0.75792,0.08617,-0.64653,0.01173
1062603729443,-0.39983,-0.48740,0.08131,0.75729,0.08777,-0.64702,0.01343
1062703832081,-0.41750,-0.49107,0.08315,0.75732,0.08201,-0.64767,0.01619
1062803777410,-0.43001,-0.50468,0.11565,0.75740,0.07421,-0.64848,0.01743
1062903726443,-0.44404,-0.52013,0.08151,0.75695,0.06494,-0.65006,0.01491
1063003825415,-0.45483,-0.53375,0.08509,0.75675,0.05008,-0.65156,0.01718
1063103774443,-0.46172,-0.54985,0.09401,0.75697,0.03427,-0.65251,0.00725
1063203723443,-0.46521,-0.56527,0.09902,0.75702,0.01827,-0.65311,-0.00658
1063303672443,-0.46358,-0.58176,0.11478,0.75672,0.00111,-0.65369,-0.00799
1063403771429,-0.46307,-0.59820,0.11524,0.75627,-0.01067,-0.65378,-0.02264
1063503720410,-0.45824,-0.61479,0.11611,0.75585,-0.01971,-0.65370,-0.03140
1063603669443,-0.44461,-0.62849,0.11568,0.75523,-0.02397,-0.65391,-0.03821
1063703768410,-0.43336,-0.63951,0.11368,0.75484,-0.02455,-0.65427,-0.03925
1063803717510,-0.41964,-0.65083,0.11169,0.75447,-0.01856,-0.65491,-0.03915
1063903666462,-0.40290,-0.66084,0.11059,0.75436,-0.00725,-0.65551,-0.03456
1064003615414,-0.38870,-0.66383,0.10692,0.75412,0.00887,-0.65638,-0.01953
1064103714414,-0.36912,-0.66773,0.10638,0.75415,0.03115,-0.65594,-0.00559
1064203663410,-0.35147,-0.66897,0.06257,0.75365,0.05635,-0.65446,0.02286
1064303612410,-0.33462,-0.67223,0.06092,0.75333,0.08674,-0.65064,0.04043
1064403711443,-0.32383,-0.67369,0.06038,0.75220,0.11500,-0.64561,0.06443
1064503660443,-0.30483,-0.67676,0.05748,0.75087,0.14076,-0.63984,0.08359
1064603609410,-0.29515,-0.67549,0.05560,0.74847,0.16374,-0.63434,0.10291
1064703708443,-0.28711,-0.67084,0.05316,0.74606,0.18175,-0.62929,0.11982
1064803657443,-0.27710,-0.66591,0.05030,0.74296,0.19664,-0.62502,0.13676
1064903606448,-0.26756,-0.65947,0.05068,0.74034,0.20956,-0.62072,0.15065
1065003555414,-0.25815,-0.65124,0.05067,0.73725,0.22054,-0.61743,0.16313
1065103654443,-0.24053,-0.64354,0.04927,0.73617,0.22855,-0.61422,0.16897
1065203603443,-0.22119,-0.63700,0.10381,0.73505,0.23223,-0.61259,0.17467
1065303552409,-0.20170,-0.62796,0.10359,0.73566,0.23464,-0.61138,0.17312
1065403651443,-0.17581,-0.61832,0.09616,0.73638,0.23152,-0.61154,0.17369
1065503600443,-0.15614,-0.61067,0.09309,0.73760,0.22818,-0.61177,0.17211
1065603549443,-0.13284,-0.60198,0.09458,0.73965,0.22349,-0.61302,0.16486
1065703498443,-0.11813,-0.59201,0.09991,0.73791,0.21615,-0.61733,0.16637
1065803597414,-0.08346,-0.58248,0.09395,0.73921,0.20841,-0.62060,0.15808
1065903546409,-0.06872,-0.57394,0.09867,0.73902,0.20004,-0.62447,0.15453
1066003495414,-0.04737,-0.56905,0.09782,0.74014,0.19251,-0.62719,0.14756
1066103594409,-0.02423,-0.56541,0.09534,0.74006,0.18613,-0.62986,0.14473
1066203543409,-0.00114,-0.56815,0.09270,0.74086,0.18355,-0.63096,0.13903
1066303492443,0.02428,-0.56722,0.09259,0.74100,0.18601,-0.63027,0.13812
1066403441400,0.05486,-0.56651,0.09158,0.73983,0.19309,-0.62823,0.14383
1066503540414,0.08705,-0.56562,0.08832,0.73971,0.20589,-0.62359,0.14690
1066603489409,0.12395,-0.56619,0.08767,0.73839,0.22182,-0.61667,0.15901
1066703438409,0.14998,-0.56835,0.08679,0.73324,0.24159,-0.60909,0.18166
1066803537443,0.16898,-0.57027,0.09024,0.73103,0.26585,-0.59755,0.19454
1066903486443,0.17978,-0.56923,0.08633,0.72450,0.28559,-0.58849,0.21732
1067003435443,0.20048,-0.56995,0.08517,0.72077,0.30502,-0.57818,0.23056
1067103384409,0.21508,-0.56573,0.07637,0.71506,0.31989,-0.57009,0.24770
1067203483443,0.23006,-0.55531,0.07831,0.71305,0.33383,-0.56114,0.25542
1067303432414,0.23162,-0.54983,0.07653,0.70997,0.34650,-0.55327,0.26413
1067403381409,0.23391,-0.54416,0.05543,0.70585,0.35485,-0.54811,0.27465
1067503480442,0.23861,-0.53798,0.05370,0.70555,0.35917,-0.54487,0.27625
1067603429442,0.25120,-0.53558,0.05496,0.70568,0.35825,-0.54536,0.27616
1067703378414,0.26927,-0.53082,0.06604,0.70562,0.35123,-0.55023,0.27567
1067803327442,0.29483,-0.52092,0.06574,0.70711,0.33889,-0.55796,0.27172
1067903426447,0.31941,-0.51580,0.07222,0.71111,0.32469,-0.56556,0.26277
1068003375442,0.34324,-0.50881,0.06613,0.71659,0.30922,-0.57340,0.24918
1068103324442,0.36647,-0.50488,0.04896,0.71903,0.29324,-0.58197,0.24149
1068203423442,0.39013,-0.50319,0.08785,0.72099,0.27712,-0.58984,0.23551
1068303372442,0.40910,-0.49456,0.06781,0.72717,0.26370,-0.59531,0.21747
1068403321414,0.44234,-0.48328,0.08029,0.72901,0.25040,-0.60140,0.21014
1068503270442,0.45610,-0.48123,0.07540,0.73074,0.24109,-0.60569,0.20256
1068603369442,0.47984,-0.47481,0.07901,0.73270,0.23514,-0.60812,0.19505
1068703318442,0.49580,-0.45818,0.08035,0.73113,0.23123,-0.61058,0.19793
1068803267442,0.51345,-0.45424,0.07905,0.72923,0.23417,-0.61063,0.20127
1068903366409,0.53160,-0.44406,0.07590,0.72710,0.24141,-0.60864,0.20641
1069003315442,0.56384,-0.42677,0.07137,0.72696,0.25343,-0.60377,0.20682
1069103264414,0.59039,-0.40920,0.07128,0.72739,0.26841,-0.59640,0.20776
1069203213409,0.61674,-0.39121,0.06960,0.72666,0.28497,-0.58773,0.21291
1069303312414,0.62231,-0.37401,0.05980,0.72049,0.30326,-0.57881,0.23220
1069403261442,0.63325,-0.36167,0.05415,0.71530,0.32243,-0.56892,0.24640
1069503210409,0.65297,-0.34725,0.05765,0.71065,0.34091,-0.55747,0.26072
1069603309442,0.67356,-0.33409,0.04466,0.70595,0.35626,-0.54693,0.27491
1069703258442,0.67540,-0.33287,0.04041,0.69925,0.36974,-0.53851,0.29042
1069803207442,0.67841,-0.32642,0.05486,0.69093,0.37914,-0.53311,0.30767
1069903156409,0.66883,-0.31737,0.05068,0.68951,0.38811,-0.52594,0.31197
1070003255394,0.66376,-0.31121,0.05030,0.68621,0.39554,-0.52009,0.31964
1070103204442,0.66871,-0.29444,0.04129,0.68606,0.40021,-0.51549,0.32159
1070203153442,0.67965,-0.28264,0.05889,0.68374,0.40098,-0.51486,0.32656
1070303252442,0.69015,-0.26772,0.05164,0.68385,0.39680,-0.51824,0.32609
1070403201409,0.70807,-0.24960,0.05469,0.68475,0.38836,-0.52579,0.32224
1070503150442,0.72670,-0.23273,0.04566,0.68766,0.37651,-0.53375,0.31698
1070603099442,0.74845,-0.21825,0.04762,0.69189,0.36371,-0.54236,0.30798
1070703198413,0.77218,-0.20870,0.05616,0.69684,0.35074,-0.55098,0.29633
1070803147380,0.79081,-0.18973,0.04813,0.69955,0.33453,-0.56188,0.28810
1070903096404,0.81096,-0.17459,0.04949,0.70582,0.32005,-0.57034,0.27222
1071003195409,0.82452,-0.16314,0.03744,0.71060,0.30763,-0.57759,0.25846
1071103144442,0.84169,-0.15527,0.06485,0.71209,0.29648,-0.58398,0.25297
1071203093442,0.86191,-0.14469,0.07015,0.71543,0.28728,-0.58816,0.24436
1071303042442,0.88240,-0.13078,0.05353,0.71561,0.27806,-0.59312,0.24247
1071403141409,0.89400,-0.12801,0.05948,0.71544,0.27143,-0.59701,0.24094
1071503090442,0.90911,-0.11698,0.04270,0.71578,0.26779,-0.59879,0.23958
1071603039409,0.92705,-0.10405,0.05764,0.71512,0.26813,-0.59910,0.24041
1071703138409,0.94962,-0.08435,0.04849,0.71400,0.27363,-0.59626,0.24455
1071803087442,0.96305,-0.06800,0.06008,0.70945,0.28193,-0.59176,0.25887
1071903036408,0.97609,-0.05249,0.05778,0.70641,0.29583,-0.58476,0.26744
1072002985442,0.98274,-0.04048,0.06283,0.69974,0.30997,-0.57826,0.28268
1072103064967,0.98959,-0.02370,0.06343,0.69694,0.32548,-0.56909,0.29063
1072202993577,0.98918,-0.01092,0.05218,0.69193,0.34052,-0.56015,0.30251
1072302922188,0.99427,0.00544,0.05778,0.68597,0.35433,-0.55164,0.31557
1072403000730,0.99478,0.01856,0.05316,0.67756,0.36694,-0.54292,0.33393
1072502929349,0.99187,0.03333,0.03607,0.67060,0.37950,-0.53394,0.34811
1072602857988,1.00078,0.05549,0.05856,0.66152,0.38858,-0.52794,0.36426
1072702936568,1.00668,0.07358,0.06541,0.66077,0.39680,-0.52089,0.36687
1072802865150,1.00594,0.07780,0.06667,0.65432,0.40203,-0.51778,0.37702
1072902793760,1.00920,0.07702,0.07479,0.65631,0.40448,-0.51643,0.37277
1073002722399,1.01221,0.07310,0.06754,0.65735,0.40042,-0.52035,0.36984
1073102820000,1.01590,0.07075,0.06835,0.66065,0.39223,-0.52760,0.36241
1073202769034,1.02258,0.06802,0.05367,0.66708,0.38083,-0.53606,0.35016
1073302718034,1.02754,0.06200,0.05170,0.67414,0.36718,-0.54554,0.33631
1073402667005,1.02732,0.05290,0.04446,0.67793,0.35047,-0.55692,0.32775
1073502766005,1.02628,0.03874,0.07616,0.68508,0.33262,-0.56727,0.31342
1073602715034,1.01823,0.02469,0.04758,0.68893,0.31339,-0.57778,0.30550
1073702664034,1.01639,0.00781,0.07620,0.69250,0.29688,-0.58640,0.29739
1073802763000,1.01173,-0.00559,0.05500,0.69297,0.28180,-0.59438,0.29513
1073902712034,1.01080,-0.02018,0.07845,0.69580,0.27160,-0.59986,0.28683
1074002661034,1.00333,-0.03235,0.07045,0.69669,0.26253,-0.60428,0.28382
1074102760005,0.99203,-0.04172,0.04501,0.70004,0.25902,-0.60551,0.27607
1074202709033,0.98210,-0.05122,0.04742,0.70014,0.26148,-0.60500,0.27461
1074302658005,0.97307,-0.05702,0.03986,0.69848,0.26825,-0.60194,0.27898
1074402607033,0.96390,-0.06597,0.04951,0.69574,0.27957,-0.59668,0.28592
1074502705972,0.94989,-0.07047,0.04682,0.69626,0.29417,-0.58939,0.28514
1074602655005,0.94144,-0.06774,0.04517,0.69500,0.31013,-0.58068,0.28914
1074702604000,0.92520,-0.06945,0.03462,0.68429,0.32389,-0.57413,0.31179
1074802703033,0.90826,-0.07487,0.03658,0.67551,0.34111,-0.56461,0.32947
1074902652000,0.89017,-0.07534,0.02768,0.66837,0.35844,-0.55370,0.34384
1075002600976,0.86508,-0.08359,0.05542,0.66414,0.37573,-0.54171,0.35257
1075102550000,0.84964,-0.08857,0.08399,0.65742,0.39129,-0.53018,0.36551
1075202649000,0.83514,-0.09700,0.07662,0.65095,0.40503,-0.51931,0.37753
1075302597976,0.82387,-0.09879,0.06478,0.64723,0.41548,-0.50947,0.38590
1075402547000,0.81619,-0.10401,0.06417,0.64616,0.42462,-0.50033,0.38967
1075502646005,0.81706,-0.10959,0.08963,0.63956,0.42871,-0.49796,0.39900
1075602595033,0.81469,-0.12014,0.07645,0.63462,0.42713,-0.50090,0.40487
1075702544000,0.81680,-0.13312,0.07772,0.63783,0.42264,-0.50531,0.39900
1075802493000,0.82276,-0.14086,0.07468,0.64183,0.41485,-0.51243,0.39164
1075902592005,0.83140,-0.14977,0.07204,0.64860,0.40497,-0.52019,0.38041
1076002541000,0.83893,-0.16031,0.05205,0.65326,0.39205,-0.53062,0.37148
1076102490028,0.84655,-0.17475,0.06364,0.65853,0.37689,-0.54217,0.36103
1076202589000,0.84985,-0.19040,0.04843,0.66771,0.36102,-0.55261,0.34417
1076302537986,0.84842,-0.20786,0.03690,0.67928,0.34222,-0.56334,0.32265
1076402487033,0.84590,-0.23106,0.04263,0.68612,0.32310,-0.57460,0.30769
1076502436005,0.84748,-0.25156,0.04406,0.69285,0.30630,-0.58311,0.29346
1076602535033,0.84284,-0.27139,0.05430,0.69972,0.29190,-0.59010,0.27743
1076702484000,0.83919,-0.28758,0.06738,0.70397,0.27881,-0.59654,0.26616
1076802433033,0.83115,-0.29673,0.03730,0.70552,0.26889,-0.60102,0.26212
1076902532000,0.82804,-0.31684,0.09616,0.70600,0.26410,-0.60356,0.25986
1077002481033,0.81651,-0.32265,0.03384,0.70472,0.26354,-0.60388,0.26315
1077102430004,0.81007,-0.32854,0.03335,0.70619,0.26867,-0.60147,0.25950
1077202379004,0.80427,-0.32850,0.05019,0.70458,0.27612,-0.59780,0.26449
1077302478004,0.79943,-0.33164,0.05261,0.70071,0.28725,-0.59255,0.27455
1077402427033,0.79798,-0.32775,0.04447,0.69597,0.30197,-0.58525,0.28622
1077502376000,0.78803,-0.33307,0.03731,0.68944,0.31720,-0.57826,0.29945
1077602474976,0.78551,-0.33612,0.03291,0.68285,0.33479,-0.56803,0.31460
1077702424004,0.78105,-0.34523,0.04846,0.67479,0.35272,-0.55732,0.33112
1077802373004,0.76785,-0.35511,0.03306,0.66620,0.36995,-0.54632,0.34764
1077902322033,0.76970,-0.36095,0.05138,0.65729,0.38873,-0.53323,0.36404
1078002421033,0.76374,-0.36403,0.04781,0.64543,0.40506,-0.52164,0.38371
1078102370033,0.74536,-0.36997,0.06879,0.63729,0.42056,-0.50937,0.39690
1078202319033,0.73878,-0.36806,0.05676,0.62574,0.43390,-0.49824,0.41465
1078302418004,0.73691,-0.35883,0.05789,0.61819,0.44600,-0.48719,0.42611
1078402367033,0.73195,-0.34930,0.05039,0.61684,0.45675,-0.47600,0.42933
1078502316004,0.71595,-0.34022,0.06018,0.61370,0.46306,-0.46921,0.43449
1078602265033,0.71967,-0.33060,0.06389,0.61090,0.46807,-0.46386,0.43880
1078702364033,0.72216,-0.31577,0.05659,0.60852,0.46982,-0.46257,0.44160
1078802313033,0.72421,-0.30074,0.05136,0.60708,0.46735,-0.46624,0.44233
1078902262004,0.72916,-0.28803,0.05341,0.60815,0.46006,-0.47381,0.44047
1079002361004,0.74254,-0.26824,0.08333,0.61632,0.45037,-0.48214,0.42995
1079102310333,0.75059,-0.25225,0.05162,0.61944,0.43784,-0.49419,0.42470
1079202259004,0.76256,-0.23430,0.08483,0.62865,0.42514,-0.50549,0.41054
1079302208004,0.77306,-0.21958,0.07474,0.63547,0.41104,-0.51714,0.39974
1079402307033,0.78238,-0.20337,0.05546,0.64143,0.39831,-0.52737,0.38961
1079502256004,0.79170,-0.19161,0.06283,0.64581,0.38691,-0.53632,0.38155
1079602205033,0.80201,-0.17917,0.06822,0.64906,0.37553,-0.54457,0.37569
1079702304004,0.81283,-0.16786,0.06117,0.65373,0.36664,-0.55096,0.36695
1079802253033,0.82167,-0.15346,0.04612,0.65460,0.35711,-0.55764,0.36469
1079902202033,0.83232,-0.13868,0.05253,0.65516,0.35204,-0.56133,0.36296
1080002151033,0.84591,-0.11991,0.05902,0.65255,0.35198,-0.56211,0.36649
1080102250033,0.85721,-0.09811,0.05478,0.65011,0.35667,-0.55949,0.37030
1080202199033,0.86564,-0.08143,0.07018,0.64730,0.36583,-0.55307,0.37588
1080302148004,0.86912,-0.05813,0.05421,0.64608,0.37838,-0.54291,0.38034
1080402246999,0.87306,-0.03787,0.08237,0.64106,0.39296,-0.53180,0.38962
1080502196033,0.87072,-0.02249,0.09651,0.63713,0.41053,-0.51720,0.39754
1080602144971,0.86247,-0.00591,0.06858,0.62863,0.42692,-0.50239,0.41251
1080702094004,0.85659,0.00694,0.07701,0.61720,0.44378,-0.48695,0.43011
1080802193004,0.84921,0.01245,0.06904,0.60398,0.46227,-0.46976,0.44816
1080902141999,0.83998,0.01674,0.07600,0.59321,0.47866,-0.45235,0.46300
1081002090999,0.82772,0.02763,0.07470,0.58443,0.49252,-0.43641,0.47478
1081102190032,0.81680,0.03654,0.06778,0.57394,0.50471,-0.42177,0.48782
1081202138999,0.80452,0.04350,0.06549,0.56938,0.51433,-0.40808,0.49471
1081302087971,0.79354,0.06154,0.07065,0.56526,0.52115,-0.39786,0.50059
1081402037032,0.78420,0.08366,0.06203,0.56106,0.52553,-0.39011,0.50679
1081502136032,0.77663,0.10204,0.06599,0.55534,0.52842,-0.38609,0.51313
1081602085032,0.76951,0.11723,0.05545,0.55348,0.52705,-0.38766,0.51537
1081702034004,0.76757,0.13354,0.05515,0.54909,0.52126,-0.39587,0.51969
1081802133004,0.76903,0.15396,0.07122,0.55560,0.51393,-0.40441,0.51345
1081902081999,0.76713,0.17535,0.06476,0.55624,0.50412,-0.41701,0.51242
1082002031004,0.76856,0.19370,0.08730,0.56155,0.49453,-0.42865,0.50632
1082101980056,0.76971,0.21203,0.09133,0.56546,0.48578,-0.43903,0.50152
1082202083456,0.77045,0.23080,0.08373,0.56949,0.47761,-0.44822,0.49666
1082302028094,0.77265,0.24501,0.09457,0.57407,0.47045,-0.45607,0.49104
1082401977004,0.77356,0.25409,0.09545,0.57900,0.46509,-0.46134,0.48541
1082502076004,0.77460,0.26493,0.10967,0.58134,0.46226,-0.46448,0.48230
1082602025032,0.77295,0.27593,0.12276,0.57858,0.46239,-0.46507,0.48492
1082701974032,0.76805,0.29100,0.09243,0.57532,0.46571,-0.46179,0.48874
1082801922999,0.76318,0.30911,0.09658,0.57241,0.47222,-0.45489,0.49237
1082902022032,0.75389,0.32715,0.07541,0.56444,0.48030,-0.44538,0.50236
1083001970999,0.74672,0.34092,0.08666,0.56097,0.49180,-0.43112,0.50753
1083101919999,0.73880,0.35685,0.11460,0.54925,0.50374,-0.41621,0.52091
1083202019004,0.73013,0.37695,0.11371,0.53761,0.51678,-0.39881,0.53372
1083301967999,0.72220,0.39107,0.12593,0.52884,0.53070,-0.37806,0.54384
1083401917032,0.71303,0.40832,0.08146,0.51573,0.54428,-0.35714,0.55698
1083502015999,0.70857,0.41395,0.11798,0.49987,0.55686,-0.33701,0.57137
1083601964980,0.70822,0.42407,0.14367,0.48834,0.56779,-0.31638,0.58227
1083701914004,0.70440,0.43580,0.12975,0.47915,0.57721,-0.29777,0.59040
1083801863003,0.70208,0.44717,0.14966,0.46251,0.58423,-0.28587,0.60253
1083901961999,0.69696,0.45998,0.13936,0.45390,0.58914,-0.27589,0.60891
1084001911032,0.69177,0.47094,0.14502,0.45052,0.59240,-0.26907,0.61131
1084101860013,0.68584,0.48812,0.16266,0.44365,0.59258,-0.27049,0.61551
1084201959003,0.67855,0.51594,0.14558,0.44014,0.59096,-0.27646,0.61694
1084301908003,0.67276,0.54318,0.14342,0.44056,0.58610,-0.28672,0.61659
1084401857032,0.66557,0.57999,0.14400,0.44720,0.57990,-0.29778,0.61242
1084501806032,0.65703,0.61454,0.14527,0.45345,0.57357,-0.31022,0.60760
1084601905032,0.64840,0.64879,0.14798,0.46509,0.56602,-0.32312,0.59909
1084701853970,0.63946,0.67846,0.14922,0.47484,0.55834,-0.33652,0.59122
1084801803003,0.63170,0.70819,0.15110,0.48127,0.55162,-0.34785,0.58574
1084901901999,0.62567,0.73158,0.15067,0.48249,0.54726,-0.35632,0.58374
1085001851032,0.61811,0.75740,0.15023,0.47875,0.54505,-0.36090,0.58606
1085101800051,0.60969,0.77886,0.15080,0.47664,0.54604,-0.35948,0.58773
1085201749003,0.60232,0.79625,0.14799,0.47120,0.55114,-0.35249,0.59157
1085301848032,0.59176,0.81895,0.14370,0.45734,0.55922,-0.34207,0.60091
1085401797003,0.58037,0.84612,0.14136,0.44575,0.56980,-0.32618,0.60847
1085501746032,0.56817,0.86942,0.14303,0.43711,0.57956,-0.30666,0.61563
1085601845032,0.55591,0.88955,0.14373,0.43158,0.58942,-0.28488,0.62062
1085701793998,0.54669,0.90046,0.14222,0.41522,0.59905,-0.26348,0.63191
1085801742975,0.53938,0.90721,0.15661,0.40559,0.60792,-0.24012,0.63897
1085901691998,0.52727,0.91786,0.14691,0.38796,0.61534,-0.22084,0.64967
1086001790998,0.51271,0.92597,0.16811,0.37075,0.62193,-0.20284,0.65924
1086101740032,0.49919,0.92588,0.17590,0.35075,0.62759,-0.18745,0.66930
1086201689032,0.47633,0.94204,0.15935,0.33848,0.63188,-0.17213,0.67567
1086301788032,0.45442,0.95811,0.16454,0.32474,0.63507,-0.16038,0.68228
1086401737003,0.42959,0.97379,0.18158,0.31418,0.63623,-0.15454,0.68747
1086501686003,0.40288,0.98659,0.14042,0.30924,0.63678,-0.15366,0.68940
1086601634989,0.37349,1.00496,0.15188,0.30800,0.63546,-0.15919,0.68991
1086701734922,0.34629,1.02837,0.17886,0.31552,0.63238,-0.16924,0.68695
1086801682998,0.32156,1.04548,0.17141,0.31902,0.62854,-0.18462,0.68489
1086901632003,0.30352,1.05955,0.20483,0.33594,0.62359,-0.19821,0.67749
1087001731032,0.28034,1.08676,0.18360,0.33857,0.61906,-0.21405,0.67552
1087101668037,0.26623,1.10726,0.20841,0.34712,0.61464,-0.22707,0.67094
1087201604044,0.25302,1.12650,0.20878,0.35162,0.61146,-0.23791,0.66775
1087301540050,0.23897,1.14789,0.21374,0.35438,0.60942,-0.24637,0.66508
1087401625995,0.22431,1.16644,0.21563,0.35457,0.60718,-0.25275,0.66463
1087501562016,0.20742,1.18334,0.21412,0.35046,0.60614,-0.25636,0.66637
1087601498051,0.19061,1.19377,0.21412,0.34606,0.60813,-0.25231,0.66840
1087701584038,0.17178,1.20265,0.21127,0.34331,0.61279,-0.24118,0.66967
1087801520045,0.15197,1.21024,0.21049,0.32990,0.61877,-0.22558,0.67632
1087901456018,0.12973,1.21990,0.21157,0.32111,0.62497,-0.20546,0.68124
1088001392029,0.10301,1.23728,0.15924,0.30205,0.63097,-0.18401,0.69049
1088101490027,0.07936,1.25009,0.13393,0.28867,0.63672,-0.15902,0.69712
1088201440536,0.06310,1.25532,0.18965,0.26926,0.64197,-0.13417,0.70524
1088301388098,0.04389,1.26544,0.16493,0.24461,0.64612,-0.11191,0.71426
1088401487031,0.02243,1.26752,0.18267,0.22654,0.64900,-0.08917,0.72078
1088501435989,0.00618,1.26573,0.16050,0.20760,0.65181,-0.06598,0.72642
1088601385031,-0.01260,1.26311,0.16802,0.18759,0.65297,-0.04659,0.73230
1088701334031,-0.02968,1.25440,0.17757,0.17253,0.65344,-0.02789,0.73653
1088801433031,-0.04716,1.24662,0.18165,0.15799,0.65413,-0.01315,0.73958
1088901385098,-0.06745,1.24349,0.17664,0.14848,0.65448,-0.00247,0.74135
1089001331003,-0.08807,1.24425,0.17651,0.14302,0.65495,0.00069,0.74201
1089101430031,-0.11481,1.25029,0.19009,0.14088,0.65557,-0.00309,0.74187
1089201379003,-0.14375,1.26095,0.17440,0.14498,0.65485,-0.01315,0.74160
1089301328031,-0.17098,1.27142,0.18314,0.14807,0.65487,-0.02811,0.74056
1089401277031,-0.19347,1.27838,0.20732,0.15089,0.65496,-0.04575,0.73903
1089501375969,-0.21732,1.28377,0.18777,0.15297,0.65452,-0.06207,0.73781
1089601329650,-0.24006,1.28964,0.18396,0.14947,0.65444,-0.07403,0.73749
1089701274031,-0.25942,1.29296,0.19050,0.14461,0.65420,-0.07924,0.73812
1089801373003,-0.27778,1.29246,0.20413,0.13469,0.65420,-0.07883,0.74005
1089901322031,-0.29294,1.29358,0.19883,0.12702,0.65494,-0.06983,0.74165
1090001271031,-0.30393,1.28962,0.18514,0.11826,0.65597,-0.05421,0.74349
1090101220003,-0.31578,1.28300,0.18181,0.10554,0.65819,-0.03172,0.74474
1090201318969,-0.32822,1.27563,0.17917,0.09124,0.65952,-0.00419,0.74611
1090301268031,-0.34338,1.27039,0.17790,0.06715,0.65907,0.02612,0.74862
1090401216998,-0.35613,1.26799,0.17491,0.04946,0.65580,0.06123,0.75082
1090501316002,-0.36447,1.26329,0.17251,0.02902,0.65094,0.09549,0.75254
1090601265002,-0.37101,1.25351,0.16907,0.00143,0.64611,0.12358,0.75317
1090701214031,-0.37753,1.23953,0.16770,-0.02441,0.64091,0.14679,0.75306
1090801163002,-0.40038,1.23228,0.16605,-0.04639,0.63555,0.16749,0.75225
1090901262031,-0.40294,1.22040,0.16480,-0.06500,0.62964,0.18751,0.75111
1091001211002,-0.40029,1.20259,0.16467,-0.07720,0.62424,0.20273,0.75051
1091101159974,-0.40514,1.18879,0.16393,-0.09220,0.62089,0.21227,0.74896
1091201259002,-0.41703,1.17739,0.16379,-0.10673,0.61978,0.21792,0.74632
1091301208031,-0.42656,1.16963,0.16525,-0.11408,0.62031,0.21722,0.74500
1091401157002,-0.44424,1.16504,0.16704,-0.11602,0.62235,0.21079,0.74484
1091501106031,-0.46418,1.16056,0.16984,-0.11067,0.62566,0.19924,0.74606
1091601205031,-0.48675,1.15329,0.17117,-0.10694,0.63110,0.18287,0.74621
1091701154031,-0.50797,1.14584,0.17250,-0.09310,0.63710,0.16286,0.74761
1091801103002,-0.53365,1.13335,0.17280,-0.08184,0.64206,0.14264,0.74881
1091901203631,-0.55110,1.12579,0.17512,-0.06481,0.64510,0.12675,0.75072
1092001151031,-0.57367,1.11729,0.17529,-0.05531,0.64705,0.11477,0.75173
1092101100031,-0.58564,1.10696,0.17619,-0.05613,0.64861,0.10676,0.75151
1092201049031,-0.59367,1.09450,0.17742,-0.05878,0.64878,0.10636,0.75121
1092301148031,-0.60464,1.07874,0.17802,-0.06236,0.64749,0.11119,0.75134
1092401097031,-0.61010,1.06185,0.17788,-0.07191,0.64571,0.12159,0.75041
1092501046031,-0.61517,1.04045,0.17832,-0.08641,0.64294,0.13597,0.74878
1092601148207,-0.62079,1.02191,0.17838,-0.10000,0.63888,0.15249,0.74738
1092701094031,-0.61946,1.00286,0.17812,-0.11274,0.63331,0.17277,0.74589
1092801043002,-0.62871,0.98270,0.19169,-0.12533,0.62643,0.19389,0.74450
1092900991969,-0.64079,0.96551,0.17715,-0.13390,0.61744,0.21617,0.74438
1093001091002,-0.65734,0.94519,0.17534,-0.14553,0.60895,0.23598,0.74318
1093101040031,-0.66848,0.92658,0.16609,-0.15745,0.60012,0.25555,0.74146
1093200989031,-0.70795,0.91443,0.17788,-0.16943,0.59113,0.27326,0.73973
1093301087969,-0.72695,0.90462,0.17791,-0.18449,0.58327,0.28890,0.73641
1093401037164,-0.74966,0.89522,0.18731,-0.19238,0.57623,0.30216,0.73461
1093500985997,-0.77561,0.88779,0.19462,-0.20337,0.57304,0.30908,0.73126
1093601084969,-0.79447,0.88222,0.17797,-0.19975,0.57081,0.31191,0.73279
1093701034031,-0.81768,0.87227,0.17499,-0.20319,0.57458,0.30727,0.73086
1093800983031,-0.84584,0.85763,0.18762,-0.19604,0.57945,0.29939,0.73224
1093900931973,-0.87646,0.84366,0.18496,-0.19134,0.58625,0.28882,0.73231
1094001031031,-0.90321,0.83022,0.18025,-0.18502,0.59298,0.27505,0.73382
1094100979997,-0.93617,0.81537,0.17827,-0.16873,0.59842,0.26149,0.73827
1094200929045,-0.96602,0.80441,0.18210,-0.15910,0.60532,0.24640,0.73997
1094301027997,-0.99483,0.79106,0.19954,-0.14515,0.61194,0.23019,0.74262
1094400977478,-1.01977,0.77816,0.18859,-0.13903,0.61982,0.21233,0.74257
1094500925997,-1.04472,0.76961,0.20569,-0.13323,0.62547,0.19794,0.74287
1094600874997,-1.06873,0.76066,0.20222,-0.12462,0.62907,0.18647,0.74429
1094700973997,-1.08563,0.75387,0.20814,-0.12200,0.63187,0.17761,0.74453
1094800923030,-1.10559,0.74436,0.21016,-0.11920,0.63335,0.17344,0.74470
1094900871973,-1.12709,0.72737,0.22114,-0.12203,0.63361,0.17381,0.74393
1095000970997,-1.15401,0.70520,0.22493,-0.12817,0.63253,0.18043,0.74224
1095100920002,-1.17140,0.68423,0.20825,-0.13626,0.62912,0.19192,0.74081
1095200869030,-1.19008,0.65971,0.19515,-0.14739,0.62406,0.20664,0.73900
1095300817997,-1.20779,0.63652,0.21426,-0.15672,0.61665,0.22530,0.73785
1095400917030,-1.21994,0.61352,0.18762,-0.17026,0.60803,0.24396,0.73607
1095500866030,-1.23552,0.58978,0.19447,-0.18038,0.59748,0.26367,0.73550
1095600817549,-1.25012,0.57136,0.19794,-0.19709,0.58769,0.28324,0.73182
1095700913973,-1.26769,0.55378,0.20217,-0.20668,0.57688,0.30188,0.73032
1095800863030,-1.29695,0.53136,0.19813,-0.22047,0.56898,0.31512,0.72688
1095900811973,-1.31220,0.51252,0.19670,-0.23514,0.56318,0.32687,0.72159
1096000761030,-1.32747,0.49356,0.20208,-0.23644,0.55753,0.33637,0.72119
1096100859973,-1.33927,0.48261,0.19854,-0.24132,0.55603,0.33896,0.71951
1096200809035,-1.35981,0.47303,0.18920,-0.23849,0.55800,0.33487,0.72085
1096300758002,-1.37956,0.46598,0.19209,-0.23057,0.56353,0.32514,0.72357
1096400856997,-1.40002,0.46006,0.19422,-0.22228,0.57219,0.30912,0.72638
1096500806002,-1.41861,0.45797,0.19482,-0.21068,0.58239,0.29051,0.72941
1096600755030,-1.43593,0.45956,0.19098,-0.19847,0.59278,0.26967,0.73246
1096700704002,-1.45366,0.45927,0.21750,-0.18225,0.60186,0.24920,0.73651
1096800803002,-1.47304,0.46376,0.20406,-0.16961,0.61022,0.22904,0.73919
1096900751997,-1.49579,0.46435,0.21715,-0.15333,0.61683,0.21170,0.74243
1097000700997,-1.51527,0.46716,0.22396,-0.14264,0.62270,0.19586,0.74400
1097100800040,-1.53199,0.47163,0.24576,-0.13553,0.62747,0.18164,0.74493
1097200748997,-1.55866,0.46699,0.22078,-0.12870,0.63143,0.17034,0.74546
1097300698001,-1.58598,0.46959,0.22044,-0.12358,0.63375,0.16345,0.74591
1097400647001,-1.61390,0.46090,0.27151,-0.11449,0.63487,0.16023,0.74710
1097500745973,-1.63808,0.45494,0.23366,-0.11514,0.63508,0.16137,0.74658
1097600694968,-1.64802,0.45494,0.22432,-0.11841,0.63289,0.16951,0.74612
1097700644030,-1.65147,0.45162,0.21600,-0.13059,0.63019,0.18092,0.74369
1097800743030,-1.64574,0.44517,0.23013,-0.14395,0.62618,0.19691,0.74054
1097900692563,-1.63280,0.44045,0.22110,-0.15917,0.62060,0.21504,0.73707
1098000641030,-1.61596,0.43488,0.22749,-0.17397,0.61439,0.23206,0.73377
1098100590001,-1.60218,0.42844,0.22049,-0.19049,0.60879,0.24614,0.72973
1098200688997,-1.58270,0.42285,0.19961,-0.20404,0.60245,0.25934,0.72675
1098300638030,-1.56051,0.41883,0.20016,-0.21721,0.59660,0.27135,0.72337
1098400586997,-1.53274,0.41309,0.19910,-0.22173,0.59283,0.27897,0.72219
1098500686001,-1.50602,0.41071,0.19256,-0.22765,0.59247,0.28009,0.72021
1098600634997,-1.47963,0.41634,0.19251,-0.22818,0.59453,0.27648,0.71974
1098700584668,-1.46188,0.42512,0.18595,-0.22528,0.59861,0.26902,0.72010
1098800533030,-1.44342,0.44548,0.18594,-0.22288,0.60392,0.25767,0.72056
1098900632001,-1.43326,0.46685,0.19443,-0.21705,0.61004,0.24471,0.72170
1099000580973,-1.43466,0.49138,0.19518,-0.21215,0.61668,0.22960,0.72248
1099100530001,-1.43250,0.51657,0.21837,-0.20051,0.62243,0.21413,0.72562
1099200629030,-1.43835,0.54457,0.21596,-0.18770,0.62758,0.19908,0.72889
1099300578030,-1.44652,0.56669,0.23682,-0.17348,0.63253,0.18353,0.73220
1099400527030,-1.45480,0.58901,0.21284,-0.16504,0.63717,0.16819,0.73382
1099500476001,-1.46136,0.60595,0.21394,-0.15203,0.63984,0.15796,0.73657
1099600575001,-1.46281,0.62242,0.23508,-0.14879,0.64129,0.15430,0.73675
1099700524001,-1.46043,0.63540,0.24439,-0.14820,0.64136,0.15792,0.73604
1099800473001,-1.45304,0.65106,0.20994,-0.15534,0.63950,0.16576,0.73446
1099900571968,-1.44261,0.65717,0.20894,-0.16034,0.63664,0.17831,0.73293
1100000520996,-1.42623,0.67075,0.21869,-0.17314,0.63229,0.19522,0.72946
1100100470030,-1.40861,0.67557,0.21987,-0.18509,0.62743,0.21148,0.72619
1100200418987,-1.38713,0.68036,0.20727,-0.19945,0.62190,0.22786,0.72218
1100300518034,-1.36123,0.68624,0.19139,-0.21611,0.61633,0.24406,0.71684
1100400467001,-1.33522,0.69146,0.18671,-0.23128,0.60974,0.26072,0.71187
1100500416034,-1.30993,0.69542,0.19132,-0.24352,0.60254,0.27690,0.70780
1100600514996,-1.28423,0.69800,0.18320,-0.25574,0.59569,0.29078,0.70371
1100700463972,-1.25990,0.69867,0.18702,-0.26331,0.58902,0.30265,0.70152
1100800413030,-1.24644,0.69782,0.21366,-0.26862,0.58286,0.31202,0.70054
1100900363087,-1.23489,0.69940,0.21533,-0.27555,0.58002,0.31682,0.69805
1101000461029,-1.22751,0.70278,0.19456,-0.27823,0.58040,0.31547,0.69729
1101100410029,-1.22415,0.71002,0.19768,-0.27482,0.58388,0.30775,0.69918
1101200358996,-1.21816,0.72480,0.17352,-0.27094,0.59045,0.29477,0.70076
1101300458001,-1.21226,0.73888,0.19439,-0.26094,0.59766,0.27904,0.70488
1101400407029,-1.20691,0.75715,0.18540,-0.24500,0.60461,0.26330,0.71070
1101500355996,-1.19488,0.77601,0.20057,-0.23626,0.61166,0.24664,0.71360
1101600304996,-1.18679,0.79894,0.19858,-0.22553,0.61675,0.23259,0.71740
1101700404029,-1.17611,0.82169,0.21143,-0.22389,0.62150,0.22034,0.71768
1101800352996,-1.15756,0.84011,0.21273,-0.22147,0.62394,0.21296,0.71854
1101900302034,-1.14699,0.84820,0.21484,-0.22319,0.62479,0.21029,0.71805
1102000401001,-1.14045,0.85776,0.21088,-0.22895,0.62304,0.21501,0.71636
1102100335856,-1.12560,0.86558,0.19953,-0.23920,0.61944,0.22501,0.71306
1102200269197,-1.10834,0.87524,0.20047,-0.25038,0.61392,0.23970,0.70920
1102300352420,-1.09897,0.87363,0.18732,-0.26089,0.60701,0.25665,0.70541
1102400285761,-1.08400,0.87381,0.18756,-0.27142,0.59882,0.27542,0.70135
1102500219064,-1.08134,0.86676,0.20142,-0.28410,0.58946,0.29527,0.69616
1102600152406,-1.08529,0.86214,0.20589,-0.29705,0.57789,0.31631,0.69119
1102700235657,-1.09026,0.85549,0.19912,-0.31240,0.56675,0.33553,0.68456
1102800168998,-1.09650,0.85345,0.20662,-0.32458,0.55431,0.35526,0.67910
1102900102611,-1.09424,0.85818,0.21099,-0.33680,0.54208,0.37286,0.67356
1103000185533,-1.10079,0.86108,0.20932,-0.35324,0.53103,0.38872,0.66492
1103100133310,-1.09974,0.86917,0.20908,-0.36493,0.52078,0.40296,0.65820
1103200082310,-1.10332,0.87662,0.19242,-0.37232,0.51354,0.41217,0.65404
1103300031315,-1.10328,0.88177,0.19264,-0.37530,0.51208,0.41391,0.65238
1103400130310,-1.10397,0.88366,0.19238,-0.37422,0.51487,0.41055,0.65293
1103500079310,-1.11318,0.88455,0.19198,-0.36980,0.51958,0.40456,0.65545
1103600028343,-1.12232,0.88310,0.20524,-0.36189,0.52622,0.39608,0.65973
1103700127343,-1.13141,0.88025,0.20356,-0.35064,0.53372,0.38618,0.66563
1103800076310,-1.13390,0.87212,0.20580,-0.34792,0.54193,0.37446,0.66711
1103900025314,-1.13519,0.86522,0.21012,-0.34593,0.54719,0.36569,0.66872
1103999974310,-1.12956,0.85177,0.21032,-0.34985,0.54982,0.36174,0.66667
1104100073314,-1.11875,0.83568,0.21102,-0.35572,0.54786,0.36427,0.66380
1104200022314,-1.09800,0.81447,0.23647,-0.36233,0.54247,0.37170,0.66052
1104299971314,-1.07560,0.79398,0.20317,-0.36799,0.53443,0.38208,0.65801
1104400070310,-1.05652,0.77386,0.19951,-0.37699,0.52463,0.39360,0.65400
1104500019343,-1.03723,0.75284,0.18046,-0.38567,0.51474,0.40471,0.65001
1104599968281,-1.01894,0.72449,0.17939,-0.39979,0.50518,0.41518,0.64233
1104699917310,-1.00212,0.70052,0.17927,-0.41129,0.49274,0.42813,0.63620
1104800016310,-0.98513,0.67134,0.18456,-0.42745,0.48082,0.44037,0.62624
1104899965314,-0.97512,0.63922,0.18152,-0.44601,0.46848,0.45358,0.61308
1104999914343,-0.96830,0.61870,0.17806,-0.46816,0.45465,0.46865,0.59538
1105100013310,-0.96734,0.60477,0.17724,-0.47705,0.43511,0.48667,0.58844
1105199962281,-0.97439,0.58636,0.19130,-0.49036,0.41716,0.50232,0.57724
1105299911310,-0.99101,0.56340,0.18827,0.50070,-0.40062,-0.51513,-0.56872
1105399860310,-1.01176,0.54456,0.17607,0.51043,-0.39138,-0.52294,-0.55929
1105499959314,-1.03561,0.53107,0.17477,0.51901,-0.38868,-0.52629,-0.55008
1105599908343,-1.05828,0.50807,0.17264,0.51782,-0.38940,-0.52669,-0.55031
1105699857343,-1.08092,0.48710,0.17027,0.51800,-0.39439,-0.52422,-0.54894
1105799956309,-1.09939,0.46741,0.16954,0.51212,-0.40126,-0.51954,-0.55390
1105899905314,-1.11505,0.44659,0.16878,0.50519,-0.41057,-0.51293,-0.55957
1105999854314,-1.12917,0.42499,0.16956,-0.49747,0.42089,0.50478,0.56619
1106099803328,-1.13860,0.40286,0.17100,-0.48791,0.42976,0.49753,0.57420
1106199902343,-1.14294,0.37389,0.17232,-0.48292,0.43642,0.49172,0.57839
1106299851314,-1.13793,0.34633,0.17474,-0.47901,0.44034,0.48684,0.58278
1106399800281,-1.12351,0.32300,0.17447,-0.48498,0.44327,0.48475,0.57734
1106499899309,-1.10418,0.29804,0.17496,-0.48870,0.44174,0.48586,0.57443
1106599848343,-1.07863,0.27534,0.17763,-0.49305,0.43580,0.48969,0.57200
1106699800133,-1.05569,0.25833,0.18014,-0.49999,0.42684,0.49584,0.56741
1106799746314,-1.03061,0.24202,0.18001,0.50870,-0.41695,-0.50331,-0.56041
1106899845314,-1.00742,0.22933,0.17954,0.51882,-0.40575,-0.51133,-0.55203
1106999794309,-0.98706,0.21390,0.18064,0.52750,-0.39173,-0.52071,-0.54511
1107099743314,-0.97172,0.19806,0.18141,0.53931,-0.37715,-0.53057,-0.53422
1107199842343,-0.96147,0.18798,0.18028,0.55551,-0.36214,-0.54114,-0.51713
1107299791343,-0.95576,0.17490,0.17919,0.56968,-0.34552,-0.55214,-0.50122
1107399740343,-0.95697,0.15523,0.18000,0.57862,-0.32641,-0.56288,-0.49176
1107499689343,-0.96406,0.13245,0.17950,0.58604,-0.31009,-0.57103,-0.48407
1107599788809,-0.97580,0.11433,0.17926,0.59357,-0.29942,-0.57669,-0.47481
1107699737342,-0.99172,0.09252,0.17718,0.59899,-0.29416,-0.57972,-0.46755
1107799686309,-1.00829,0.06533,0.17612,0.60043,-0.29196,-0.58137,-0.46502
1107899785314,-1.02387,0.04512,0.17456,0.60094,-0.29195,-0.58247,-0.46299
1107999734314,-1.03872,0.01263,0.13703,0.59954,-0.29526,-0.58146,-0.46398
1108099683309,-1.04589,-0.02144,0.14683,0.59598,-0.29961,-0.57959,-0.46810
1108199632342,-1.05021,-0.05643,0.13339,0.59295,-0.30655,-0.57686,-0.47082
1108299731314,-1.04929,-0.07575,0.13466,0.59288,-0.31748,-0.57314,-0.46819
1108399680309,-1.04796,-0.09982,0.13354,0.58818,-0.32840,-0.56820,-0.47260
1108499629342,-1.04097,-0.12559,0.13297,0.58388,-0.33815,-0.56338,-0.47681
1108599728314,-1.02774,-0.15060,0.12957,0.58152,-0.34809,-0.55774,-0.47915
1108699677342,-1.00958,-0.17610,0.12961,0.57728,-0.35743,-0.55187,-0.48418
1108799626314,-0.98424,-0.18749,0.13009,0.57683,-0.36538,-0.54703,-0.48427
1108899575342,-0.95832,-0.19562,0.13159,0.57636,-0.36746,-0.54519,-0.48534
1108999674342,-0.93333,-0.19829,0.13502,0.57830,-0.36350,-0.54659,-0.48443
1109099623309,-0.90715,-0.20235,0.12627,0.58660,-0.35599,-0.55103,-0.47490
1109199572342,-0.87983,-0.20558,0.11384,0.59619,-0.34569,-0.55724,-0.46317
1109299671342,-0.85010,-0.20009,0.11457,0.60348,-0.33298,-0.56434,-0.45438
1109399620342,-0.82148,-0.19590,0.11432,0.61202,-0.31843,-0.57205,-0.44362
1109499569314,-0.79331,-0.19894,0.11394,0.62234,-0.30359,-0.58036,-0.42861
1109599518314,-0.76529,-0.21064,0.11257,0.63269,-0.28646,-0.58871,-0.41361
1109699617342,-0.73854,-0.22687,0.10927,0.64235,-0.26613,-0.59771,-0.39913
1109799566342,-0.71255,-0.25080,0.10732,0.65205,-0.24360,-0.60639,-0.38442
1109899515342,-0.68539,-0.27784,0.10484,0.66407,-0.22219,-0.61379,-0.36455
1109999614309,-0.66111,-0.30655,0.10323,0.67384,-0.20119,-0.62032,-0.34737
1110099563342,-0.64358,-0.32827,0.10311,0.67983,-0.17827,-0.62600,-0.33790
1110199512314,-0.63100,-0.35247,0.10256,0.68739,-0.15934,-0.63060,-0.32319
1110299461342,-0.62526,-0.37126,0.10077,0.69348,-0.14575,-0.63379,-0.31009
1110399560309,-0.62142,-0.38636,0.10144,0.69658,-0.14044,-0.63579,-0.30138
1110499509342,-0.61599,-0.40438,0.10171,0.69547,-0.14206,-0.63595,-0.30283
1110599458342,-0.61252,-0.41939,0.10215,0.69262,-0.14997,-0.63450,-0.30853
1110699557313,-0.60528,-0.43708,0.10196,0.68869,-0.16238,-0.63215,-0.31581
1110799506313,-0.59653,-0.45534,0.10368,0.68425,-0.17611,-0.62900,-0.32427
1110899455313,-0.58832,-0.46853,0.10547,0.68189,-0.19190,-0.62528,-0.32745
1110999404313,-0.57919,-0.47391,0.11179,0.68064,-0.20742,-0.61985,-0.33090
1111099503313,-0.56254,-0.47926,0.11473,0.67758,-0.22001,-0.61522,-0.33760
1111199452309,-0.54169,-0.47714,0.11869,0.67537,-0.22941,-0.61134,-0.34280
1111299401313,-0.51550,-0.47460,0.11745,0.67400,-0.23352,-0.60958,-0.34584
1111399500342,-0.49347,-0.46942,0.11951,0.67600,-0.22978,-0.61049,-0.34282
1111499449342,-0.47049,-0.46484,0.11792,0.68268,-0.22065,-0.61355,-0.32987
1111599398342,-0.44752,-0.45956,0.11825,0.68870,-0.20577,-0.61827,-0.31796
1111699347309,-0.42970,-0.45419,0.11941,0.69626,-0.18640,-0.62338,-0.30310
1111799446342,-0.40651,-0.45371,0.11772,0.70413,-0.16589,-0.62873,-0.28527
1111899395313,-0.38797,-0.45700,0.11541,0.71301,-0.14271,-0.63478,-0.26137
1111999344280,-0.36769,-0.46079,0.11230,0.72078,-0.11637,-0.64027,-0.23873
1112099443309,-0.35051,-0.46165,0.11184,0.72833,-0.08836,-0.64479,-0.21441
1112199392313,-0.33433,-0.46779,0.10975,0.73385,-0.05941,-0.64743,-0.19690
1112299341342,-0.32247,-0.48078,0.10696,0.73867,-0.02980,-0.64906,-0.17946
1112399440308,-0.31532,-0.48877,0.10509,0.74479,-0.00522,-0.65012,-0.15036
1112499389347,-0.30730,-0.50320,0.10602,0.74875,0.01700,-0.64970,-0.13028
1112599338456,-0.30301,-0.50336,0.10450,0.75138,0.03441,-0.64925,-0.11276
1112699287308,-0.29607,-0.49885,0.10373,0.75248,0.04720,-0.64787,-0.10867
1112799386313,-0.28786,-0.50323,0.10398,0.75341,0.05163,-0.64778,-0.10038
1112899335313,-0.27496,-0.50778,0.08286,0.75372,0.04875,-0.64862,-0.09388
1112999284308,-0.25728,-0.51382,0.07144,0.75343,0.04268,-0.64961,-0.09238
1113099383342,-0.23144,-0.52238,0.07347,0.75279,0.03284,-0.65105,-0.09144
1113199332313,-0.20000,-0.52961,0.06734,0.75232,0.02285,-0.65213,-0.09065
1113299281313,-0.16804,-0.53546,0.06048,0.75213,0.01477,-0.65289,-0.08843
1113399230313,-0.13627,-0.53633,0.05059,0.75200,0.00865,-0.65331,-0.08721
1113499329313,-0.11745,-0.53202,0.03918,0.75167,0.00527,-0.65355,-0.08856
1113599278351,-0.09973,-0.52603,0.04692,0.75222,0.00099,-0.65384,-0.08156
1113699227342,-0.09282,-0.51782,0.04628,0.75237,-0.00103,-0.65433,-0.07612
1113799326342,-0.07888,-0.51303,0.04619,0.75245,-0.00296,-0.65443,-0.07439
1113899275342,-0.07191,-0.50991,0.04621,0.75248,-0.00361,-0.65433,-0.07496
1113999224308,-0.05568,-0.50881,0.04705,0.75275,-0.00320,-0.65443,-0.07124
1114099173342,-0.02733,-0.50961,0.04416,0.75294,-0.00009,-0.65461,-0.06754
1114199272308,-0.02299,-0.50511,0.04497,0.75350,0.01061,-0.65441,-0.06227
1114299221342,-0.02536,-0.49619,0.04317,0.75403,0.02308,-0.65407,-0.05570
1114399170341,-0.00084,-0.49470,0.04008,0.75490,0.03843,-0.65316,-0.04500
1114499269313,0.03040,-0.49601,0.03753,0.75531,0.05827,-0.65169,-0.03754
1114599218308,0.06180,-0.49727,0.03390,0.75592,0.07763,-0.64966,-0.02238
1114699167313,0.08183,-0.49622,0.03385,0.75677,0.09865,-0.64613,-0.00931
1114799116341,0.10284,-0.49671,0.03245,0.75706,0.12040,-0.64212,0.00615
1114899215341,0.11945,-0.49760,0.03175,0.75696,0.14170,-0.63748,0.02329
1114999164308,0.13028,-0.49842,0.02975,0.75585,0.16089,-0.63304,0.04539
1115099116584,0.13154,-0.49682,0.03033,0.75461,0.18060,-0.62770,0.06277
1115199212308,0.14254,-0.49261,0.02876,0.75357,0.19691,-0.62243,0.07708
1115299161313,0.16065,-0.48520,0.02744,0.75364,0.21054,-0.61703,0.08349
1115399110341,0.18472,-0.47838,0.02442,0.75245,0.21767,-0.61467,0.09283
1115499059341,0.19722,-0.47374,0.02524,0.75139,0.22007,-0.61414,0.09909
1115599158308,0.21830,-0.47320,0.02544,0.75114,0.21800,-0.61512,0.09949
1115699107341,0.25434,-0.47247,0.06052,0.75069,0.20890,-0.61880,0.09956
1115799056341,0.28233,-0.47071,0.08320,0.75010,0.19608,-0.62385,0.09853
1115899155341,0.32168,-0.46609,0.08676,0.75100,0.18008,-0.62844,0.09294
1115999104308,0.35398,-0.45483,0.08795,0.75186,0.16651,-0.63261,0.08235
1116099053341,0.38694,-0.44312,0.08819,0.75237,0.15158,-0.63648,0.07655
1116199002341,0.41132,-0.42932,0.09067,0.75395,0.14033,-0.63867,0.06302
1116299101279,0.43489,-0.41256,0.09072,0.75383,0.13065,-0.64124,0.05905
1116399050279,0.42899,-0.39676,0.09149,0.75404,0.12516,-0.64234,0.05616
1116498999279,0.45346,-0.37748,0.09180,0.75450,0.12484,-0.64191,0.05570
1116599098284,0.47048,-0.35867,0.09268,0.75454,0.13125,-0.64018,0.06005
1116699047341,0.49253,-0.33972,0.09238,0.75377,0.14134,-0.63773,0.07184
1116798996308,0.51124,-0.32007,0.09268,0.75255,0.15523,-0.63416,0.08609
1116898945308,0.53056,-0.29814,0.09404,0.75130,0.17053,-0.62947,0.10114
1116999044308,0.54827,-0.27414,0.09321,0.75001,0.18857,-0.62391,0.11251
1117098973378,0.57100,-0.24691,0.09157,0.74877,0.20813,-0.61737,0.12198
1117198900684,0.60755,-0.22526,0.09229,0.74560,0.22724,-0.61037,0.14103
1117298977963,0.61179,-0.20121,0.08943,0.74297,0.24842,-0.60167,0.15580
1117398905274,0.64037,-0.18199,0.08932,0.73941,0.26901,-0.59218,0.17389
1117498832590,0.63729,-0.16238,0.09085,0.73546,0.28823,-0.58268,0.19107
1117598759896,0.64574,-0.14707,0.08949,0.73189,0.30495,-0.57319,0.20685
1117698837208,0.65824,-0.12440,0.06731,0.72744,0.31821,-0.56570,0.22263
1117798764519,0.67028,-0.10512,0.06243,0.72331,0.32903,-0.55939,0.23588
1117898691773,0.68679,-0.08519,0.06010,0.72192,0.33473,-0.55574,0.24072
1117998769108,0.69511,-0.07759,0.05923,0.72012,0.33475,-0.55674,0.24376
1118098716124,0.70071,-0.07065,0.05090,0.71907,0.33094,-0.55950,0.24573
1118198665124,0.70929,-0.06810,0.07372,0.71898,0.32124,-0.56628,0.24333
1118298614124,0.72194,-0.06576,0.06726,0.72041,0.30801,-0.57413,0.23772
1118398713091,0.73890,-0.05637,0.06871,0.72237,0.29028,-0.58362,0.23088
1118498662091,0.76118,-0.04882,0.07094,0.72324,0.27159,-0.59371,0.22512
1118598611343,0.78157,-0.04394,0.07305,0.72262,0.25422,-0.60268,0.22353
1118698710567,0.79889,-0.04234,0.10105,0.72402,0.24173,-0.60879,0.21618
1118798659091,0.80659,-0.04386,0.07384,0.72495,0.23371,-0.61248,0.21142
1118898608090,0.81772,-0.04234,0.06385,0.72622,0.23046,-0.61345,0.20778
1118998557124,0.82604,-0.03910,0.06831,0.72568,0.23239,-0.61220,0.21119
1119098656124,0.83292,-0.03409,0.06898,0.72539,0.24320,-0.60757,0.21337
1119198605124,0.84151,-0.02548,0.06645,0.72308,0.25809,-0.60081,0.22265
1119298554124,0.84022,-0.02625,0.06414,0.71885,0.27775,-0.59193,0.23607
1119398653090,0.83897,-0.02598,0.07890,0.70898,0.29545,-0.58295,0.26499
1119498602062,0.83190,-0.02631,0.06001,0.69930,0.31451,-0.57300,0.28936
1119598551124,0.82966,-0.02349,0.05904,0.69293,0.33550,-0.56042,0.30530
1119698500124,0.82598,-0.02097,0.07396,0.68383,0.35575,-0.54786,0.32506
1119798599124,0.81985,-0.01666,0.07627,0.67056,0.37442,-0.53616,0.35027
1119898548124,0.82300,-0.00963,0.08587,0.66215,0.39199,-0.52292,0.36668
1119998497124,0.80800,-0.01233,0.07686,0.65364,0.40704,-0.51094,0.38211
1120098596095,0.79047,-0.01498,0.07368,0.64734,0.41871,-0.50121,0.39296
1120198545124,0.77351,-0.01664,0.08988,0.64284,0.42704,-0.49381,0.40069
1120298494090,0.76424,-0.01186,0.08918,0.64261,0.43179,-0.48813,0.40291
1120398443062,0.75615,-0.01152,0.10107,0.63665,0.43184,-0.48807,0.41227
1120498542124,0.75119,-0.00928,0.08658,0.63910,0.42844,-0.49094,0.40861
1120598491095,0.74924,-0.01042,0.08332,0.64238,0.41946,-0.49874,0.40331
1120698440095,0.74895,-0.01058,0.07898,0.64611,0.40563,-0.51039,0.39688
1120798539124,0.75386,-0.01260,0.08769,0.65226,0.39022,-0.52214,0.38686
1120898488095,0.76235,-0.01200,0.09226,0.66012,0.37562,-0.53286,0.37312
1120998437090,0.77365,-0.01239,0.09428,0.66453,0.36262,-0.54230,0.36444
1121098386124,0.78411,-0.01814,0.09141,0.67003,0.35204,-0.54927,0.35416
1121198485123,0.79128,-0.02159,0.08271,0.67410,0.34299,-0.55475,0.34668
1121298434123,0.79889,-0.02128,0.06846,0.67517,0.33631,-0.55891,0.34446
1121398383095,0.80615,-0.02147,0.06342,0.67458,0.33464,-0.55951,0.34628
1121498482095,0.81352,-0.01918,0.08430,0.67135,0.33951,-0.55631,0.35290
1121598431090,0.82127,-0.01317,0.08539,0.66841,0.35105,-0.54828,0.35969
1121698380095,0.83093,-0.00659,0.09408,0.66157,0.36820,-0.53693,0.37210
1121798479123,0.83352,0.00038,0.08786,0.65212,0.38829,-0.52202,0.38919
1121898428100,0.84178,0.01112,0.09843,0.63971,0.41076,-0.50373,0.41025
1121998377123,0.84243,0.02220,0.10255,0.62076,0.43322,-0.48446,0.43848
1122098326123,0.83902,0.03176,0.10259,0.60457,0.45670,-0.46206,0.46089
1122198425090,0.83678,0.04416,0.08314,0.59263,0.47962,-0.43693,0.47734
1122298374123,0.83128,0.06082,0.08577,0.57890,0.49778,-0.41514,0.49472
1122398323123,0.81803,0.06933,0.08207,0.56420,0.51322,-0.39590,0.51143
1122498422090,0.80730,0.08010,0.08324,0.55606,0.52578,-0.37755,0.52135
1122598371123,0.79919,0.09597,0.07803,0.54736,0.53484,-0.36464,0.53046
1122698320090,0.79606,0.11113,0.09935,0.54476,0.54026,-0.35638,0.53325
1122798269123,0.79350,0.13678,0.07157,0.54308,0.54013,-0.35699,0.53468
1122898368090,0.79302,0.15890,0.09593,0.53989,0.53416,-0.36725,0.53695
1122998317090,0.79116,0.19459,0.07975,0.54400,0.52381,-0.38092,0.53348
1123098266090,0.78862,0.23063,0.06623,0.55496,0.51280,-0.39453,0.52288
1123198365090,0.78817,0.25961,0.08713,0.55885,0.50204,-0.40999,0.51726
1123298314095,0.78160,0.29492,0.05796,0.55298,0.49067,-0.42696,0.52073
1123398263066,0.78089,0.32668,0.09630,0.55734,0.48407,-0.43589,0.51483
1123498212123,0.77532,0.35839,0.08329,0.56126,0.48072,-0.43957,0.51057
1123598311090,0.76875,0.38144,0.08450,0.55518,0.48056,-0.43989,0.51704
1123698260090,0.76164,0.40457,0.08440,0.54601,0.48471,-0.43523,0.52679
1123798209123,0.75274,0.43162,0.08487,0.54078,0.49410,-0.42412,0.53249
1123898308061,0.74364,0.45808,0.08423,0.53343,0.50750,-0.40839,0.53954
1123998257094,0.73565,0.48420,0.08170,0.51940,0.52240,-0.38954,0.55280
1124098206123,0.72685,0.50802,0.07991,0.50199,0.53772,-0.36858,0.56834
1124198155109,0.72078,0.53263,0.07792,0.48917,0.55228,-0.34473,0.58040
1124298254090,0.72024,0.54500,0.17294,0.47402,0.56537,-0.32161,0.59349
1124398203123,0.71202,0.55670,0.16597,0.46000,0.57583,-0.30091,0.60521
1124498152090,0.70531,0.56701,0.17418,0.44939,0.58474,-0.28185,0.61375
1124598251123,0.69766,0.58048,0.15027,0.43950,0.59210,-0.26517,0.62124
1124698200090,0.68947,0.59597,0.15586,0.44170,0.59697,-0.24991,0.62136
1124798149123,0.68267,0.61072,0.15182,0.44036,0.60019,-0.23944,0.62332
1124898098090,0.67190,0.62891,0.13985,0.43239,0.60105,-0.23791,0.62863
1124998197123,0.65916,0.65444,0.16095,0.42965,0.60013,-0.24120,0.63014
1125098146123,0.64204,0.68666,0.15098,0.42758,0.59750,-0.25064,0.63036
1125198095123,0.62676,0.71676,0.17042,0.42851,0.59216,-0.26441,0.62913
1125298194094,0.61121,0.75107,0.17197,0.43375,0.58516,-0.27988,0.62539
1125398143123,0.59506,0.78267,0.17361,0.44296,0.57697,-0.29603,0.61908
1125498092123,0.58268,0.81133,0.17474,0.45450,0.56882,-0.31110,0.61081
1125598041089,0.57185,0.84067,0.17400,0.46073,0.56264,-0.32390,0.60518
1125698140094,0.56012,0.86562,0.17409,0.46145,0.55763,-0.33385,0.60387
1125798089094,0.54761,0.88904,0.17379,0.46181,0.55562,-0.33816,0.60305
1125898038094,0.53536,0.90659,0.17517,0.45908,0.55655,-0.33636,0.60527
1125998137089,0.51956,0.92482,0.17349,0.45503,0.56130,-0.32903,0.60797
1126098086123,0.50211,0.94520,0.17058,0.44640,0.56900,-0.31741,0.61337
1126198035089,0.48428,0.95929,0.16653,0.43626,0.57899,-0.30143,0.61935
1126297984089,0.46605,0.98214,0.16373,0.42513,0.58999,-0.28021,0.62662
1126398083123,0.45092,0.99535,0.16285,0.40570,0.60037,-0.25813,0.63901
1126498032123,0.43698,1.00835,0.23005,0.38885,0.60901,-0.23472,0.65024
1126597981089,0.41953,1.02434,0.17530,0.36974,0.61650,-0.21201,0.66202
1126698080123,0.40661,1.03463,0.21331,0.35191,0.62276,-0.19017,0.67244
1126798029094,0.39714,1.03527,0.19522,0.33362,0.62777,-0.17004,0.68241
1126897978094,0.38937,1.03854,0.16026,0.31487,0.63238,-0.15025,0.69165
1126997927123,0.38206,1.04331,0.15316,0.30004,0.63588,-0.13189,0.69874
1127098026089,0.37270,1.04945,0.15148,0.29076,0.63785,-0.11918,0.70314
1127197975089,0.36485,1.05730,0.15241,0.29127,0.63853,-0.11180,0.70352
1127297924089,0.35192,1.07381,0.15167,0.28846,0.63870,-0.11350,0.70425
1127398023123,0.33722,1.09432,0.14250,0.28808,0.63775,-0.12230,0.70379
1127497972094,0.32334,1.11247,0.18530,0.29306,0.63545,-0.13507,0.70148
1127597921089,0.30281,1.13520,0.16574,0.30150,0.63188,-0.15084,0.69791
1127697870123,0.27976,1.16086,0.18114,0.30328,0.62873,-0.16898,0.69583
1127797969089,0.25721,1.18245,0.18706,0.31186,0.62470,-0.18512,0.69154
1127897918089,0.23269,1.20317,0.20109,0.32636,0.62019,-0.19752,0.68544
1127997867122,0.21010,1.21990,0.20227,0.33867,0.61563,-0.21064,0.67966
1128097966122,0.18676,1.23387,0.20112,0.34060,0.61175,-0.22318,0.67819
1128197915122,0.16450,1.24369,0.20367,0.34388,0.60967,-0.22861,0.67660
1128297864122,0.14945,1.25155,0.20264,0.33805,0.61072,-0.22648,0.67930
1128397813122,0.13912,1.25516,0.20231,0.33103,0.61402,-0.21690,0.68290
1128497912122,0.13497,1.25579,0.20218,0.32120,0.61886,-0.20187,0.68781
1128597861060,0.13156,1.25476,0.19949,0.30635,0.62535,-0.18222,0.69418
1128697810122,0.12871,1.25642,0.14782,0.28753,0.63231,-0.15853,0.70170
1128797909122,0.13248,1.25221,0.21298,0.25639,0.63865,-0.13430,0.71299
1128897858089,0.13275,1.25474,0.18345,0.22793,0.64377,-0.10753,0.72252
1128997807089,0.13466,1.25596,0.16374,0.20221,0.64790,-0.07849,0.73019
1129097756122,0.13918,1.25320,0.17333,0.17923,0.65019,-0.04967,0.73666
1129197855094,0.13890,1.24760,0.17728,0.15239,0.65137,-0.02527,0.74287
1129297804122,0.13242,1.23927,0.16964,0.13413,0.65129,-0.00275,0.74688
1129397753122,0.13166,1.22710,0.16947,0.12358,0.65022,0.01741,0.74943
1129497852103,0.13254,1.21443,0.18306,0.10898,0.64939,0.03447,0.75181
1129597801060,0.13013,1.20624,0.16923,0.09818,0.64820,0.04622,0.75370
1129697750089,0.12931,1.19939,0.17370,0.08717,0.64813,0.05116,0.75479
1129797699094,0.12153,1.20057,0.18838,0.08357,0.64864,0.04898,0.75491
1129897798065,0.11045,1.20482,0.17615,0.07936,0.64997,0.04018,0.75474
1129997747122,0.09549,1.21235,0.18630,0.07760,0.65123,0.02714,0.75441
1130097696060,0.07417,1.21947,0.19739,0.08125,0.65168,0.01023,0.75406
1130197795122,0.04927,1.22284,0.18496,0.09190,0.65166,-0.00729,0.75289
1130297744122,0.03018,1.22874,0.18593,0.10168,0.65185,-0.02228,0.75117
1130397693089,0.00611,1.23754,0.18123,0.10398,0.65143,-0.03653,0.75066
1130497642089,-0.01111,1.24195,0.18920,0.10406,0.65068,-0.04877,0.75060
1130597741089,-0.02712,1.24579,0.18301,0.10639,0.65023,-0.05681,0.75010
1130697690132,-0.03941,1.24500,0.19428,0.10299,0.65019,-0.05976,0.75038
1130797639346,-0.05132,1.24091,0.19418,0.10011,0.65072,-0.05479,0.75069
1130897738122,-0.06396,1.23399,0.19894,0.08611,0.65180,-0.04283,0.75227
1130997687065,-0.07612,1.22388,0.19347,0.07553,0.65198,-0.02207,0.75414
1131097636093,-0.09279,1.21376,0.20072,0.06514,0.65157,0.00470,0.75577
1131197735089,-0.10620,1.19838,0.23127,0.04038,0.65147,0.03210,0.75691
1131297684089,-0.12512,1.19371,0.18319,0.01653,0.64935,0.06358,0.75765
1131397633089,-0.14295,1.18408,0.18116,-0.00866,0.64547,0.09368,0.75797
1131497582093,-0.15848,1.17765,0.17947,-0.02401,0.63893,0.12592,0.75851
1131597681122,-0.17577,1.17014,0.17732,-0.04837,0.63242,0.15366,0.75769
1131697630122,-0.18554,1.16198,0.17720,-0.06926,0.62463,0.18003,0.75673
1131797579070,-0.19133,1.15036,0.15699,-0.09027,0.61734,0.20287,0.75471
1131897678093,-0.19832,1.13754,0.15978,-0.10920,0.61057,0.22162,0.75244
1131997627089,-0.20058,1.12657,0.15380,-0.12469,0.60582,0.23443,0.74999
1132097577086,-0.21317,1.12557,0.16226,-0.13418,0.60428,0.24008,0.74780
1132197527186,-0.24472,1.12749,0.17904,-0.13808,0.60554,0.23906,0.74640
1132297627253,-0.27051,1.12052,0.17442,-0.13903,0.60914,0.23192,0.74554
1132397577386,-0.29365,1.11381,0.18903,-0.13642,0.61403,0.21874,0.74600
1132497527486,-0.31998,1.10493,0.21795,-0.12617,0.61881,0.20370,0.74811
1132597627558,-0.34031,1.09853,0.22024,-0.11501,0.62439,0.18653,0.74975
1132697577686,-0.36441,1.09363,0.22180,-0.10537,0.62994,0.16760,0.75099
1132797527785,-0.38652,1.08521,0.22451,-0.08864,0.63382,0.15097,0.75341
1132897477852,-0.40632,1.07824,0.22538,-0.07686,0.63741,0.13654,0.75442
1132997577986,-0.42426,1.07066,0.22806,-0.07090,0.63914,0.12643,0.75531
1133097527133,-0.43877,1.06252,0.22875,-0.06662,0.63953,0.12299,0.75594
1133197476133,-0.44713,1.05081,0.22905,-0.06992,0.63934,0.12336,0.75574
1133297575747,-0.45238,1.03554,0.22775,-0.08045,0.63831,0.12854,0.75469
1133397524104,-0.45619,1.01899,0.22652,-0.09271,0.63632,0.13999,0.75293
1133497473133,-0.45965,1.00025,0.22605,-0.11077,0.63284,0.15621,0.75023
1133597422133,-0.46854,0.97831,0.22522,-0.12507,0.62712,0.17621,0.74835
1133697521133,-0.48408,0.95665,0.20106,-0.13657,0.61979,0.19906,0.74671
1133797470104,-0.48696,0.93258,0.19729,-0.15904,0.61239,0.22013,0.74244
1133897419133,-0.50270,0.90868,0.19538,-0.17103,0.60207,0.24382,0.74082
1133997518104,-0.51892,0.88922,0.19059,-0.19482,0.59172,0.26735,0.73514
1134097467104,-0.52731,0.87109,0.18254,-0.21135,0.57923,0.29181,0.73121
1134197416133,-0.53849,0.86061,0.17982,-0.22731,0.56789,0.31247,0.72677
1134297365099,-0.54062,0.85343,0.17715,-0.24905,0.56130,0.32515,0.71917
1134397464104,-0.56357,0.84033,0.18844,-0.25941,0.55688,0.33260,0.71552
1134497413104,-0.58802,0.82864,0.17014,-0.26513,0.55578,0.33490,0.71320
1134597362104,-0.61163,0.81815,0.17067,-0.25746,0.55621,0.33266,0.71671
1134697461099,-0.63262,0.81344,0.17978,-0.25543,0.56142,0.32529,0.71676
1134797410775,-0.65336,0.80425,0.19373,-0.24992,0.56777,0.31574,0.71797
1134897359099,-0.67935,0.79461,0.17808,-0.24358,0.57517,0.30353,0.71953
1134997308071,-0.70468,0.77815,0.19043,-0.23647,0.58279,0.28930,0.72163
1135097407104,-0.72569,0.76197,0.19796,-0.22705,0.58941,0.27444,0.72507
1135197356132,-0.74989,0.74400,0.18204,-0.21848,0.59502,0.26172,0.72782
1135297305099,-0.76532,0.72875,0.18948,-0.21056,0.59837,0.25305,0.73047
1135397404132,-0.77464,0.71647,0.18929,-0.21382,0.60097,0.24779,0.72919
1135497353132,-0.77910,0.70135,0.20218,-0.21792,0.60066,0.24814,0.72811
1135597302070,-0.77900,0.68573,0.19464,-0.22397,0.59825,0.25351,0.72641
1135697251075,-0.77425,0.67079,0.18375,-0.23389,0.59398,0.26222,0.72369
1135797350099,-0.76273,0.65396,0.22149,-0.24216,0.58750,0.27470,0.72162
1135897299104,-0.75086,0.64323,0.18169,-0.25244,0.57901,0.28951,0.71917
1135997248132,-0.73511,0.62303,0.19803,-0.27287,0.56967,0.30633,0.71216
1136097347104,-0.73339,0.60455,0.19492,-0.28678,0.55634,0.32844,0.70737
1136197296132,-0.73049,0.58651,0.17309,-0.30925,0.54190,0.34976,0.69884
1136297245089,-0.73014,0.56559,0.18995,-0.32978,0.52587,0.37231,0.69000
1136397194132,-0.72788,0.55028,0.17960,-0.34781,0.50727,0.39573,0.68199
1136497293075,-0.73158,0.53869,0.17384,-0.37091,0.48821,0.41871,0.66990
1136597242104,-0.73859,0.53182,0.17345,-0.39493,0.47033,0.43939,0.65556
1136697191156,-0.74163,0.52114,0.18917,-0.41360,0.45411,0.45667,0.64356
1136797290075,-0.74414,0.50657,0.18693,-0.42523,0.44138,0.46874,0.63612
1136897239727,-0.74656,0.49726,0.18681,-0.43292,0.43247,0.47679,0.63105
1136997188099,-0.75005,0.48478,0.18685,-0.43798,0.42863,0.48029,0.62752
1137097137099,-0.75610,0.46694,0.18584,-0.43906,0.42829,0.48056,0.62678
1137197236132,-0.76157,0.44319,0.18538,-0.44041,0.43289,0.47722,0.62522
1137297185104,-0.76843,0.41572,0.18481,-0.44134,0.44162,0.47113,0.62308
1137397134099,-0.77241,0.38361,0.18620,-0.43555,0.45197,0.46177,0.62673
1137497233132,-0.77447,0.34896,0.18843,-0.43114,0.46260,0.45120,0.62971
1137597182103,-0.77362,0.31539,0.19177,-0.42237,0.47106,0.44124,0.63640
1137697131070,-0.77206,0.28399,0.19566,-0.41641,0.47842,0.43208,0.64111
1137797080099,-0.76917,0.25774,0.19681,-0.41768,0.48416,0.42535,0.64048
1137897179099,-0.76608,0.23802,0.19710,-0.42081,0.48603,0.42282,0.63868
1137997128099,-0.78537,0.23997,-0.23457,-0.42833,0.48482,0.42327,0.63429
1138097077099,-0.78238,0.22406,-0.23201,-0.43706,0.47967,0.42769,0.62927
1138197176099,-0.77726,0.21278,-0.22978,-0.44804,0.47177,0.43521,0.62232
1138297125070,-0.76905,0.19704,-0.22932,-0.46053,0.46084,0.44600,0.61370
1138397074132,-0.76452,0.18095,-0.23014,-0.47294,0.44594,0.46018,0.60473
1138497023099,-0.76450,0.16431,-0.23141,-0.49231,0.42815,0.47666,0.58916
1138597122132,-0.76616,0.14604,-0.23249,0.50640,-0.40560,-0.49470,-0.57820
1138697071099,-0.76784,0.14178,-0.23342,0.52762,-0.38448,-0.51127,-0.55893
1138797020103,-0.76912,0.14330,-0.23238,0.54142,-0.36212,-0.52619,-0.54668
1138897119099,-0.76841,0.13427,-0.23270,0.55625,-0.34453,-0.53824,-0.53121
1138997068099,-0.74511,0.11822,0.18072,0.57030,-0.33256,-0.54642,-0.51536
1139097017098,-0.74441,0.11535,0.17319,0.57862,-0.32491,-0.55106,-0.50593
1139196966132,-0.74487,0.10220,0.17271,0.58124,-0.32390,-0.55171,-0.50285
1139297065103,-0.74634,0.08637,0.16759,0.58072,-0.33029,-0.54853,-0.50278
1139397014103,-0.74913,0.06002,0.16490,0.57565,-0.34164,-0.54197,-0.50811
1139496963103,-0.75022,0.03596,0.16434,0.57115,-0.35679,-0.53364,-0.51158
1139597062103,-0.74955,0.01538,0.16652,0.56689,-0.37445,-0.52191,-0.51579
1139697011103,-0.75032,-0.01373,0.16798,0.56280,-0.39147,-0.51002,-0.51950
1139796960132,-0.74669,-0.04357,0.17111,0.55505,-0.40598,-0.49822,-0.52809
1139896909132,-0.74042,-0.06371,0.17327,0.54995,-0.41884,-0.48738,-0.53347
1139997008132,-0.73412,-0.08607,0.17384,0.54416,-0.42774,-0.47909,-0.53982
1140096957103,-0.72492,-0.09284,0.17561,0.54151,-0.43252,-0.47464,-0.54260
1140196906098,-0.71243,-0.10680,0.17587,0.54586,-0.43412,-0.47343,-0.53800
1140297005098,-0.69855,-0.11679,0.17757,0.55156,-0.42975,-0.47710,-0.53242
1140396954098,-0.68177,-0.12368,0.17763,0.56051,-0.42158,-0.48457,-0.52277
1140496903103,-0.66017,-0.13530,0.17794,0.56816,-0.41010,-0.49420,-0.51457
1140596852132,-0.63625,-0.14626,0.17177,0.57894,-0.39533,-0.50533,-0.50318
1140696951070,-0.61172,-0.15589,0.16599,0.58740,-0.37713,-0.51816,-0.49421
1140796900103,-0.58949,-0.16219,0.15024,0.59787,-0.35745,-0.53122,-0.48227
1140896849098,-0.56678,-0.16702,0.14887,0.60842,-0.33720,-0.54307,-0.47031
1140996948098,-0.54459,-0.16512,0.14770,0.62053,-0.31690,-0.55491,-0.45453
1141096897132,-0.52374,-0.16588,0.14706,0.63166,-0.29715,-0.56518,-0.43963
1141196846103,-0.50084,-0.17789,0.14414,0.64111,-0.27912,-0.57377,-0.42645
1141296945098,-0.48253,-0.18486,0.14136,0.65037,-0.26130,-0.58234,-0.41184
1141396894103,-0.46798,-0.19577,0.13866,0.65843,-0.24473,-0.58939,-0.39899
1141496843131,-0.46119,-0.21089,0.13494,0.66530,-0.22996,-0.59563,-0.38693
1141596792127,-0.45821,-0.21878,0.13316,0.67268,-0.22027,-0.59978,-0.37316
1141696891098,-0.46146,-0.23117,0.13470,0.67769,-0.21380,-0.60194,-0.36427
1141796840098,-0.47000,-0.23947,0.13585,0.68116,-0.21234,-0.60262,-0.35746
1141896789098,-0.47491,-0.25338,0.13651,0.68188,-0.21637,-0.60115,-0.35614
1141996888131,-0.47732,-0.25970,0.13689,0.68177,-0.22614,-0.59814,-0.35535
1142096837131,-0.47612,-0.26455,0.14010,0.68054,-0.23898,-0.59342,-0.35722
1142196786069,-0.47330,-0.27300,0.14176,0.67742,-0.25324,-0.58755,-0.36298
1142296735098,-0.47065,-0.27971,0.14204,0.67245,-0.26761,-0.58154,-0.37149
1142396834117,-0.46381,-0.28174,0.14529,0.66884,-0.28065,-0.57484,-0.37873
1142496783103,-0.45149,-0.27970,0.14554,0.66804,-0.29197,-0.56934,-0.37991
1142596732131,-0.43339,-0.27148,0.14737,0.66559,-0.29831,-0.56589,-0.38441
1142696831131,-0.41390,-0.26207,0.14778,0.66444,-0.29914,-0.56519,-0.38677
1142796780103,-0.39437,-0.25341,0.14721,0.66533,-0.29662,-0.56637,-0.38545
1142896729436,-0.37668,-0.24457,0.14828,0.67156,-0.29264,-0.56780,-0.37548
1142996678131,-0.35964,-0.23543,0.15246,0.67841,-0.28628,-0.56999,-0.36456
1143096777431,-0.33946,-0.23163,0.15399,0.68266,-0.27841,-0.57276,-0.35833
1143196726098,-0.31891,-0.22822,0.15697,0.68815,-0.26966,-0.57600,-0.34922
1143296675098,-0.29765,-0.23096,0.15544,0.69531,-0.26078,-0.58036,-0.33424
1143396774098,-0.27687,-0.23202,0.15455,0.70024,-0.24907,-0.58533,-0.32407
1143496723098,-0.24790,-0.23026,0.15538,0.70539,-0.23895,-0.58915,-0.31342
1143596672098,-0.22313,-0.23245,0.15821,0.70980,-0.22671,-0.59332,-0.30456
1143696621098,-0.19913,-0.22729,0.15852,0.71401,-0.21595,-0.59710,-0.29501
1143796720103,-0.17996,-0.22755,0.15938,0.71830,-0.20374,-0.60127,-0.28463
1143896669074,-0.16269,-0.22137,0.15986,0.72156,-0.19357,-0.60442,-0.27670
1143996618131,-0.14680,-0.21889,0.15965,0.72571,-0.18448,-0.60734,-0.26542
1144096717098,-0.12775,-0.21672,0.15947,0.73007,-0.17711,-0.60923,-0.25392
1144196666131,-0.11265,-0.21644,0.16127,0.73287,-0.16834,-0.61093,-0.24764
1144296615131,-0.09963,-0.21240,0.16267,0.73714,-0.16119,-0.61278,-0.23481
1144396564102,-0.08464,-0.20369,0.16527,0.74117,-0.15394,-0.61461,-0.22184
1144496663102,-0.07053,-0.19409,0.16688,0.74356,-0.14510,-0.61684,-0.21348
1144596612069,-0.05619,-0.18257,0.16636,0.74732,-0.13672,-0.61889,-0.19946
1144696561131,-0.04559,-0.17046,0.16649,0.74975,-0.12832,-0.62073,-0.18999
1144796660102,-0.04331,-0.15808,0.16784,0.75172,-0.12003,-0.62246,-0.18180
1144896609131,-0.03985,-0.14446,0.16811,0.75346,-0.11381,-0.62403,-0.17300
1144996558098,-0.03273,-0.13197,0.16902,0.75481,-0.10781,-0.62571,-0.16470
1145096507102,-0.02150,-0.12239,0.15462,0.75558,-0.10054,-0.62781,-0.15762
1145196606131,-0.00697,-0.11241,0.15289,0.75733,-0.09502,-0.62960,-0.14500
1145296555069,0.00660,-0.10637,0.15196,0.75881,-0.08929,-0.63119,-0.13356
1145396504098,0.01890,-0.10047,0.14912,0.75950,-0.08347,-0.63301,-0.12449
1145496603131,0.03016,-0.09481,0.14672,0.75996,-0.07834,-0.63450,-0.11717
1145596552131,0.04178,-0.09034,0.13391,0.76079,-0.07499,-0.63548,-0.10839
1145696501102,0.05229,-0.08855,0.13175,0.76082,-0.07257,-0.63664,-0.10283
1145796450131,0.06251,-0.08875,0.13050,0.76116,-0.07258,-0.63788,-0.09207
1145896549102,0.07129,-0.08999,0.12811,0.76063,-0.07247,-0.63922,-0.08713
1145996498131,0.08215,-0.09205,0.12533,0.76080,-0.07252,-0.63970,-0.08194
1146096447131,0.09231,-0.09348,0.12266,0.76181,-0.07226,-0.63915,-0.07692
1146196546097,0.10199,-0.09505,0.12031,0.76264,-0.07032,-0.63826,-0.07784
1146296495102,0.10809,-0.09475,0.11615,0.76308,-0.07006,-0.63819,-0.07423
1146396444102,0.10873,-0.09363,0.11362,0.76207,-0.07068,-0.63892,-0.07766
1146496393131,0.10980,-0.09300,0.10991,0.76232,-0.07192,-0.63839,-0.07847
1146596492097,0.10918,-0.09249,0.10618,0.76478,-0.07210,-0.63514,-0.08069
1146696441131,0.10885,-0.09199,0.10225,0.76409,-0.07351,-0.63598,-0.07927
1146796390131,0.10741,-0.09041,0.09719,0.76349,-0.07368,-0.63638,-0.08171
1146896489131,0.10467,-0.08578,0.09113,0.76254,-0.07533,-0.63744,-0.08081
1146996438102,0.10120,-0.08155,0.08702,0.76117,-0.07550,-0.63839,-0.08585
1147096375890,0.09947,-0.07926,0.08406,0.75961,-0.07533,-0.63938,-0.09230
1147196311868,0.09633,-0.07493,0.07832,0.75784,-0.07659,-0.64102,-0.09433
1147296397884,0.09229,-0.06914,0.07019,0.75504,-0.07735,-0.64322,-0.10101
1147396333862,0.08824,-0.06235,0.06377,0.75444,-0.08106,-0.64477,-0.09234
1147496269897,0.08589,-0.05904,0.06199,0.75455,-0.08364,-0.64533,-0.08484
1147596355884,0.07980,-0.05433,0.05523,0.75260,-0.08565,-0.64749,-0.08373
1147696291891,0.07790,-0.05372,0.04531,0.75099,-0.08848,-0.64993,-0.07602
1147796227898,0.07562,-0.04933,0.04096,0.75033,-0.09104,-0.65123,-0.06795
1147896163871,0.07511,-0.04666,0.03791,0.74947,-0.09253,-0.65204,-0.06766
1147996249891,0.07446,-0.04331,0.03416,0.74883,-0.09441,-0.65284,-0.06433
1148096197357,0.07333,-0.03966,0.02980,0.74814,-0.09700,-0.65375,-0.05905
1148196146362,0.07208,-0.03672,0.02666,0.74716,-0.09839,-0.65480,-0.05755
1148296245390,0.06983,-0.03317,0.02523,0.74660,-0.09951,-0.65535,-0.05659
1148396194390,0.06619,-0.03337,0.02558,0.74621,-0.10038,-0.65604,-0.05203
1148496143390,0.06523,-0.03330,0.02183,0.74583,-0.10094,-0.65656,-0.04975
1148596092357,0.06309,-0.03239,0.02079,0.74547,-0.10319,-0.65727,-0.04034
1148696191390,0.06326,-0.02977,0.02081,0.74660,-0.10732,-0.65613,-0.02374
1148796140367,0.06272,-0.03077,0.02032,0.74578,-0.10672,-0.65707,-0.02609
1148896089333,0.06209,-0.03313,0.01845,0.74446,-0.10569,-0.65836,-0.03416
1148996188347,0.06283,-0.03274,0.01932,0.74417,-0.10546,-0.65875,-0.03375
1149096137390,0.06044,-0.03306,0.01797,0.74278,-0.10401,-0.66009,-0.04164
1149196086362,0.05991,-0.03351,0.01790,0.74224,-0.10231,-0.66055,-0.04785
1149296035390,0.05925,-0.03366,0.01789,0.74238,-0.10202,-0.66043,-0.04793
1149396134390,0.05926,-0.03320,0.01835,0.74231,-0.10217,-0.66049,-0.04788
1149496083390,0.06038,-0.03349,0.01831,0.74235,-0.10204,-0.66047,-0.04784
1149596032357,0.06058,-0.03359,0.01854,0.74229,-0.10259,-0.66044,-0.04793
1149696131362,0.06023,-0.03340,0.01888,0.74238,-0.10228,-0.66040,-0.04773
1149796080390,0.05967,-0.03327,0.01882,0.74235,-0.10238,-0.66041,-0.04793
1149896029395,0.06268,-0.03441,0.01940,0.74230,-0.10231,-0.66046,-0.04816
1149995978357,0.06273,-0.03271,0.01972,0.74236,-0.10248,-0.66035,-0.04840
1150096077362,0.06309,-0.03395,0.01975,0.74242,-0.10231,-0.66032,-0.04826
1150196026357,0.06360,-0.03418,0.01915,0.74232,-0.10218,-0.66046,-0.04814
1150295975390,0.06256,-0.03392,0.01939,0.74233,-0.10224,-0.66042,-0.04830
1150396074390,0.06167,-0.03392,0.01950,0.74231,-0.10215,-0.66046,-0.04833
1150496023357,0.06193,-0.03399,0.01947,0.74229,-0.10208,-0.66050,-0.04824
1150595972390,0.06251,-0.03411,0.01927,0.74228,-0.10209,-0.66051,-0.04827
1150696071390,0.06229,-0.03388,0.01945,0.74223,-0.10210,-0.66056,-0.04836
1150796020357,0.06234,-0.03398,0.01963,0.74229,-0.10203,-0.66050,-0.04835
1150895969390,0.06300,-0.03416,0.01930,0.74222,-0.10205,-0.66057,-0.04837
1150995918390,0.06338,-0.03402,0.01933,0.74226,-0.10205,-0.66053,-0.04838
1151096017361,0.06348,-0.03370,0.01947,0.74228,-0.10211,-0.66049,-0.04844
1151195966390,0.06330,-0.03358,0.01970,0.74229,-0.10213,-0.66047,-0.04851
1151295915357,0.06305,-0.03378,0.01971,0.74229,-0.10206,-0.66048,-0.04844
1151396017847,0.06313,-0.03355,0.01972,0.74232,-0.10214,-0.66044,-0.04851
1151495963361,0.06318,-0.03351,0.01952,0.74223,-0.10211,-0.66053,-0.04856
1151595912390,0.06328,-0.03381,0.01928,0.74219,-0.10207,-0.66059,-0.04853
1151695861361,0.06320,-0.03391,0.01921,0.74217,-0.10202,-0.66062,-0.04851
1151795960390,0.06284,-0.03314,0.01953,0.74222,-0.10218,-0.66053,-0.04866
1151895909357,0.06268,-0.03312,0.01926,0.74218,-0.10215,-0.66058,-0.04872
1151995858361,0.06429,-0.03427,0.01891,0.74215,-0.10202,-0.66066,-0.04830
1152095957357,0.06406,-0.03404,0.01955,0.74224,-0.10210,-0.66054,-0.04841
1152195906390,0.06519,-0.03431,0.01947,0.74223,-0.10200,-0.66058,-0.04820
1152295855390,0.06447,-0.03418,0.01964,0.74221,-0.10196,-0.66060,-0.04828
1152395804390,0.06441,-0.03454,0.01988,0.74226,-0.10188,-0.66056,-0.04823
1152495903361,0.06448,-0.03452,0.01969,0.74222,-0.10183,-0.66063,-0.04815
