2284164901178,0.00126,-0.00276,-0.00165,0.66712,-0.32476,-0.55642,-0.37401,-0.01568,0.02363,0.02401,
2284264850168,0.02029,-0.01598,0.04094,0.65890,-0.34376,-0.54728,-0.38492,-0.04975,0.02963,0.08506,
2284364799173,0.00266,-0.00295,0.05034,0.61551,-0.38850,-0.53053,-0.43445,-0.06391,0.09171,0.06068,
2284464898173,-0.01420,0.01168,0.05395,0.58235,-0.41581,-0.52060,-0.46578,-0.16178,0.09555,0.05961,
2284564847111,-0.03729,0.02218,0.06180,0.56008,-0.43936,-0.51060,-0.48224,-0.26522,0.08052,0.06160,
2284664796159,-0.06993,0.02901,0.06719,0.53378,-0.45081,-0.50507,-0.50671,-0.31307,0.05356,0.08771,
2284764746411,-0.10589,0.03438,0.07599,0.51887,-0.46646,-0.49515,-0.51771,-0.36759,0.02308,0.08917,
2284864844144,-0.14521,0.03474,0.08010,0.50561,-0.47900,-0.48534,-0.52855,-0.36989,0.01891,0.04717,
2284964793139,-0.18336,0.03183,0.08266,-0.49719,0.48619,0.47632,0.53809,-0.36333,0.00992,0.02273,
2285064742173,-0.21808,0.02554,0.08539,-0.49155,0.48860,0.46849,0.54787,-0.30701,0.00615,0.02415,
2285164841173,-0.24999,0.01750,0.08451,-0.48830,0.49146,0.45946,0.55582,-0.35568,-0.00478,0.00005,
2285264790144,-0.28195,0.01512,0.08335,-0.47829,0.49753,0.44656,0.56946,-0.32471,0.03279,-0.01005,
2285364739139,-0.31262,0.01822,0.08147,-0.46478,0.50339,0.43167,0.58672,-0.31446,0.08074,-0.03065,
2285464838173,-0.34043,0.03460,0.07662,-0.46049,0.51615,0.41134,0.59358,-0.29721,0.18228,-0.04452,
2285564787173,-0.36439,0.05776,0.07228,-0.45663,0.52595,0.39646,0.59807,-0.20889,0.23747,0.01584,
2285664736173,-0.38124,0.07859,0.07079,-0.44968,0.52652,0.39129,0.60618,-0.12668,0.27753,0.02498,
2285764685173,-0.38775,0.09488,0.07026,-0.43858,0.51970,0.39347,0.61866,-0.01135,0.25563,0.02845,
2285864784139,-0.38397,0.10857,0.06884,-0.44190,0.51421,0.39601,0.61927,0.05342,0.18752,0.02708,
2285964733168,-0.37481,0.11416,0.06821,-0.43858,0.50439,0.40395,0.62454,0.11616,0.06428,0.04940,
2286064682111,-0.36016,0.11527,0.07348,-0.44101,0.49575,0.41051,0.62548,0.17671,-0.03599,0.05183,
2286164781177,-0.34112,0.10710,0.07748,-0.45103,0.48639,0.41893,0.62007,0.19488,-0.09133,0.03317,
2286264730144,-0.31673,0.09472,0.07912,-0.45678,0.47321,0.43056,0.61809,0.26863,-0.10043,0.01819,
2286364679139,-0.28798,0.08304,0.07902,-0.47419,0.46302,0.44144,0.60489,0.27670,-0.11788,0.00682,
2286464628139,-0.25835,0.07041,0.07918,-0.49603,0.45323,0.45281,0.58609,0.27103,-0.12585,-0.02612,
2286564727139,-0.23511,0.05493,0.08084,-0.49639,0.43970,0.46576,0.58595,0.19515,-0.19677,-0.00606,
2286664676173,-0.22038,0.03317,0.08018,-0.48216,0.41952,0.47758,0.60287,0.12974,-0.23437,0.00136,
2286764625144,-0.21203,0.00674,0.08316,-0.49331,0.41295,0.48293,0.59405,0.02902,-0.26174,0.00239,
2286864724173,-0.21759,-0.01828,0.08229,0.50222,-0.40883,-0.48623,-0.58670,-0.10665,-0.21873,0.00040,
2286964673173,-0.23360,-0.03766,0.08574,0.50608,-0.40853,-0.48599,-0.58378,-0.19757,-0.16586,0.02784,
2287064622139,-0.25618,-0.04930,0.08757,0.50525,-0.41505,-0.48081,-0.58419,-0.25398,-0.07054,0.00567,
2287164575049,-0.28294,-0.05074,0.08557,-0.48964,0.42630,0.47103,0.59720,-0.27937,0.05600,-0.05957,
2287264670172,-0.30998,-0.04587,0.07920,-0.48691,0.44690,0.45692,0.59533,-0.26774,0.09207,-0.06700,
2287364619172,-0.34033,-0.03622,0.07402,-0.48595,0.46519,0.44273,0.59282,-0.31843,0.11645,-0.04274,
2287464568172,-0.36958,-0.02527,0.07148,-0.47902,0.47888,0.42928,0.59744,-0.25465,0.10590,0.00660,
2287564667144,-0.39059,-0.01393,0.07276,0.50136,-0.49740,-0.41132,-0.57624,-0.16781,0.12838,0.00805,
2287664616653,-0.40741,0.00448,0.07054,-0.49792,0.50739,0.39958,0.57877,-0.14662,0.24831,-0.05121,
2287764565172,-0.41643,0.03292,0.06841,-0.47979,0.51212,0.39392,0.59360,-0.02657,0.33044,-0.02687,
2287864514144,-0.41303,0.06563,0.06846,-0.47498,0.51647,0.38806,0.59754,0.09235,0.29495,0.01739,
2287964613172,-0.39945,0.08451,0.07038,-0.48766,0.51983,0.38271,0.58779,0.17623,0.11606,0.05264,
2288064562144,-0.38255,0.08598,0.07701,-0.48945,0.51651,0.38306,0.58900,0.16830,-0.02480,0.07474,
2288164511110,-0.36447,0.07849,0.08438,-0.48261,0.50804,0.38903,0.59803,0.20637,-0.11567,0.06961,
2288264610172,-0.34214,0.06774,0.08776,-0.48027,0.49923,0.39775,0.60159,0.25863,-0.09501,-0.00058,
2288364559139,-0.31308,0.05942,0.08707,-0.48533,0.49220,0.40637,0.59754,0.32679,-0.06304,-0.01040,
2288464508144,-0.28238,0.05188,0.08689,-0.48649,0.48326,0.41648,0.59693,0.30725,-0.07884,0.01250,
2288564457172,-0.25454,0.04140,0.08854,-0.48762,0.47225,0.42743,0.59709,0.27244,-0.14402,0.02728,
2288664556172,-0.23194,0.02356,0.09120,-0.49938,0.46177,0.43727,0.58837,0.18396,-0.20184,0.02012,
2288764505172,-0.21697,0.00203,0.09394,0.50467,-0.44927,-0.44799,-0.58546,0.11364,-0.23212,0.02231,
2288864454144,-0.20872,-0.02179,0.09562,0.50806,-0.43889,-0.45657,-0.58377,0.04611,-0.24696,0.02547,
2288964553139,-0.20758,-0.04392,0.09909,0.50934,-0.43201,-0.46124,-0.58412,-0.02372,-0.21169,0.03548,
2289064492422,-0.21360,-0.06204,0.10042,0.51143,-0.43252,-0.46059,-0.58243,-0.08409,-0.14690,0.01121,
2289164423360,-0.22626,-0.07302,0.10076,0.51202,-0.43923,-0.45526,-0.58107,-0.15956,-0.07413,-0.01396,
2289264354240,-0.24621,-0.07501,0.09758,0.50925,-0.45013,-0.44696,-0.58160,-0.22573,0.02166,-0.05030,
2289364435122,-0.27229,-0.07029,0.09181,0.51034,-0.46396,-0.43678,-0.57751,-0.30424,0.07331,-0.05477,
2289464366060,-0.30390,-0.06103,0.08810,0.50953,-0.47631,-0.42626,-0.57603,-0.32193,0.13283,-0.03017,
2289564296969,-0.33724,-0.04580,0.08734,0.50230,-0.48656,-0.41501,-0.58200,-0.34520,0.17093,0.00201,
2289664377823,-0.37277,-0.02633,0.08594,-0.48599,0.49435,0.40509,0.59610,-0.34573,0.22855,-0.02478,
2289764308761,-0.40395,-0.00216,0.08427,-0.48457,0.50618,0.39114,0.59664,-0.29044,0.27280,-0.00223,
2289864239636,-0.43014,0.02630,0.08406,-0.48686,0.51855,0.37478,0.59465,-0.21711,0.29031,0.00023,
2289964170550,-0.44962,0.05312,0.08550,-0.49200,0.52903,0.35881,0.59103,-0.15306,0.26334,0.04898,
2290064262439,-0.45991,0.07801,0.08836,-0.49737,0.53647,0.34544,0.58779,-0.03501,0.22533,0.03716,
2290164211439,-0.45988,0.09773,0.08977,0.50993,-0.54122,-0.33578,-0.57819,0.03488,0.16156,0.03316,
2290264160439,-0.45298,0.11108,0.09011,0.50542,-0.54013,-0.33633,-0.58282,0.10466,0.09864,0.02054,
2290364259406,-0.43989,0.11637,0.09261,0.51275,-0.53643,-0.34030,-0.57752,0.15859,0.00416,0.04138,
2290464208439,-0.42258,0.11277,0.09660,0.51090,-0.52773,-0.35137,-0.58054,0.19627,-0.06021,0.03503,
2290564157406,-0.40070,0.10422,0.10022,0.50977,-0.51727,-0.36488,-0.58260,0.24479,-0.10529,0.03250,
2290664106439,-0.37463,0.09192,0.10295,0.50978,-0.50479,-0.38071,-0.58341,0.28073,-0.12670,0.02936,
2290764205406,-0.34855,0.07953,0.10385,0.51841,-0.49123,-0.39752,-0.57612,0.26940,-0.12302,-0.01069,
2290864154448,-0.32290,0.06577,0.10515,0.50952,-0.47325,-0.41715,-0.58516,0.29497,-0.15625,0.01997,
2290964103406,-0.29153,0.05023,0.10609,0.52357,-0.46055,-0.43214,-0.57186,0.29869,-0.16129,0.00403,
2291064202401,-0.26637,0.03303,0.10436,0.53767,-0.44948,-0.44587,-0.55685,0.21022,-0.19042,-0.01140,
2291164151439,-0.24816,0.01435,0.10130,0.55524,-0.43875,-0.45808,-0.53792,0.16337,-0.20310,-0.02077,
2291264100406,-0.23578,-0.00441,0.10116,0.56263,-0.42896,-0.46733,-0.53014,0.09669,-0.20687,0.00211,
2291364049410,-0.22797,-0.02289,0.10254,0.56920,-0.42588,-0.47041,-0.52284,0.06155,-0.18279,-0.01472,
2291464148439,-0.22837,-0.03978,0.10174,0.57550,-0.43046,-0.46749,-0.51474,-0.02686,-0.12963,-0.03532,
2291564097410,-0.23410,-0.05000,0.09982,0.58190,-0.44080,-0.45906,-0.50631,-0.10825,-0.07516,-0.03329,
2291664046429,-0.24961,-0.05490,0.09710,0.58517,-0.45256,-0.44836,-0.50174,-0.18543,-0.02116,-0.02594,
2291764145439,-0.27173,-0.05558,0.09613,0.59060,-0.46462,-0.43561,-0.49553,-0.22673,0.01892,-0.00865,
2291864094391,-0.29681,-0.05292,0.09891,0.59830,-0.47445,-0.42319,-0.48769,-0.23752,0.05977,0.01683,
2291964043439,-0.32054,-0.04551,0.10195,0.61346,-0.48158,-0.41103,-0.47202,-0.21854,0.09785,0.04596,
2292063992410,-0.34247,-0.03321,0.10801,0.61555,-0.48281,-0.40490,-0.47335,-0.20329,0.14734,0.05329,
2292164091439,-0.36277,-0.01736,0.11456,0.60506,-0.47936,-0.40562,-0.48947,-0.17124,0.14990,0.05374,
2292264040439,-0.37937,-0.00021,0.12043,0.59283,-0.47339,-0.41015,-0.50619,-0.14770,0.18616,0.03190,
2292363989439,-0.39441,0.02208,0.12057,0.56357,-0.46407,-0.42173,-0.53775,-0.15423,0.25450,-0.08687,
2292464088439,-0.40719,0.05087,0.10447,0.53411,-0.45783,-0.43569,-0.56151,-0.09831,0.29843,-0.23578,
2292564037439,-0.41432,0.07935,0.07937,0.51064,-0.45674,-0.44826,-0.57420,-0.02912,0.25581,-0.23618,
2292663986439,-0.41469,0.10063,0.05565,0.50178,-0.46233,-0.45514,-0.57211,0.04309,0.17097,-0.19553,
2292763935405,-0.41202,0.11335,0.03664,0.50669,-0.47092,-0.45717,-0.55902,0.04091,0.08623,-0.13101,
2292864034410,-0.40860,0.11842,0.02903,0.50105,-0.47311,-0.45821,-0.56139,0.07127,-0.01645,0.00641,
2292963983410,-0.40412,0.11309,0.03363,0.51357,-0.47623,-0.45385,-0.55088,0.08142,-0.09900,0.10432,
2293063932439,-0.39805,0.10204,0.04883,0.52837,-0.47586,-0.44737,-0.54244,0.04636,-0.15616,0.16752,
2293164031439,-0.39325,0.08421,0.06672,0.53609,-0.47016,-0.44339,-0.54310,0.04654,-0.20019,0.19146,
2293263980439,-0.38797,0.06286,0.08633,0.54544,-0.46306,-0.43995,-0.54269,0.08694,-0.21677,0.20880,
2293363929377,-0.37616,0.04232,0.10517,0.54936,-0.45655,-0.43639,-0.54712,0.16210,-0.18937,0.15599,
2293463878439,-0.35395,0.02672,0.11542,0.57292,-0.45838,-0.42973,-0.52628,0.29781,-0.14440,0.04793,
2293563977443,-0.32278,0.01443,0.11614,0.61315,-0.46468,-0.42188,-0.47974,0.30719,-0.09245,-0.04026,
2293663926439,-0.29664,0.00573,0.11343,0.61318,-0.46228,-0.42694,-0.47752,0.26450,-0.08320,-0.07907,
2293763875439,-0.26738,-0.00120,0.10668,0.61090,-0.45866,-0.43538,-0.47631,0.28734,-0.04079,-0.11208,
2293863974405,-0.23724,-0.00724,0.09734,0.61312,-0.45450,-0.44513,-0.46837,0.29033,-0.04501,-0.09562,
2293963923405,-0.20756,-0.01223,0.09139,0.61383,-0.44670,-0.45727,-0.46322,0.25940,-0.04202,-0.09653,
2294063872438,-0.18051,-0.01435,0.08376,0.61371,-0.43544,-0.47177,-0.45955,0.27629,-0.04538,-0.07558,
2294163821438,-0.15938,-0.01652,0.08038,0.60772,-0.41926,-0.48840,-0.46514,0.18662,-0.04174,-0.03070,
2294263920405,-0.14136,-0.01611,0.07800,0.59062,-0.39975,-0.50392,-0.48728,0.21626,-0.00817,-0.05302,
2294363869410,-0.11859,-0.01636,0.07281,0.61132,-0.39539,-0.51119,-0.45677,0.23081,-0.02521,-0.04273,
2294463818438,-0.09833,-0.01933,0.06993,0.61930,-0.38954,-0.51679,-0.44458,0.20084,-0.03844,0.00223,
2294563917438,-0.07850,-0.02146,0.06950,0.62564,-0.38444,-0.52128,-0.43479,0.20099,-0.00231,-0.02445,
2294663866438,-0.05957,-0.01811,0.06690,0.63567,-0.38214,-0.52411,-0.41858,0.19479,0.05191,-0.01701,
2294763815438,-0.04425,-0.01175,0.06480,0.64463,-0.38395,-0.52564,-0.40092,0.10014,0.05674,-0.04900,
2294863914410,-0.03652,-0.00542,0.06155,0.63739,-0.37805,-0.52852,-0.41409,0.12243,0.09958,-0.04442,
2294963863405,-0.02522,0.00513,0.05674,0.64841,-0.37202,-0.52947,-0.40104,0.11739,0.06842,-0.07558,
2295063812381,-0.01870,0.00306,0.05400,0.64672,-0.37320,-0.52995,-0.40202,0.00402,-0.08222,-0.03669,
2295163761438,-0.01978,-0.00748,0.05285,0.63138,-0.37551,-0.52830,-0.42574,0.07944,-0.07483,-0.05789,
2295263860438,-0.01175,-0.00891,0.04266,0.65122,-0.37697,-0.52708,-0.39496,0.07461,0.01402,-0.18026,
2295363809405,-0.00928,-0.00476,0.02966,0.64133,-0.37569,-0.52813,-0.41065,0.06954,0.11233,-0.15485,
2295463758438,-0.00221,0.00851,0.01852,0.63428,-0.37999,-0.52920,-0.41623,0.09230,0.14058,-0.16315,
2295563857410,0.00522,0.02004,0.00821,0.64415,-0.38964,-0.52745,-0.39376,0.03613,0.08539,-0.10377,
2295663806405,0.00663,0.02197,0.00636,0.64910,-0.39504,-0.52735,-0.38015,-0.01925,-0.02223,-0.00629,
2295763755438,0.00343,0.01954,0.00630,0.64394,-0.39232,-0.52965,-0.38846,-0.00591,-0.01108,-0.00608,
2295863704438,0.00325,0.01955,0.00473,0.65171,-0.39410,-0.52888,-0.37450,0.00824,-0.00320,-0.00909,
2295963803405,0.00309,0.02036,0.00499,0.66146,-0.39725,-0.52695,-0.35637,0.02280,0.01167,-0.00805,
2296063752410,0.00748,0.02224,0.00358,0.67642,-0.40415,-0.52170,-0.32701,0.06411,0.03023,-0.01432,
2296163701376,0.00827,0.02297,0.00180,0.68564,-0.40860,-0.51792,-0.30774,0.00305,-0.00414,-0.00452,
2296263800381,0.00661,0.01797,-0.00045,0.68660,-0.40847,-0.51735,-0.30672,-0.00734,-0.01966,-0.01054,
2296363749405,0.00581,0.01838,-0.00129,0.68644,-0.40865,-0.51748,-0.30662,0.00016,-0.00440,-0.00607,
2296463698410,0.00569,0.01825,-0.00100,0.68642,-0.40867,-0.51760,-0.30644,-0.00109,-0.00423,-0.00418,
2296563647438,0.00586,0.01842,-0.00097,0.68654,-0.40861,-0.51746,-0.30648,0.00387,-0.00066,-0.00291,
2296663746405,0.00585,0.01836,-0.00064,0.68658,-0.40858,-0.51751,-0.30636,0.00223,-0.00183,-0.00184,
2296763695376,0.00584,0.01853,-0.00095,0.68666,-0.40833,-0.51770,-0.30620,0.00304,0.00191,-0.00323,
2296863644409,0.00593,0.01842,-0.00084,0.68664,-0.40846,-0.51754,-0.30633,0.00496,0.00053,-0.00175,
2296963743438,0.00574,0.01841,-0.00101,0.68675,-0.40823,-0.51775,-0.30604,0.00364,0.00217,-0.00267,
2297063692405,0.00571,0.01858,-0.00081,0.68674,-0.40830,-0.51762,-0.30619,0.00544,0.00349,-0.00028,
2297163641405,0.00568,0.01857,-0.00051,0.68685,-0.40807,-0.51774,-0.30605,0.00359,0.00278,-0.00098,
2297263590405,0.00572,0.01839,-0.00052,0.68687,-0.40811,-0.51766,-0.30607,0.00438,0.00356,-0.00165,
2297363689419,0.00558,0.01827,-0.00086,0.68691,-0.40799,-0.51781,-0.30591,0.00348,0.00321,-0.00335,
2297463638381,0.00572,0.01811,-0.00102,0.68683,-0.40812,-0.51774,-0.30602,0.00500,0.00435,-0.00216,
2297563587438,0.00576,0.01808,-0.00104,0.68687,-0.40799,-0.51778,-0.30602,0.00399,0.00476,-0.00111,
2297663686376,0.00596,0.01818,-0.00115,0.68689,-0.40799,-0.51780,-0.30595,0.00408,0.00540,-0.00300,
2297763635405,0.00608,0.01835,-0.00120,0.68692,-0.40797,-0.51779,-0.30595,0.00346,0.00620,-0.00179,
2297863584376,0.00628,0.01861,-0.00098,0.68687,-0.40802,-0.51774,-0.30607,0.00470,0.00550,-0.00254,
2297963533438,0.00615,0.01851,-0.00093,0.68689,-0.40797,-0.51773,-0.30610,0.00358,0.00571,-0.00130,
2298063632409,0.00598,0.01842,-0.00138,0.68693,-0.40788,-0.51785,-0.30593,0.00363,0.00596,-0.00466,
2298163581405,0.00613,0.01840,-0.00152,0.68688,-0.40801,-0.51779,-0.30597,0.00490,0.00699,-0.00323,
2298263530414,0.00623,0.01848,-0.00145,0.68693,-0.40801,-0.51772,-0.30599,0.00474,0.00713,-0.00157,
2298363629443,0.00609,0.01861,-0.00166,0.68700,-0.40789,-0.51781,-0.30583,0.00380,0.00786,-0.00269,
2298463578381,0.00589,0.01864,-0.00175,0.68699,-0.40788,-0.51786,-0.30578,0.00347,0.00767,-0.00150,
2298563527404,0.00598,0.01849,-0.00204,0.68699,-0.40789,-0.51784,-0.30579,0.00592,0.00716,-0.00488,
2298663476376,0.00571,0.01848,-0.00222,0.68702,-0.40780,-0.51795,-0.30566,0.00212,0.00789,-0.00256,
2298763575381,0.00571,0.01844,-0.00227,0.68703,-0.40779,-0.51791,-0.30572,0.00317,0.00844,-0.00282,
2298863524409,0.00571,0.01842,-0.00213,0.68702,-0.40780,-0.51789,-0.30577,0.00269,0.00881,-0.00128,
2298963473409,0.00554,0.01837,-0.00226,0.68707,-0.40772,-0.51795,-0.30566,0.00226,0.00846,-0.00297,
2299063572438,0.00551,0.01838,-0.00243,0.68710,-0.40771,-0.51797,-0.30556,0.00211,0.00778,-0.00421,
2299163521438,0.00597,0.01933,-0.00177,0.68707,-0.40781,-0.51785,-0.30571,0.00394,0.01287,-0.00035,
2299263470404,0.00596,0.01982,0.00070,0.68728,-0.40739,-0.51774,-0.30598,0.00441,0.00263,-0.00033,
2299363419438,0.00588,0.01973,0.00065,0.68734,-0.40732,-0.51777,-0.30589,0.00239,0.00281,-0.00139,
2299463518409,0.00589,0.01976,0.00070,0.68731,-0.40733,-0.51782,-0.30587,0.00227,0.00344,-0.00160,
2299563467409,0.00593,0.01980,0.00097,0.68731,-0.40735,-0.51771,-0.30603,0.00358,0.00329,0.00087,
2299663416438,0.00585,0.01986,0.00072,0.68731,-0.40731,-0.51780,-0.30592,0.00289,0.00345,-0.00314,
2299763515404,0.00598,0.01989,0.00053,0.68728,-0.40730,-0.51785,-0.30591,0.00351,0.00289,-0.00408,
2299863464438,0.00599,0.01976,0.00056,0.68732,-0.40722,-0.51788,-0.30587,0.00248,0.00157,-0.00359,
2299963413409,0.00585,0.01979,0.00049,0.68731,-0.40719,-0.51792,-0.30587,0.00102,0.00287,-0.00178,
2300063362409,0.00598,0.01986,0.00030,0.68729,-0.40731,-0.51781,-0.30595,0.00256,0.00372,-0.00176,
2300163461380,0.00608,0.01995,-0.00007,0.68721,-0.40750,-0.51774,-0.30599,0.00415,0.00685,-0.00076,
2300263410442,0.00601,0.02014,-0.00001,0.68722,-0.40755,-0.51766,-0.30604,0.00421,0.00859,0.00090,
2300363359404,0.00574,0.02005,-0.00009,0.68718,-0.40751,-0.51775,-0.30602,0.00278,0.00838,-0.00034,
2300463458409,0.00536,0.01977,-0.00037,0.68715,-0.40751,-0.51782,-0.30598,0.00092,0.00904,-0.00117,
2300563407404,0.00532,0.01961,-0.00078,0.68708,-0.40754,-0.51789,-0.30598,0.00124,0.00923,-0.00369,
2300663356404,0.00541,0.01925,-0.00112,0.68708,-0.40761,-0.51786,-0.30595,0.00243,0.00928,-0.00466,
2300763305376,0.00532,0.01906,-0.00117,0.68707,-0.40761,-0.51791,-0.30588,0.00122,0.00977,-0.00374,
2300863404409,0.00549,0.01925,-0.00087,0.68709,-0.40767,-0.51774,-0.30603,0.00233,0.00881,-0.00044,
2300963353442,0.00559,0.01942,-0.00080,0.68709,-0.40769,-0.51768,-0.30613,0.00185,0.00788,-0.00163,
2301063302409,0.00554,0.01937,-0.00070,0.68703,-0.40780,-0.51762,-0.30622,0.00285,0.00913,-0.00042,
2301163401404,0.00534,0.01944,-0.00066,0.68722,-0.40790,-0.51748,-0.30587,-0.00267,0.00742,-0.00112,
2301263350375,0.00547,0.01947,-0.00047,0.68707,-0.40795,-0.51745,-0.30620,0.00157,0.00878,0.00082,
2301363299447,0.00557,0.01940,-0.00082,0.68710,-0.40781,-0.51755,-0.30616,0.00146,0.00658,-0.00513,
2301463248437,0.00542,0.01935,-0.00089,0.68744,-0.40672,-0.51768,-0.30662,0.00002,0.00837,-0.00245,
2301563347437,0.00567,0.01946,-0.00070,0.68732,-0.40706,-0.51774,-0.30633,0.00039,0.00465,-0.00455,
2301663296409,0.00414,0.01932,-0.00073,0.68691,-0.40529,-0.51810,-0.30898,-0.05911,-0.01098,-0.00033,
2301763245409,-0.00029,0.01799,0.00003,0.68386,-0.40404,-0.51994,-0.31424,-0.03529,-0.02194,0.03941,
2301863344404,-0.00377,0.01408,0.00865,0.67198,-0.39908,-0.52613,-0.33521,-0.01650,-0.01818,0.15657,
2301963293433,-0.00413,0.01326,0.02247,0.66356,-0.39508,-0.53149,-0.34802,0.04309,0.07472,0.08364,
2302063242409,0.00020,0.01999,0.02797,0.66565,-0.39406,-0.53285,-0.34307,0.00287,0.05733,0.03780,
2302163191437,0.00347,0.02740,0.03244,0.65873,-0.38921,-0.53698,-0.35530,0.06266,0.10501,0.04445,
2302263290437,0.01099,0.04079,0.03428,0.65389,-0.38416,-0.53855,-0.36718,0.08719,0.13077,0.00464,
2302363239437,0.02228,0.05630,0.03741,0.65410,-0.37785,-0.54035,-0.37069,0.11630,0.15020,0.01317,
2302463188409,0.03889,0.07455,0.03929,0.66070,-0.37347,-0.54154,-0.36157,0.15922,0.18380,0.01524,
2302563287437,0.05807,0.09394,0.04113,0.66126,-0.36646,-0.54484,-0.36275,0.23143,0.18938,0.03658,
2302663236437,0.08503,0.11360,0.04548,0.65882,-0.35810,-0.54824,-0.37035,0.29432,0.14971,0.04209,
2302763185437,0.12096,0.13145,0.05107,0.66005,-0.35136,-0.55026,-0.37161,0.38211,0.15660,0.04904,
2302863134437,0.15901,0.14794,0.05508,0.65830,-0.34501,-0.55173,-0.37842,0.40518,0.18391,0.03017,
2302963233442,0.20062,0.16967,0.05775,0.66051,-0.34197,-0.55236,-0.37640,0.41981,0.20641,0.01666,
2303063182437,0.24070,0.18984,0.05904,0.66206,-0.33848,-0.55377,-0.37477,0.40620,0.19141,0.01507,
2303163131437,0.27926,0.21019,0.06123,0.66303,-0.33406,-0.55578,-0.37404,0.38228,0.19718,0.02258,
2303263230409,0.31491,0.23179,0.06323,0.66869,-0.33051,-0.55746,-0.36448,0.36384,0.20996,0.00467,
2303363179437,0.34623,0.25411,0.06280,0.67277,-0.32588,-0.56038,-0.35660,0.33447,0.21486,-0.00801,
2303463128409,0.37909,0.27693,0.06001,0.67607,-0.32083,-0.56418,-0.34884,0.36157,0.21393,-0.02411,
2303563077437,0.41325,0.29747,0.05510,0.67325,-0.31267,-0.56993,-0.35234,0.35317,0.19598,-0.04772,
2303663176423,0.44936,0.31630,0.04767,0.67238,-0.30498,-0.57591,-0.35103,0.37706,0.18879,-0.06269,
2303763125380,0.48874,0.33269,0.04213,0.67326,-0.29956,-0.58183,-0.34418,0.40710,0.13064,-0.02162,
2303863074966,0.52837,0.34598,0.03828,0.67270,-0.29113,-0.58573,-0.34590,0.42236,0.13825,-0.00169,
2303963173380,0.56971,0.35958,0.03701,0.67519,-0.28520,-0.58908,-0.34023,0.39983,0.12120,-0.01718,
2304063110856,0.61034,0.36907,0.03592,0.67335,-0.27684,-0.59243,-0.34495,0.39397,0.10688,-0.02787,
2304163037862,0.64957,0.37711,0.03246,0.67547,-0.27112,-0.59602,-0.33911,0.36534,0.09394,-0.04893,
2304263114817,0.68302,0.38443,0.03098,0.67869,-0.26485,-0.59931,-0.33176,0.31689,0.07327,0.00457,
2304363041852,0.71148,0.38700,0.03416,0.67656,-0.25566,-0.60172,-0.33887,0.27177,0.02906,-0.00259,
2304462968868,0.73780,0.38859,0.03394,0.67721,-0.25245,-0.60326,-0.33724,0.25360,0.02109,-0.01917,
2304562895850,0.76091,0.38787,0.03244,0.67634,-0.25422,-0.60310,-0.33795,0.19284,-0.01104,-0.01611,
2304662972857,0.78264,0.38159,0.03043,0.67154,-0.26131,-0.60057,-0.34649,0.17684,-0.04204,-0.00708,
2304762899897,0.79889,0.37450,0.03304,0.66182,-0.27265,-0.59471,-0.36603,0.10779,-0.04378,0.02394,
2304862826908,0.80926,0.36797,0.03587,0.65273,-0.28970,-0.58557,-0.38358,0.07008,-0.05450,0.04671,
2304962903886,0.81516,0.35991,0.03843,0.64709,-0.31039,-0.57511,-0.39266,0.00855,-0.09029,0.03081,
2305062843708,0.82077,0.34814,0.03784,0.64066,-0.33252,-0.56367,-0.40157,0.01730,-0.09081,0.01814,
2305162792728,0.82287,0.33791,0.04150,0.63461,-0.35363,-0.55106,-0.41055,-0.01435,-0.13269,0.02779,
2305262741719,0.81701,0.31916,0.04093,0.63008,-0.37167,-0.53928,-0.41718,-0.02901,-0.21096,0.02934,
2305362840700,0.81325,0.29750,0.04703,0.62300,-0.38493,-0.52968,-0.42795,-0.01781,-0.25896,0.02867,
2305462789728,0.81272,0.27037,0.05015,0.61450,-0.39632,-0.52186,-0.43929,0.04168,-0.28942,0.01873,
2305562738757,0.82000,0.23954,0.05029,0.60515,-0.40544,-0.51647,-0.45019,0.08493,-0.34672,-0.03220,
2305662837762,0.83615,0.20533,0.04283,0.58591,-0.40747,-0.51674,-0.47292,0.12392,-0.38376,-0.03703,
2305762786723,0.85278,0.17150,0.03918,0.58929,-0.40939,-0.51711,-0.46662,0.22642,-0.35774,0.01833,
2305862735728,0.87349,0.13321,0.03594,0.60530,-0.41251,-0.51630,-0.44372,0.26307,-0.38009,-0.01412,
2305962684728,0.89437,0.09241,0.03500,0.60714,-0.40552,-0.52225,-0.44067,0.21327,-0.38057,-0.00435,
2306062783723,0.91201,0.05879,0.03143,0.59531,-0.38963,-0.53276,-0.45821,0.25857,-0.32014,0.01899,
2306162732728,0.93731,0.03172,0.03056,0.59488,-0.37875,-0.54017,-0.45922,0.31044,-0.27514,0.00287,
2306262681728,0.96705,0.01425,0.02578,0.59598,-0.37072,-0.54690,-0.45637,0.35112,-0.22279,-0.01223,
2306362780728,1.00044,-0.00589,0.02450,0.60280,-0.36399,-0.55223,-0.44631,0.38864,-0.20833,0.00761,
2306462729757,1.03764,-0.02760,0.02202,0.60998,-0.35750,-0.55659,-0.43626,0.41950,-0.22988,0.01428,
2306562678728,1.07549,-0.05110,0.02470,0.60977,-0.34654,-0.56090,-0.43987,0.39728,-0.19740,0.05877,
2306662627757,1.11412,-0.07021,0.02846,0.61044,-0.33653,-0.56416,-0.44254,0.41688,-0.19695,0.04938,
2306762726728,1.15426,-0.09207,0.02987,0.61974,-0.33182,-0.56743,-0.42877,0.38415,-0.19197,-0.00883,
2306862675728,1.18720,-0.11283,0.02650,0.62457,-0.32537,-0.57211,-0.42041,0.28978,-0.22407,-0.00996,
2306962624723,1.21274,-0.13633,0.02657,0.62796,-0.31808,-0.57517,-0.41675,0.24170,-0.26513,0.04287,
2307062723757,1.23298,-0.16543,0.02662,0.62744,-0.31209,-0.57733,-0.41905,0.13926,-0.35790,-0.01445,
2307162672723,1.24219,-0.19795,0.02362,0.62133,-0.30986,-0.57833,-0.42834,0.04045,-0.32680,-0.00433,
2307262621728,1.24451,-0.23040,0.02518,0.61491,-0.31566,-0.57514,-0.43756,-0.06335,-0.33484,-0.00495,
2307362570756,1.23379,-0.26356,0.02244,0.60326,-0.32328,-0.57108,-0.45324,-0.15448,-0.33548,-0.04043,
2307462669756,1.21603,-0.29862,0.01663,0.59942,-0.33577,-0.56716,-0.45418,-0.18641,-0.36744,-0.06564,
2307562618728,1.19309,-0.34132,0.01166,0.58683,-0.34053,-0.56442,-0.47022,-0.22472,-0.44742,0.00438,
2307662567761,1.17254,-0.38893,0.01547,0.58532,-0.34578,-0.56105,-0.47230,-0.19834,-0.45887,0.03019,
2307762666723,1.15269,-0.43359,0.01965,0.57604,-0.34722,-0.55840,-0.48561,-0.17060,-0.42266,0.01721,
2307862615728,1.13613,-0.47400,0.02179,0.56896,-0.34923,-0.55619,-0.49495,-0.14256,-0.31909,0.00696,
2307962564756,1.12469,-0.50667,0.02533,0.56509,-0.35142,-0.55321,-0.50112,-0.05732,-0.25540,0.02309,
2308062513723,1.12338,-0.53864,0.02729,0.56799,-0.35608,-0.55119,-0.49677,0.08509,-0.24377,0.01523,
2308162612756,1.13430,-0.56745,0.03025,0.58584,-0.36379,-0.54876,-0.47255,0.17206,-0.22270,0.02226,
2308262561756,1.15226,-0.59217,0.03202,0.59516,-0.36139,-0.55070,-0.46033,0.23016,-0.25308,0.01118,
2308362510728,1.17828,-0.62035,0.03088,0.60576,-0.35327,-0.55649,-0.44562,0.32431,-0.27028,-0.01539,
2308462609723,1.21154,-0.64853,0.02748,0.61527,-0.34165,-0.56404,-0.43195,0.37249,-0.22095,-0.00029,
2308562558756,1.25118,-0.67051,0.02735,0.62725,-0.32994,-0.56982,-0.41594,0.42426,-0.15191,0.04348,
2308662507756,1.29393,-0.68623,0.03060,0.63713,-0.31516,-0.57600,-0.40368,0.41454,-0.12250,0.01155,
2308762456756,1.33536,-0.69778,0.02711,0.64959,-0.30025,-0.58376,-0.38354,0.38553,-0.06827,-0.07288,
2308862555728,1.37234,-0.70620,0.02035,0.65733,-0.28404,-0.59217,-0.36955,0.33006,-0.02369,-0.07846,
2308962504723,1.40248,-0.70988,0.01793,0.66406,-0.26718,-0.59866,-0.35951,0.27571,-0.02762,-0.03450,
2309062453756,1.42607,-0.71541,0.01537,0.66861,-0.24903,-0.60511,-0.35324,0.23274,-0.08148,-0.04867,
2309162552728,1.44923,-0.72910,0.02261,0.67664,-0.23264,-0.61072,-0.33921,0.16342,-0.09277,-0.00419,
2309262501694,1.46372,-0.73981,0.02793,0.68709,-0.21823,-0.61560,-0.31831,0.08215,-0.12148,-0.00681,
2309362450699,1.47285,-0.74951,0.03313,0.69575,-0.20334,-0.62127,-0.29765,0.03874,-0.15265,-0.00499,
2309462399728,1.47876,-0.76985,0.02849,0.70436,-0.19137,-0.62602,-0.27450,-0.04667,-0.24024,-0.02368,
2309562498756,1.47129,-0.80626,0.02876,0.70790,-0.17946,-0.62986,-0.26447,-0.12316,-0.31515,-0.01239,
2309662447728,1.45681,-0.84393,0.02607,0.71170,-0.17401,-0.63194,-0.25269,-0.21301,-0.37267,-0.01419,
2309762396723,1.43662,-0.88206,0.02571,0.71374,-0.17253,-0.63358,-0.24371,-0.22849,-0.38406,-0.01672,
2309862495723,1.41625,-0.92495,0.02308,0.71554,-0.17724,-0.63502,-0.23094,-0.24786,-0.36571,-0.06159,
2309962444756,1.39327,-0.96420,0.01949,0.71735,-0.18370,-0.63551,-0.21863,-0.25107,-0.34136,0.00077,
2310062393756,1.37475,-0.99955,0.02054,0.71484,-0.18928,-0.63399,-0.22636,-0.19969,-0.27674,0.02145,
2310162342723,1.35729,-1.02939,0.02027,0.71547,-0.19895,-0.63155,-0.22285,-0.18314,-0.21122,-0.00013,
2310262441756,1.34247,-1.05070,0.01515,0.71374,-0.20580,-0.63038,-0.22549,-0.17126,-0.10682,-0.01545,
2310362390727,1.33032,-1.06640,0.01043,0.71449,-0.21031,-0.62972,-0.22072,-0.14885,-0.01552,0.00005,
2310462339723,1.31795,-1.07313,0.00966,0.71830,-0.20728,-0.63095,-0.20732,-0.15202,0.03010,0.02974,
2310562438694,1.29761,-1.06912,0.01171,0.72407,-0.19283,-0.63444,-0.18979,-0.17919,0.12138,0.01200,
2310662387727,1.28661,-1.05978,0.00771,0.73180,-0.17465,-0.63958,-0.15779,-0.17079,0.13909,-0.02774,
2310762336756,1.27480,-1.04801,0.00979,0.73727,-0.14826,-0.64567,-0.13253,-0.16352,0.14398,0.00293,
2310862285756,1.26274,-1.03234,0.01002,0.74213,-0.12112,-0.65067,-0.10584,-0.13956,0.19282,0.02042,
2310962384756,1.25121,-1.01238,0.01420,0.74744,-0.09647,-0.65338,-0.07156,-0.09539,0.21183,0.02705,
2311062333694,1.24063,-0.99457,0.01743,0.75048,-0.07019,-0.65554,-0.04603,-0.06904,0.19175,-0.01026,
2311162282727,1.23620,-0.97845,0.01580,0.75175,-0.04541,-0.65758,-0.02018,-0.04101,0.15498,-0.03937,
2311262381694,1.23313,-0.96579,0.01220,0.75209,-0.01781,-0.65879,-0.00577,-0.04594,0.12741,-0.02865,
2311362330723,1.23037,-0.95393,0.01117,0.75193,0.01082,-0.65894,0.01668,-0.03398,0.06759,-0.03334,
2311462279756,1.22268,-0.95187,0.00978,0.74987,0.04388,-0.65838,0.04804,-0.06244,0.00520,-0.04003,
2311562228727,1.21682,-0.95755,0.00645,0.74612,0.07793,-0.65575,0.08494,-0.06077,-0.08001,-0.03223,
2311662330303,1.20982,-0.96545,0.00373,0.74112,0.11104,-0.65152,0.11802,-0.09753,-0.05499,-0.01339,
2311762276756,1.20486,-0.96850,0.00527,0.73511,0.14140,-0.64586,0.14992,-0.02369,-0.01991,-0.00650,
2311862225722,1.20883,-0.96875,0.00270,0.72967,0.17086,-0.63824,0.17615,-0.02661,0.02186,0.00513,
2311962324727,1.20842,-0.96679,0.00797,0.72157,0.19925,-0.62853,0.21114,0.00255,0.06966,0.01386,
2312062274375,1.21895,-0.95613,0.00199,0.71537,0.22458,-0.62000,0.23111,0.03378,0.15507,-0.04395,
2312162222780,1.22676,-0.93699,-0.00347,0.70273,0.24654,-0.61275,0.26443,0.01078,0.20954,-0.05022,
2312262171722,1.22620,-0.91611,-0.00524,0.69497,0.27113,-0.60163,0.28556,0.03326,0.21333,-0.00684,
2312362270727,1.22510,-0.89399,-0.00136,0.68847,0.29471,-0.58809,0.30545,0.02027,0.25756,0.06292,
2312462219727,1.22685,-0.86327,0.00826,0.67821,0.31391,-0.57436,0.33406,0.01543,0.30452,0.04564,
2312562168756,1.23049,-0.82646,0.01535,0.65939,0.33126,-0.56186,0.37387,-0.03223,0.38483,-0.00546,
2312662267727,1.22777,-0.78334,0.01468,0.64252,0.35170,-0.54886,0.40276,-0.04845,0.41078,-0.02718,
2312762216694,1.21957,-0.74166,0.01287,0.63415,0.37488,-0.53324,0.41589,-0.15509,0.38669,-0.03622,
2312862165756,1.20066,-0.71028,0.01204,0.60920,0.39383,-0.52086,0.44997,-0.17543,0.32444,-0.02174,
2312962114722,1.18627,-0.68686,0.00904,0.59029,0.41562,-0.50475,0.47332,-0.15722,0.26814,-0.04450,
2313062213760,1.17170,-0.67086,0.00725,0.56954,0.43857,-0.48639,0.49670,-0.14500,0.20194,-0.01798,
2313162162722,1.15962,-0.65596,0.00564,0.56538,0.46247,-0.46258,0.50249,-0.11442,0.14165,-0.03509,
2313262111756,1.15405,-0.64814,0.00487,0.55457,0.48409,-0.43912,0.51505,-0.03970,0.05997,-0.04423,
2313362210770,1.15867,-0.63178,0.00294,0.54404,0.50119,-0.41857,0.52690,0.02825,0.05416,-0.04170,
2313462159727,1.16087,-0.62562,0.00508,0.52390,0.51250,-0.40394,0.54746,0.04506,0.05673,0.04083,
2313562108694,1.16744,-0.61219,0.00622,0.52346,0.52249,-0.39015,0.54843,0.14760,0.09016,-0.01669,
2313662057756,1.18107,-0.60119,0.00410,0.51423,0.52624,-0.38836,0.55481,0.18331,0.02590,-0.00956,
2313762156694,1.20302,-0.58847,0.00493,0.51269,0.52369,-0.39310,0.55532,0.29764,0.06973,-0.02867,
2313862105727,1.23329,-0.57760,0.00202,0.54254,0.51950,-0.39429,0.52944,0.31184,0.11108,0.00278,
2313962054756,1.26314,-0.56070,0.00400,0.54020,0.51112,-0.40862,0.52912,0.29809,0.15480,0.00680,
2314062153727,1.29242,-0.53861,0.00703,0.54189,0.50304,-0.42005,0.52618,0.30858,0.19114,0.03384,
2314162102755,1.32355,-0.51647,0.00898,0.55571,0.49837,-0.42370,0.51311,0.28990,0.22091,0.02674,
2314262051722,1.35180,-0.49079,0.01151,0.56946,0.49451,-0.42574,0.49992,0.21256,0.24657,0.06088,
2314362150727,1.37264,-0.46422,0.01496,0.57179,0.48930,-0.43003,0.49871,0.08612,0.25425,0.07248,
2314462099722,1.37658,-0.43866,0.02021,0.53655,0.47780,-0.44469,0.53486,-0.10737,0.22795,0.07514,
2314562048755,1.36769,-0.41737,0.02425,0.51440,0.47262,-0.44999,0.55635,-0.13699,0.19819,-0.00181,
2314661997755,1.34888,-0.40176,0.01906,0.51286,0.48019,-0.44346,0.55655,-0.25566,0.10922,-0.07775,
2314762096727,1.32005,-0.39577,0.01486,0.50756,0.49270,-0.43123,0.56006,-0.33400,0.05179,-0.01598,
2314862045755,1.28577,-0.39062,0.01244,0.50341,0.50904,-0.41207,0.56361,-0.31896,0.05110,-0.02631,
2314961994755,1.25420,-0.38291,0.01038,0.49960,0.52790,-0.38666,0.56764,-0.28702,0.09553,-0.02340,
2315062093727,1.22956,-0.37320,0.00649,0.49142,0.54584,-0.35971,0.57548,-0.22328,0.12133,-0.05852,
2315162042727,1.21494,-0.35662,0.00197,0.49137,0.56156,-0.33168,0.57723,-0.10485,0.18890,-0.03751,
2315261991727,1.20913,-0.33560,-0.00253,0.47844,0.57220,-0.31392,0.58748,0.04421,0.27617,-0.05425,
2315361940727,1.22249,-0.30190,-0.00398,0.46458,0.57778,-0.30546,0.59752,0.20514,0.36381,-0.03200,
2315462039722,1.24809,-0.26320,-0.00179,0.46157,0.57877,-0.30423,0.59951,0.33033,0.39021,-0.01357,
2315561988722,1.28077,-0.23033,-0.00050,0.45718,0.57462,-0.31403,0.60181,0.37006,0.37414,0.00909,
2315661937722,1.31323,-0.19257,0.00072,0.46937,0.56755,-0.32638,0.59250,0.37087,0.34520,0.00975,
2315762036722,1.34582,-0.16136,0.00227,0.47856,0.55981,-0.34031,0.58463,0.33592,0.31839,0.01755,
2315861985722,1.37401,-0.12912,0.00097,0.47834,0.55262,-0.35541,0.58265,0.28393,0.31770,-0.01881,
2315961934722,1.39928,-0.09563,0.00048,0.47173,0.54596,-0.36976,0.58538,0.22669,0.29372,-0.00205,
2316061883755,1.41866,-0.06358,-0.00195,0.47336,0.53983,-0.38051,0.58286,0.12453,0.24193,-0.03183,
2316161982755,1.42663,-0.03636,-0.00295,0.47025,0.53243,-0.39235,0.58433,-0.01111,0.22114,-0.00503,
2316261931722,1.41736,-0.01399,-0.00118,0.47717,0.52629,-0.39979,0.57922,-0.20814,0.23721,0.02202,
2316361880727,1.39189,0.00934,0.00157,0.48839,0.52430,-0.39977,0.57164,-0.35836,0.24280,0.03781,
2316461979722,1.35338,0.03305,0.00625,0.48964,0.52603,-0.39472,0.57248,-0.44691,0.23378,0.07082,
2316561928755,1.30547,0.05698,0.01184,0.48548,0.53253,-0.38253,0.57827,-0.49278,0.20792,0.05805,
2316661877755,1.25745,0.07662,0.01319,0.48200,0.54295,-0.36536,0.58257,-0.48785,0.17907,-0.00278,
2316761826722,1.21015,0.09335,0.01219,0.46690,0.55327,-0.34990,0.59454,-0.45731,0.15278,0.01920,
2316861925693,1.16733,0.10529,0.01507,0.46434,0.56184,-0.33190,0.59881,-0.40563,0.13391,0.05079,
2316961874726,1.13052,0.11799,0.01645,0.46396,0.56996,-0.31463,0.60074,-0.31536,0.17323,0.00371,
2317061823755,1.10914,0.13572,0.01567,0.45704,0.57801,-0.29978,0.60593,-0.14616,0.21885,0.00977,
2317161922722,1.10182,0.15543,0.01605,0.44850,0.58204,-0.29278,0.61185,0.00690,0.26536,0.00583,
2317261871693,1.10838,0.18092,0.01295,0.45367,0.58140,-0.29452,0.60779,0.12748,0.30467,-0.05774,
2317361820755,1.12363,0.21335,0.00830,0.45321,0.57745,-0.30737,0.60554,0.21422,0.39507,-0.04726,
2317461769722,1.14806,0.25589,0.00984,0.44280,0.57067,-0.32515,0.61036,0.27618,0.45665,0.01965,
2317561868755,1.17613,0.29585,0.01052,0.44523,0.56266,-0.33988,0.60800,0.27955,0.42979,0.01083,
2317661817693,1.20141,0.33445,0.01256,0.44885,0.55416,-0.35442,0.60484,0.23292,0.42669,-0.01135,
2317761766731,1.22027,0.37469,0.00829,0.45427,0.54780,-0.36675,0.59921,0.14818,0.36607,-0.04057,
2317861865722,1.22875,0.40907,0.00886,0.46168,0.54231,-0.37435,0.59381,0.00337,0.25323,0.01263,
2317961814722,1.21828,0.43915,0.00922,0.47320,0.53977,-0.37625,0.58580,-0.19768,0.22618,-0.02689,
2318061763722,1.19256,0.46246,0.00762,0.47369,0.54251,-0.37291,0.58501,-0.34715,0.14481,-0.03347,
2318161712755,1.15359,0.47440,0.00576,0.47850,0.55086,-0.35928,0.58182,-0.46432,0.10063,-0.02610,
2318261811726,1.10448,0.48376,0.00057,0.47482,0.56252,-0.34018,0.58515,-0.54892,0.11848,-0.05034,
2318361760722,1.04780,0.49337,-0.00145,0.46445,0.57326,-0.31950,0.59462,-0.61906,0.08119,-0.01959,
2318461709693,0.98985,0.50201,-0.00032,0.44820,0.58157,-0.30094,0.60854,-0.55431,0.09474,-0.00359,
2318561808693,0.93797,0.50926,0.00269,0.44814,0.58826,-0.28097,0.61170,-0.49421,0.08339,-0.01314,
2318661757693,0.89652,0.51563,0.00176,0.43977,0.59330,-0.26981,0.61790,-0.34309,0.08853,-0.05251,
2318761706755,0.87247,0.52591,0.00090,0.43446,0.59614,-0.26454,0.62120,-0.15129,0.12324,-0.02088,
2318861656007,0.86199,0.54255,0.00279,0.43315,0.59467,-0.26795,0.62205,-0.03155,0.20190,-0.02061,
2318961754707,0.86145,0.56857,0.00242,0.43810,0.59029,-0.27905,0.61786,0.09166,0.28534,-0.02990,
2319061698367,0.87330,0.60765,0.00083,0.45013,0.58360,-0.29481,0.60817,0.18578,0.38898,-0.01495,
2319161637462,0.89262,0.65496,-0.00130,0.46734,0.57512,-0.31205,0.59452,0.21047,0.48706,-0.07007,
2319261725762,0.91411,0.70907,-0.00259,0.47426,0.56692,-0.33116,0.58653,0.25621,0.53015,-0.00373,
2319361664438,0.93640,0.76533,0.00131,0.47564,0.55860,-0.34753,0.58391,0.24048,0.49948,0.03104,
2319461603144,0.95775,0.81963,0.00111,0.48247,0.55249,-0.35764,0.57799,0.21100,0.49625,-0.00217,
2319561541844,0.97674,0.87090,-0.00074,0.48033,0.54930,-0.36599,0.57758,0.22441,0.46517,0.00466,
2319661630510,0.99766,0.91143,0.00345,0.47598,0.54600,-0.37145,0.58083,0.14946,0.37089,0.07760,
2319761573553,1.00804,0.94454,0.00507,0.47784,0.54265,-0.37520,0.58002,0.00419,0.31971,0.03434,
2319861507978,0.99779,0.97197,0.00408,0.47799,0.53956,-0.38065,0.57923,-0.21623,0.20729,0.01621,
2319961596634,0.96828,0.98816,-0.00271,0.48212,0.54044,-0.38100,0.57473,-0.35149,0.11601,-0.02069,
2320061540652,0.92902,0.99950,-0.00697,0.47160,0.54657,-0.37456,0.58186,-0.46835,0.10208,-0.03364,
2320161489652,0.88011,1.00836,-0.00843,0.43820,0.55610,-0.36402,0.60516,-0.51585,0.12506,-0.02189,
2320261438623,0.83166,1.01890,-0.00974,0.42683,0.56918,-0.34088,0.61453,-0.49621,0.08289,-0.02405,
2320361537652,0.77985,1.02486,-0.00804,0.40787,0.57861,-0.32077,0.62925,-0.52183,0.04086,-0.05081,
2320461486652,0.73362,1.03009,-0.00574,0.40829,0.58753,-0.29832,0.63175,-0.43117,0.07830,-0.04636,
2320561435652,0.69228,1.03596,-0.00041,0.39253,0.59249,-0.28605,0.64269,-0.41885,0.05147,-0.00220,
2320661534652,0.65953,1.04747,0.00534,0.36806,0.59438,-0.28341,0.65645,-0.15627,0.12888,-0.01068,
2320761483618,0.64585,1.06494,0.00783,0.40642,0.59575,-0.26920,0.63831,-0.08387,0.18229,-0.01920,
2320861432618,0.63653,1.08690,0.00935,0.37140,0.59392,-0.28308,0.65512,-0.00110,0.24840,-0.01191,
2320961381623,0.63823,1.11878,0.01012,0.36477,0.58999,-0.29454,0.65735,0.08947,0.33147,-0.00305,
2321061480651,0.64714,1.16001,0.00942,0.38206,0.58618,-0.30287,0.64707,0.13343,0.41343,-0.03884,
2321161429618,0.66020,1.20826,0.00500,0.39136,0.58190,-0.31378,0.64014,0.14724,0.45765,0.00597,
2321261378651,0.67415,1.25745,0.00998,0.37244,0.57381,-0.32998,0.65049,0.18599,0.47518,0.03910,
2321361477651,0.69211,1.30244,0.01320,0.37554,0.56747,-0.33967,0.64928,0.19667,0.44319,0.02309,
2321461426589,0.70787,1.34378,0.01079,0.38722,0.56484,-0.34601,0.64132,0.16423,0.41715,-0.04202,
2321561375618,0.71927,1.37829,0.00750,0.33682,0.55626,-0.36364,0.66700,0.08822,0.27221,-0.01729,
2321661324651,0.72868,1.40825,0.00343,0.30723,0.55032,-0.37197,0.68146,0.11058,0.31294,-0.04604,
2321761423618,0.73221,1.43357,0.00027,0.31866,0.55460,-0.36702,0.67541,-0.06498,0.22205,-0.00758,
2321861372651,0.71682,1.45467,0.00068,0.32026,0.55975,-0.35828,0.67509,-0.17479,0.18963,0.01178,
2321961321651,0.69348,1.47010,0.00057,0.32872,0.57100,-0.34076,0.67066,-0.30219,0.12789,0.00928,
2322061420651,0.66271,1.48077,0.00015,0.33042,0.58300,-0.31866,0.67036,-0.30369,0.11633,0.01603,
2322161369651,0.63116,1.49610,0.00264,0.35647,0.59628,-0.28675,0.65966,-0.31031,0.17369,-0.01040,
2322261318651,0.59780,1.51372,0.00490,0.36715,0.60581,-0.25885,0.65665,-0.29509,0.17532,0.02542,
2322361267623,0.57225,1.52980,0.00944,0.34295,0.60982,-0.24703,0.67043,-0.22042,0.15073,0.04042,
2322461366656,0.55580,1.55223,0.01163,0.33931,0.60929,-0.24457,0.67366,-0.13044,0.26475,-0.01905,
2322561315618,0.54826,1.58331,0.01087,0.35642,0.60561,-0.25264,0.66512,0.00186,0.33038,0.01090,
2322661264623,0.55256,1.61941,0.01525,0.37649,0.59763,-0.26857,0.65496,0.09233,0.41179,0.03503,
2322761363618,0.56467,1.66475,0.01747,0.39502,0.58782,-0.28707,0.64499,0.15107,0.46407,-0.00558,
2322861312623,0.58046,1.71190,0.01991,0.38581,0.57792,-0.30951,0.64913,0.18119,0.48856,0.01853,
2322961261651,0.60089,1.75901,0.02061,0.38204,0.57167,-0.32284,0.65040,0.18261,0.46570,-0.03244,
2323061210623,0.61887,1.80209,0.01965,0.36382,0.57008,-0.32749,0.65984,0.15429,0.40109,0.00096,
2323161309651,0.63173,1.84022,0.02259,0.33251,0.57459,-0.31836,0.67670,0.09275,0.34278,0.01566,
2323261258623,0.63712,1.87196,0.02273,0.28513,0.58515,-0.29767,0.69834,0.02860,0.22840,-0.00142,
2323361207623,0.63585,1.89354,0.01824,0.24356,0.59974,-0.26897,0.71320,-0.03712,0.19255,-0.07091,
2323461306651,0.62609,1.90869,0.01094,0.21952,0.61479,-0.23529,0.72006,-0.13364,0.10349,-0.08055,
2323561255651,0.60892,1.91952,0.00817,0.20110,0.62612,-0.20507,0.72490,-0.19322,0.08623,-0.04807,
2323661204618,0.58499,1.92611,0.00568,0.18699,0.63381,-0.18023,0.72859,-0.25798,0.06055,-0.05588,
2323761303622,0.55643,1.93181,0.00441,0.16903,0.63946,-0.16147,0.73243,-0.31256,0.07543,-0.05415,
2323861252651,0.52433,1.93756,0.00455,0.16217,0.64397,-0.14158,0.73414,-0.33800,0.07550,-0.01695,
2323961201618,0.49048,1.93697,0.01110,0.15091,0.64654,-0.12272,0.73766,-0.33263,-0.00934,0.01963,
2324061150651,0.45613,1.93240,0.01512,0.11878,0.64809,-0.10835,0.74440,-0.36349,-0.04569,0.00804,
2324161249651,0.41976,1.92406,0.01734,0.09436,0.64925,-0.08927,0.74940,-0.38165,-0.10479,-0.01777,
2324261198622,0.38267,1.90838,0.01643,0.08582,0.65051,-0.06698,0.75166,-0.38153,-0.17117,-0.02756,
2324361147622,0.34558,1.88713,0.01511,0.06132,0.65306,-0.04897,0.75323,-0.37212,-0.18169,-0.07534,
2324461246656,0.30999,1.87084,0.01304,0.04919,0.65561,-0.03006,0.75289,-0.30290,-0.12389,-0.05600,
2324561195651,0.28101,1.85388,0.01281,0.02982,0.65584,-0.01869,0.75408,-0.24897,-0.17059,-0.02577,
2324661144622,0.25386,1.84687,0.01178,0.00706,0.65773,-0.01079,0.75315,-0.25492,-0.07170,-0.08569,
2324761093618,0.22175,1.84282,0.00924,-0.00524,0.65916,-0.00432,0.75197,-0.33261,-0.01856,-0.00314,
2324861192651,0.18196,1.84535,0.01091,0.01124,0.65814,0.00324,0.75281,-0.35495,0.01786,0.00884,
2324961141622,0.14574,1.84760,0.01199,0.01153,0.65716,0.00971,0.75360,-0.31808,0.02386,0.02840,
2325061090622,0.11551,1.85102,0.01174,-0.00318,0.65780,0.01536,0.75303,-0.26287,0.05234,-0.00854,
2325161189618,0.09223,1.85607,0.01047,-0.02340,0.65739,0.03012,0.75259,-0.18683,0.01624,0.00956,
2325261138617,0.07206,1.85569,0.00855,-0.03051,0.65563,0.05523,0.75244,-0.16007,-0.04740,-0.05017,
2325361087622,0.05717,1.84542,0.00245,-0.04899,0.65470,0.08005,0.75004,-0.08369,-0.14809,-0.08007,
2325461036617,0.04866,1.82779,-0.00333,-0.05938,0.65192,0.10692,0.74836,-0.04797,-0.21476,-0.06083,
2325561135641,0.04655,1.80060,-0.00260,-0.07561,0.64747,0.13259,0.74665,-0.00604,-0.26556,-0.01254,
2325661084622,0.04601,1.77476,-0.00668,-0.09023,0.64122,0.16031,0.74498,-0.00697,-0.27526,-0.01796,
2325761035779,0.04410,1.74955,-0.00706,-0.11521,0.63607,0.18285,0.74074,-0.11028,-0.18120,0.00389,
2325861132689,0.03604,1.74025,-0.01342,-0.12461,0.63195,0.19725,0.73905,-0.16584,-0.01909,-0.04866,
2325961081636,0.01328,1.74419,-0.01409,-0.12353,0.63361,0.19371,0.73875,-0.26072,0.14351,-0.01715,
2326061031113,-0.02257,1.76200,-0.01015,-0.11905,0.64040,0.17417,0.73850,-0.35706,0.24331,-0.00811,
2326160979617,-0.05762,1.78780,-0.00731,-0.09912,0.64546,0.14844,0.74264,-0.35572,0.26404,0.02852,
2326261078651,-0.09912,1.81164,0.00310,-0.07579,0.64738,0.12266,0.74840,-0.35392,0.24726,0.02733,
2326361027617,-0.13461,1.82994,0.00932,-0.07889,0.65139,0.09395,0.74876,-0.29834,0.15993,-0.00149,
2326460976651,-0.17012,1.83919,0.01537,-0.07307,0.65477,0.06802,0.74920,-0.25913,0.08080,-0.00772,
2326561075617,-0.19717,1.84048,0.01921,-0.05880,0.65599,0.04710,0.75100,-0.19777,-0.01898,0.02928,
2326661024651,-0.21951,1.83070,0.02287,-0.04586,0.65584,0.03445,0.75272,-0.20628,-0.16499,0.03016,
2326760973651,-0.24151,1.81047,0.02178,-0.04781,0.65683,0.03435,0.75174,-0.18450,-0.26342,-0.04198,
2326860922617,-0.26092,1.78092,0.01509,-0.06536,0.65794,0.04651,0.74879,-0.18682,-0.35327,-0.04127,
2326961021651,-0.27979,1.73960,0.00675,-0.07917,0.65788,0.06737,0.74591,-0.20400,-0.45340,-0.08978,
2327060970589,-0.30157,1.69559,0.00009,-0.08566,0.65564,0.09479,0.74419,-0.26619,-0.45423,-0.06493,
2327160919655,-0.32849,1.65610,0.00054,-0.09432,0.65011,0.12255,0.74394,-0.29697,-0.39555,0.01988,
2327261018617,-0.35926,1.62334,0.00394,-0.09239,0.64174,0.15014,0.74639,-0.34618,-0.29476,0.00475,
2327360967617,-0.39340,1.59836,0.00649,-0.10348,0.63546,0.17073,0.74588,-0.38439,-0.19168,-0.01357,
2327460916617,-0.43269,1.58437,0.00259,-0.10473,0.63096,0.18562,0.74597,-0.38036,-0.09477,-0.03223,
2327560865617,-0.46803,1.57890,0.00214,-0.11453,0.63148,0.18682,0.74379,-0.34632,-0.01940,0.03860,
2327660964617,-0.50090,1.57918,0.00323,-0.10247,0.63323,0.17880,0.74602,-0.36022,0.04070,-0.01482,
2327760913650,-0.53800,1.58631,0.00228,-0.09816,0.63957,0.16050,0.74535,-0.39348,0.09917,-0.02003,
2327860862650,-0.57298,1.59430,0.00149,-0.08181,0.64588,0.13754,0.74648,-0.42276,0.10462,-0.00666,
2327960961650,-0.61416,1.60215,0.00381,-0.06550,0.65173,0.11174,0.74731,-0.41944,0.10834,0.02475,
2328060910622,-0.65712,1.60765,0.00778,-0.06202,0.65705,0.08171,0.74683,-0.35314,0.03138,0.06713,
2328160859650,-0.69111,1.61110,0.01336,-0.07011,0.65967,0.05121,0.74652,-0.31781,-0.00868,0.07464,
2328260808617,-0.72201,1.60912,0.01583,-0.06627,0.65938,0.03053,0.74826,-0.28840,-0.09696,0.01628,
2328360907617,-0.74981,1.59470,0.01708,-0.06051,0.65897,0.02166,0.74942,-0.25172,-0.19764,0.00880,
2328460858912,-0.77201,1.57088,0.01926,-0.06272,0.65809,0.02683,0.74984,-0.20500,-0.29254,0.03617,
2328560805650,-0.78931,1.53859,0.02070,-0.08292,0.65638,0.04318,0.74862,-0.17845,-0.32640,-0.01316,
2328660904617,-0.80690,1.50402,0.01582,-0.10158,0.65494,0.07029,0.74551,-0.19674,-0.37665,-0.05492,
2328760853617,-0.82671,1.46657,0.01001,-0.12211,0.65209,0.10053,0.74146,-0.23005,-0.38975,-0.04208,
2328860802622,-0.85121,1.43206,0.00584,-0.12695,0.64608,0.13340,0.74072,-0.25778,-0.33001,-0.04311,
2328960751650,-0.87657,1.40479,0.00176,-0.13523,0.63853,0.16494,0.73945,-0.29512,-0.24515,-0.07219,
2329060850588,-0.90818,1.38814,-0.00250,-0.13481,0.62837,0.19469,0.74100,-0.30959,-0.12817,-0.00515,
2329160799626,-0.94483,1.38134,0.00097,-0.13757,0.61989,0.21438,0.74219,-0.34596,-0.01433,-0.00549,
2329260748650,-0.98180,1.38390,0.00041,-0.15252,0.61965,0.21812,0.73837,-0.35274,0.08521,-0.04177,
2329360847622,-1.02098,1.39633,-0.00438,-0.14577,0.62324,0.21177,0.73856,-0.37990,0.21339,-0.06644,
2329460796622,-1.05918,1.41685,-0.00495,-0.13084,0.62961,0.19481,0.74062,-0.35198,0.23485,0.01672,
2329560745588,-1.09924,1.43966,-0.00259,-0.10697,0.63630,0.17268,0.74422,-0.37683,0.24947,0.01634,
2329660694617,-1.13717,1.46082,-0.00304,-0.09569,0.64533,0.14577,0.74374,-0.34222,0.23708,-0.00857,
2329760793617,-1.17368,1.48077,-0.00332,-0.08036,0.65184,0.11881,0.74466,-0.32768,0.21070,0.02922,
2329860742650,-1.21003,1.49626,-0.00273,-0.06722,0.65733,0.09200,0.74493,-0.33133,0.17212,0.01811,
2329960691622,-1.24674,1.50877,-0.00162,-0.05791,0.66125,0.06732,0.74489,-0.32525,0.10242,0.06638,
2330060790622,-1.28306,1.51224,0.00555,-0.05104,0.66065,0.04648,0.74751,-0.32546,-0.03977,0.11849,
2330160739588,-1.32084,1.50001,0.01302,-0.04550,0.65878,0.03623,0.75008,-0.33378,-0.18970,0.05114,
2330260688622,-1.35467,1.47527,0.01212,-0.05275,0.65831,0.03770,0.74995,-0.28050,-0.30299,-0.00219,
2330360637617,-1.38332,1.43953,0.00705,-0.06031,0.65853,0.05217,0.74832,-0.25362,-0.37546,-0.00305,
2330460736650,-1.40683,1.40056,0.00332,-0.08137,0.65669,0.07333,0.74616,-0.23585,-0.41252,0.03368,
2330560685650,-1.43108,1.36297,0.00217,-0.09648,0.65197,0.10187,0.74515,-0.25517,-0.37562,-0.02033,
2330660634650,-1.45423,1.32645,-0.00253,-0.11397,0.64639,0.13196,0.74281,-0.25237,-0.35702,-0.04295,
2330760733621,-1.48005,1.29306,-0.00723,-0.12095,0.63839,0.16440,0.74216,-0.26839,-0.31764,-0.05536,
2330860682617,-1.51004,1.26472,-0.00881,-0.13206,0.62866,0.19611,0.74087,-0.31267,-0.24660,-0.04182,
2330960631617,-1.54219,1.24604,-0.01067,-0.16664,0.62050,0.22204,0.73342,-0.32909,-0.15283,0.02406,
2331060580650,-1.58193,1.23743,-0.00769,-0.19268,0.61162,0.24243,0.72803,-0.40653,-0.04766,0.01738,
2331160679650,-1.62335,1.23686,-0.01052,-0.19817,0.60691,0.25459,0.72634,-0.38997,-0.00406,-0.06878,
2331260628621,-1.66090,1.23912,-0.01616,-0.21983,0.61266,0.24934,0.71704,-0.36622,0.04018,-0.02540,
2331360577621,-1.69710,1.24086,-0.01629,-0.21033,0.61661,0.24025,0.71961,-0.38249,0.01812,0.00950,
2331460676650,-1.73334,1.23908,-0.01601,-0.21195,0.62313,0.22699,0.71781,-0.35831,-0.04104,0.00133,
2331560625621,-1.77226,1.22941,-0.01559,-0.20545,0.62539,0.21982,0.71997,-0.32480,-0.09531,0.01987,
2331660574621,-1.81250,1.21065,-0.01428,-0.20716,0.62344,0.22265,0.72031,-0.25417,-0.25541,0.02636,
2331760523621,-1.84384,1.18004,-0.01454,-0.24174,0.61996,0.23371,0.70894,-0.21322,-0.32100,0.00672,
2331860622621,-1.86492,1.14309,-0.01266,-0.27482,0.60971,0.25593,0.69802,-0.10222,-0.42967,0.05207,
2331960571593,-1.88045,1.09499,-0.00958,-0.30253,0.59738,0.27963,0.68805,-0.10127,-0.48691,0.03357,
2332060520621,-1.88971,1.04413,-0.01088,-0.30605,0.58251,0.30741,0.68740,-0.02945,-0.53249,-0.07157,
2332160619650,-1.88534,0.99411,-0.01301,-0.32758,0.57199,0.32864,0.67640,0.08402,-0.47395,-0.02887,
2332260568588,-1.87475,0.94623,-0.01329,-0.34311,0.55948,0.34919,0.66883,0.15248,-0.43287,-0.01703,
2332360517640,-1.86080,0.90358,-0.01619,-0.36732,0.54408,0.37313,0.65561,0.14996,-0.35652,-0.05068,
2332460467440,-1.84958,0.86611,-0.01845,-0.39829,0.52518,0.39989,0.63690,0.13800,-0.32241,-0.00651,
2332560565874,-1.83906,0.83132,-0.02119,-0.41805,0.50098,0.42922,0.62452,0.13156,-0.32151,-0.04765,
2332660514650,-1.82973,0.79387,-0.02563,-0.45199,0.47975,0.45462,0.59905,0.08942,-0.31279,-0.03479,
2332760463616,-1.83066,0.76399,-0.02741,-0.47800,0.45463,0.47963,0.57861,-0.09002,-0.25090,0.00230,
2332860562621,-1.84819,0.74145,-0.02578,-0.49032,0.42803,0.50072,0.57066,-0.18667,-0.18882,0.00355,
2332960511616,-1.87396,0.72150,-0.02811,0.50684,-0.41484,-0.51209,-0.55568,-0.29786,-0.16933,-0.05098,
2333060460650,-1.91034,0.69191,-0.03243,0.51500,-0.41041,-0.51696,-0.54690,-0.39279,-0.19429,-0.03332,
2333160559616,-1.95737,0.65913,-0.02765,0.50584,-0.40598,-0.51740,-0.55822,-0.45741,-0.25280,0.04871,
2333260508650,-2.00536,0.62847,-0.02255,0.51051,-0.41253,-0.51193,-0.55420,-0.40691,-0.27314,0.02227,
2333360457621,-2.04639,0.59250,-0.01992,0.50503,-0.42068,-0.50353,-0.56073,-0.33104,-0.31988,0.06231,
2333460406621,-2.07651,0.55558,-0.01108,0.50440,-0.43312,-0.49159,-0.56243,-0.25035,-0.34622,0.09217,
2333560505621,-2.10136,0.51895,-0.00854,-0.49807,0.44374,0.48027,0.56953,-0.15289,-0.31839,0.03821,
2333660454588,-2.10859,0.48908,-0.00449,0.50876,-0.45507,-0.46895,-0.56051,0.03765,-0.26517,0.10196,
2333760403621,-2.10577,0.46021,0.00123,0.51584,-0.45365,-0.46741,-0.55646,0.09724,-0.22403,0.04414,
2333860502621,-2.08937,0.43870,0.00276,0.52631,-0.44457,-0.47570,-0.54686,0.28626,-0.14661,-0.01932,
2333960451621,-2.05792,0.42595,-0.00019,0.54230,-0.43253,-0.48942,-0.52848,0.33509,-0.12530,-0.00627,
2334060389847,-2.02513,0.41441,-0.00151,0.55450,-0.41190,-0.50690,-0.51568,0.37442,-0.05946,-0.00512,
2334160317386,-1.98811,0.40901,-0.00022,0.56701,-0.38638,-0.52411,-0.50450,0.37396,-0.03944,-0.02951,
2334260394803,-1.95386,0.40285,-0.00261,0.58219,-0.35685,-0.54355,-0.48812,0.33600,-0.04389,-0.06408,
2334360322376,-1.92563,0.39558,-0.00757,0.59714,-0.32426,-0.56304,-0.47038,0.25682,-0.05815,-0.06375,
2334460249854,-1.90401,0.38852,-0.00915,0.60569,-0.29062,-0.57882,-0.46223,0.18248,-0.06350,-0.08989,
2334560327337,-1.89250,0.37863,-0.01331,0.61966,-0.26331,-0.59137,-0.44381,0.02216,-0.13035,-0.08180,
2334660254843,-1.89767,0.36495,-0.01637,0.63305,-0.24513,-0.59983,-0.42352,-0.14147,-0.17085,-0.01458,
2334760182388,-1.91823,0.34431,-0.01508,0.64062,-0.23706,-0.60407,-0.41049,-0.28083,-0.25394,-0.04135,
2334860113322,-1.94796,0.31874,-0.02148,0.63940,-0.23901,-0.60588,-0.40858,-0.33975,-0.22977,-0.09538,
2334960187344,-1.98137,0.29803,-0.03012,0.63587,-0.25221,-0.60519,-0.40718,-0.37646,-0.21859,-0.06440,
2335060125649,-2.01831,0.27643,-0.03319,0.62692,-0.26575,-0.60101,-0.41848,-0.37466,-0.22657,0.00280,
2335160074649,-2.05006,0.25453,-0.02936,0.62109,-0.28144,-0.59449,-0.42617,-0.33060,-0.20135,0.04389,
2335260173649,-2.07901,0.23607,-0.02586,0.61813,-0.29967,-0.58687,-0.42861,-0.27641,-0.14838,0.02289,
2335360122616,-2.10605,0.22335,-0.02464,0.61915,-0.31934,-0.57812,-0.42480,-0.22876,-0.09723,0.01383,
2335460071616,-2.12413,0.21311,-0.01820,0.61516,-0.33342,-0.56913,-0.43185,-0.13783,0.00195,0.08172,
2335560020621,-2.12955,0.21828,-0.00843,0.62508,-0.34778,-0.56000,-0.41800,0.03338,0.13701,0.08710,
2335660119649,-2.12720,0.23836,-0.00411,0.63746,-0.34958,-0.55810,-0.39996,0.05261,0.25115,0.04112,
2335760068621,-2.11991,0.27117,-0.00539,0.64484,-0.33480,-0.56677,-0.38840,0.11020,0.39976,-0.01132,
2335860017616,-2.10772,0.31591,-0.01047,0.65405,-0.31146,-0.58028,-0.37214,0.15161,0.46121,-0.09193,
2335960116649,-2.09120,0.36260,-0.01480,0.66764,-0.28741,-0.59339,-0.34574,0.19325,0.47364,-0.02868,
2336060065640,-2.07192,0.40523,-0.01768,0.67504,-0.25855,-0.60436,-0.33499,0.19695,0.40827,-0.09530,
2336160014649,-2.05235,0.44470,-0.02491,0.68473,-0.22975,-0.61401,-0.31835,0.20417,0.37911,-0.12309,
2336259963621,-2.03366,0.48103,-0.03176,0.69867,-0.20237,-0.62401,-0.28552,0.17719,0.33834,-0.13204,
2336360062649,-2.02009,0.51285,-0.03800,0.70615,-0.17111,-0.63275,-0.26777,0.10250,0.31300,-0.15200,
2336460011616,-2.01045,0.53709,-0.04175,0.70719,-0.13823,-0.63957,-0.26782,0.04934,0.21411,-0.12327,
2336559960625,-2.00733,0.54835,-0.04176,0.71667,-0.11643,-0.64554,-0.23686,-0.04949,0.02291,-0.08910,
2336660059659,-2.01428,0.53913,-0.03955,0.72337,-0.10481,-0.64874,-0.21187,-0.16588,-0.14085,-0.05563,
2336760008649,-2.02949,0.51721,-0.03890,0.71980,-0.10298,-0.64884,-0.22426,-0.24798,-0.24179,-0.06177,
2336859957616,-2.04878,0.48413,-0.03807,0.71484,-0.11565,-0.64706,-0.23863,-0.29906,-0.36705,-0.03558,
2336959906616,-2.07212,0.44114,-0.04061,0.70671,-0.13434,-0.64363,-0.26126,-0.30863,-0.43282,-0.04003,
2337060005649,-2.10331,0.39829,-0.04325,0.69798,-0.15472,-0.63943,-0.28287,-0.34053,-0.43640,-0.02906,
2337159954649,-2.13462,0.36422,-0.04307,0.69889,-0.18332,-0.63569,-0.27173,-0.28731,-0.36924,0.00384,
2337259903649,-2.16149,0.32875,-0.03851,0.69575,-0.20585,-0.62886,-0.27944,-0.21462,-0.28235,0.02304,
2337360002616,-2.18032,0.31028,-0.03227,0.69024,-0.22545,-0.62102,-0.29509,-0.06477,-0.08934,0.03514,
2337459951587,-2.18242,0.31107,-0.02793,0.69411,-0.24486,-0.61396,-0.28515,0.06975,0.09944,0.02243,
2337559900649,-2.17034,0.32766,-0.02575,0.69094,-0.24512,-0.61319,-0.29414,0.18580,0.27567,0.00922,
2337659849649,-2.14783,0.36430,-0.02636,0.69334,-0.23308,-0.61787,-0.28843,0.26572,0.44312,0.00432,
2337759948654,-2.12013,0.40965,-0.03129,0.70160,-0.21219,-0.62609,-0.26597,0.33371,0.52169,-0.06036,
2337859900173,-2.08639,0.46658,-0.03700,0.70913,-0.18561,-0.63520,-0.24333,0.38051,0.64777,-0.07717,
2337959846620,-2.04906,0.53204,-0.04257,0.71950,-0.16113,-0.64374,-0.20483,0.33757,0.66303,-0.05697,
2338059945649,-2.01270,0.59497,-0.04710,0.72513,-0.13060,-0.65082,-0.18320,0.31635,0.64476,-0.07270,
2338159894620,-1.98226,0.65742,-0.05281,0.73285,-0.10231,-0.65599,-0.14881,0.25218,0.58616,-0.08765,
2338259843620,-1.95747,0.70956,-0.04966,0.73444,-0.06599,-0.65827,-0.15142,0.22554,0.51457,-0.03879,
2338359792649,-1.93275,0.75444,-0.04606,0.74114,-0.04142,-0.65945,-0.11884,0.25798,0.41013,0.04869,
2338459891649,-1.90677,0.78709,-0.03549,0.74432,-0.00937,-0.65394,-0.13516,0.30344,0.29924,0.07281,
2338559840620,-1.87752,0.81727,-0.02945,0.75082,-0.00191,-0.65717,-0.06629,0.31989,0.29205,-0.00478,
2338659789649,-1.84469,0.83972,-0.03684,0.74821,-0.00229,-0.66284,0.02848,0.29143,0.17439,-0.06849,
2338759888587,-1.81420,0.85643,-0.04682,0.73588,-0.00704,-0.66616,0.12110,0.29830,0.12378,-0.09591,
2338859839025,-1.78257,0.86783,-0.05475,0.72706,-0.00549,-0.66786,0.15910,0.29697,-0.00088,-0.05036,
2338959786620,-1.75104,0.87434,-0.05837,0.73825,0.01822,-0.66898,0.08443,0.28419,-0.07425,-0.02518,
2339059735649,-1.71518,0.86533,-0.05343,0.74775,0.04835,-0.66143,-0.03222,0.28515,-0.11919,-0.03605,
2339159835239,-1.68401,0.84866,-0.04952,0.74699,0.07527,-0.64575,-0.13905,0.30320,-0.13784,-0.03062,
2339259783606,-1.64430,0.83105,-0.04772,0.73676,0.09638,-0.62685,-0.23443,0.29545,-0.22075,-0.03614,
2339359732649,-1.60961,0.80854,-0.04772,0.72540,0.10625,-0.61256,-0.29543,0.29173,-0.20817,0.00735,
2339459831649,-1.58942,0.78963,-0.04394,0.72844,0.09170,-0.62418,-0.26714,0.30831,-0.15450,0.04859,
2339559780649,-1.56016,0.77662,-0.04271,0.73622,0.06040,-0.64557,-0.19383,0.33220,-0.07675,0.08058,
2339659729615,-1.52963,0.76948,-0.04349,0.74108,0.02456,-0.65933,-0.12441,0.35722,-0.02572,0.06247,
2339759678649,-1.49160,0.76550,-0.03858,0.74359,-0.00390,-0.66432,-0.07569,0.44479,0.00523,0.07857,
2339859777649,-1.44778,0.77125,-0.03264,0.74549,-0.02346,-0.66453,-0.04580,0.45612,0.11965,0.10898,
2339959726615,-1.40479,0.78981,-0.02213,0.74895,-0.04561,-0.66105,0.00138,0.44259,0.25776,0.12245,
2340059675587,-1.35359,0.81484,-0.01663,0.75052,-0.06248,-0.65658,0.04136,0.47381,0.31609,0.04484,
2340159774672,-1.30673,0.84391,-0.01953,0.74986,-0.06818,-0.65554,0.05760,0.40833,0.34057,-0.05191,
2340259723649,-1.27423,0.87862,-0.02315,0.74546,-0.07422,-0.65443,0.10252,0.32857,0.38063,-0.03055,
2340359672620,-1.24306,0.91282,-0.02435,0.74268,-0.06849,-0.65591,0.11628,0.32009,0.33577,-0.05062,
2340459621620,-1.21384,0.94475,-0.02920,0.74226,-0.05160,-0.66016,0.10279,0.32662,0.30657,-0.05969,
2340559720615,-1.18446,0.97854,-0.02979,0.74284,-0.03008,-0.66372,0.08227,0.39015,0.24546,-0.03611,
2340659669649,-1.15142,1.01099,-0.02908,0.74464,-0.00459,-0.66498,0.05735,0.46063,0.23251,-0.02397,
2340759618587,-1.10763,1.03812,-0.02849,0.74706,0.02350,-0.66399,0.02153,0.49315,0.20442,0.01350,
2340859717615,-1.06050,1.06141,-0.02340,0.75077,0.04764,-0.65871,-0.01338,0.49683,0.20151,0.08611,
2340959666620,-1.00936,1.08222,-0.01962,0.75278,0.06251,-0.65452,-0.03205,0.53237,0.18332,0.01738,
2341059615615,-0.95422,1.09878,-0.02257,0.75335,0.07100,-0.65178,-0.05096,0.57073,0.14460,0.01911,
2341159564620,-0.89940,1.11187,-0.02265,0.75337,0.06999,-0.65051,-0.06605,0.53533,0.11021,0.06324,
2341259663653,-0.84171,1.12893,-0.02191,0.75273,0.06139,-0.64954,-0.08793,0.49222,0.12199,0.02161,
2341359612620,-0.79929,1.14199,-0.02416,0.75073,0.03982,-0.65403,-0.08409,0.45077,0.11527,0.00518,
2341459561615,-0.75979,1.15093,-0.02443,0.74789,0.01910,-0.65531,-0.10422,0.45331,0.09119,-0.00602,
2341559660620,-0.72516,1.15986,-0.02484,0.74415,-0.00524,-0.65659,-0.12291,0.40844,0.10435,0.00325,
2341659609648,-0.69385,1.17171,-0.02028,0.74249,-0.03555,-0.65693,-0.12604,0.32249,0.14986,0.07752,
2341759558615,-0.66480,1.18986,-0.01313,0.74239,-0.06685,-0.65401,-0.12906,0.30755,0.20103,0.09477,
2341859507620,-0.63486,1.21230,-0.01061,0.73953,-0.08863,-0.65057,-0.14832,0.30898,0.21425,0.02959,
2341959606615,-0.60533,1.22878,-0.00508,0.73753,-0.09492,-0.64711,-0.16818,0.30236,0.13724,0.11713,
2342059555620,-0.57367,1.24270,0.00303,0.73244,-0.08651,-0.64176,-0.21022,0.37205,0.13231,0.06821,
2342159504620,-0.52973,1.25716,0.00387,0.72682,-0.07575,-0.63862,-0.24117,0.45323,0.12009,-0.03669,
2342259603648,-0.48068,1.26588,-0.00225,0.72303,-0.06337,-0.63907,-0.25457,0.50082,0.02820,-0.04101,
2342359552615,-0.42816,1.26782,-0.00479,0.71609,-0.04573,-0.63718,-0.28128,0.55884,-0.02553,-0.03159,
2342459501586,-0.37366,1.26697,-0.00789,0.71727,-0.04263,-0.63952,-0.27334,0.54113,-0.02537,-0.00748,
2342559600620,-0.32294,1.26515,-0.00621,0.71917,-0.05332,-0.64078,-0.26335,0.54211,-0.03145,0.05540,
2342659549648,-0.27227,1.26028,-0.00350,0.71933,-0.07018,-0.64097,-0.25844,0.53931,-0.08428,0.01459,
2342759498620,-0.21796,1.24926,-0.00421,0.71926,-0.08941,-0.64208,-0.24979,0.50063,-0.13687,0.00211,
2342859447648,-0.17584,1.23771,-0.00375,0.72207,-0.11071,-0.64244,-0.23155,0.41441,-0.13162,0.02506,
2342959546615,-0.13872,1.22541,-0.00455,0.72576,-0.13630,-0.64116,-0.20881,0.37541,-0.15785,-0.02828,
2343059495615,-0.10719,1.20998,-0.00707,0.72887,-0.16403,-0.63783,-0.18714,0.35900,-0.19868,-0.02863,
2343159444648,-0.07215,1.18933,-0.00831,0.72487,-0.18522,-0.63237,-0.20090,0.36752,-0.24412,-0.02264,
2343259543648,-0.03365,1.16599,-0.00485,0.71472,-0.20181,-0.62568,-0.23869,0.39748,-0.25157,0.04401,
2343359492615,0.00496,1.14597,0.00243,0.69978,-0.21796,-0.61618,-0.28831,0.37190,-0.16262,0.09863,
2343459441648,0.04103,1.13327,0.02005,0.68451,-0.23622,-0.60192,-0.33667,0.31840,-0.08268,0.19333,
2343559390648,0.07497,1.12715,0.03815,0.66152,-0.25103,-0.58679,-0.39377,0.33698,-0.05912,0.12971,
2343659489648,0.10362,1.12427,0.04539,0.63772,-0.26169,-0.57707,-0.43798,0.33158,-0.03893,0.03127,
2343759438648,0.13373,1.11680,0.04601,0.62244,-0.26604,-0.57320,-0.46177,0.30475,-0.08513,0.00421,
2343859387648,0.16000,1.11043,0.04063,0.61235,-0.26306,-0.57330,-0.47661,0.35900,-0.15104,-0.03047,
2343959486619,0.19746,1.09442,0.03354,0.61953,-0.26118,-0.57852,-0.46183,0.40576,-0.21932,-0.05940,
2344059435619,0.24497,1.06786,0.01924,0.62722,-0.25589,-0.58590,-0.44479,0.47852,-0.23066,-0.11176,
2344159384648,0.29463,1.04458,0.00359,0.63344,-0.25122,-0.59343,-0.42835,0.54039,-0.26114,-0.11320,
2344259333686,0.34866,1.01754,-0.00526,0.63944,-0.24431,-0.59909,-0.41537,0.51535,-0.29077,-0.00753,
2344359432648,0.39792,0.99191,-0.00456,0.64185,-0.23390,-0.60220,-0.41312,0.51440,-0.28423,0.00195,
2344459381615,0.45029,0.95933,-0.00731,0.65329,-0.22944,-0.60671,-0.39048,0.46848,-0.34744,-0.01114,
2344559330615,0.49661,0.91960,-0.00622,0.66026,-0.22466,-0.61031,-0.37565,0.35547,-0.37459,0.04719,
2344659429648,0.52949,0.88356,-0.00196,0.65540,-0.22232,-0.60902,-0.38745,0.26653,-0.32474,0.02120,
2344759378615,0.55140,0.84974,-0.00455,0.64326,-0.23106,-0.60473,-0.40881,0.17809,-0.36170,-0.04514,
2344859327619,0.56666,0.81415,-0.00839,0.62961,-0.25131,-0.59779,-0.42788,0.15316,-0.40015,-0.01007,
2344959276648,0.58607,0.76660,-0.01080,0.61078,-0.27614,-0.58741,-0.45349,0.18098,-0.50915,-0.01058,
2345059375615,0.60660,0.71506,-0.01211,0.59583,-0.30415,-0.57586,-0.46997,0.23673,-0.54971,0.01704,
2345159324615,0.63785,0.65734,-0.00960,0.59942,-0.33736,-0.56030,-0.46145,0.27995,-0.48735,0.07854,
2345259273648,0.67072,0.60642,0.00003,0.59457,-0.36122,-0.54281,-0.47049,0.33276,-0.47777,0.13631,
2345359372648,0.70520,0.55771,0.01256,0.58990,-0.37723,-0.52839,-0.48013,0.35339,-0.47422,0.11915,
2345459321586,0.73966,0.50834,0.02867,0.58713,-0.38266,-0.51807,-0.49036,0.30023,-0.49437,0.22122,
2345559270648,0.77166,0.45532,0.05067,0.58696,-0.37657,-0.51180,-0.50173,0.29891,-0.54741,0.23751,
2345659219648,0.79958,0.40068,0.06987,0.59854,-0.37003,-0.50940,-0.49531,0.27048,-0.51092,0.14935,
2345759318619,0.82276,0.36021,0.07278,0.60735,-0.36628,-0.51245,-0.48411,0.23613,-0.32681,-0.09254,
2345859267648,0.83903,0.34158,0.04643,0.59749,-0.36609,-0.52288,-0.48536,0.22979,-0.20881,-0.32051,
2345959216595,0.85957,0.33132,0.00421,0.59602,-0.37522,-0.53402,-0.46775,0.25068,-0.18861,-0.33569,
2346059315605,0.88478,0.31185,-0.02789,0.58824,-0.38129,-0.54368,-0.46153,0.24233,-0.23479,-0.26265,
2346159264586,0.90591,0.28211,-0.05017,0.58486,-0.38478,-0.55119,-0.45395,0.20289,-0.32352,-0.16866,
2346259216295,0.93090,0.24292,-0.06451,0.58809,-0.38668,-0.55542,-0.44288,0.26648,-0.47720,-0.00324,
2346359162619,0.95995,0.18466,-0.05635,0.58695,-0.38092,-0.55624,-0.44831,0.24841,-0.61908,0.16980,
2346459261619,0.98709,0.11887,-0.03407,0.58317,-0.36999,-0.55367,-0.46526,0.28147,-0.67719,0.23687,
2346559210648,1.01411,0.04848,-0.01004,0.57831,-0.35791,-0.54977,-0.48498,0.24453,-0.69013,0.22667,
2346659159648,1.03829,-0.01722,0.01256,0.55586,-0.33910,-0.54579,-0.52740,0.23720,-0.61165,0.20300,
2346759258648,1.06777,-0.07478,0.03096,0.54890,-0.33219,-0.54023,-0.54453,0.27055,-0.51517,0.11411,
2346859207648,1.09823,-0.12080,0.03024,0.54947,-0.33578,-0.53929,-0.54267,0.27302,-0.38078,-0.12385,
2346959156648,1.12835,-0.15028,0.01387,0.56135,-0.35220,-0.54034,-0.51853,0.31368,-0.24418,-0.15649,
2347059105648,1.15597,-0.16419,-0.00421,0.59783,-0.38280,-0.53569,-0.45728,0.32076,-0.11290,-0.17028,
2347159204619,1.18577,-0.17421,-0.02263,0.62581,-0.40995,-0.52635,-0.40405,0.24870,-0.16108,-0.15926,
2347259153619,1.20755,-0.19671,-0.03567,0.61168,-0.41520,-0.52764,-0.41839,0.15292,-0.26045,-0.07662,
2347359102648,1.22775,-0.22876,-0.03565,0.61074,-0.41691,-0.52611,-0.42000,0.19545,-0.38170,0.05233,
2347459201619,1.24709,-0.27720,-0.02757,0.59967,-0.41108,-0.52625,-0.44098,0.15072,-0.58391,0.11972,
2347559150619,1.26201,-0.33753,-0.01442,0.57054,-0.39676,-0.52833,-0.48778,0.19020,-0.64810,0.16189,
2347659099614,1.27752,-0.40486,0.00039,0.54692,-0.38472,-0.52786,-0.52368,0.14521,-0.70879,0.10487,
2347759048619,1.29011,-0.47777,0.00863,0.54110,-0.37741,-0.52846,-0.53432,0.13353,-0.73849,0.05614,
2347859147614,1.29574,-0.54641,0.01001,0.54231,-0.37292,-0.53225,-0.53247,0.05618,-0.64288,-0.04009,
2347959096614,1.29898,-0.59940,-0.00005,0.54345,-0.37369,-0.53648,-0.52650,0.03844,-0.48845,-0.11201,
2348059045614,1.30051,-0.63549,-0.01673,0.53813,-0.37974,-0.53804,-0.52604,0.01981,-0.38411,-0.11788,
2348159144614,1.30095,-0.67162,-0.02523,0.51562,-0.38459,-0.53479,-0.54793,-0.01774,-0.31415,-0.03141,
2348259093619,1.29541,-0.69918,-0.02578,0.50230,-0.39643,-0.52531,-0.56088,-0.08558,-0.25991,0.03398,
2348359042614,1.28598,-0.72640,-0.02761,-0.48716,0.41011,0.51378,0.57491,-0.14026,-0.23533,-0.04603,
2348458991614,1.26981,-0.74641,-0.03082,-0.47995,0.42772,0.50189,0.57863,-0.17046,-0.18798,-0.01971,
2348559090585,1.25236,-0.76268,-0.02744,-0.47761,0.44904,0.48637,0.57766,-0.20082,-0.15497,-0.01972,
2348659039652,1.23435,-0.76880,-0.02344,-0.46781,0.46872,0.46865,0.58466,-0.16287,-0.15989,0.00844,
2348758988647,1.21834,-0.78286,-0.02317,-0.44476,0.48723,0.44935,0.60239,-0.12572,-0.17084,0.01745,
2348859087647,1.20759,-0.79371,-0.02030,-0.42164,0.50800,0.42499,0.61931,-0.07316,-0.12887,0.04116,
2348959036585,1.19911,-0.80247,-0.01494,-0.40396,0.53033,0.39597,0.63149,-0.07017,-0.08337,0.07582,
2349058975934,1.18810,-0.80840,-0.00905,-0.38086,0.54927,0.36751,0.64668,-0.07839,-0.04615,0.02546,
2349159055143,1.17516,-0.81332,-0.00821,-0.35671,0.56665,0.33971,0.66050,-0.13505,-0.00143,-0.00684,
2349258984353,1.15479,-0.81266,-0.00495,-0.32700,0.58043,0.31477,0.67609,-0.18638,0.03985,0.02225,
2349358913563,1.13443,-0.80491,-0.00080,-0.30616,0.59368,0.28794,0.68623,-0.23137,0.08789,0.01900,
2349458842745,1.11102,-0.79342,0.00129,-0.27646,0.60412,0.26396,0.69924,-0.21426,0.14314,0.00034,
2349558922492,1.08770,-0.77718,-0.00281,-0.26112,0.61626,0.23992,0.70319,-0.25462,0.13644,-0.05902,
2349658851164,1.06080,-0.76199,-0.00598,-0.23401,0.62458,0.22202,0.71123,-0.29807,0.11182,-0.04643,
2349758780374,1.03176,-0.74991,-0.00625,-0.20144,0.62854,0.20935,0.72148,-0.25778,0.07689,-0.06352,
2349858859526,1.00628,-0.74889,-0.00591,-0.18865,0.63309,0.19504,0.72496,-0.25935,0.04665,-0.01097,
2349958788736,0.97664,-0.74861,-0.00515,-0.16551,0.63478,0.18663,0.73132,-0.24240,0.06205,-0.03376,
2350058727387,0.94731,-0.74209,-0.00678,-0.15552,0.63803,0.17595,0.73333,-0.28362,0.08493,-0.05263,
2350158676449,0.91663,-0.73266,-0.00635,-0.13112,0.63955,0.16685,0.73888,-0.30410,0.11950,0.01527,
2350258775416,0.88411,-0.72280,-0.00127,-0.10603,0.64018,0.15700,0.74450,-0.32580,0.12140,0.03865,
2350358724416,0.85109,-0.71257,0.00309,-0.09196,0.64244,0.14425,0.74700,-0.31006,0.09699,0.05473,
2350458673421,0.82552,-0.70828,0.00847,-0.08916,0.64663,0.12813,0.74666,-0.20421,0.07064,0.03095,
2350558622416,0.81764,-0.71555,0.01162,-0.08184,0.64836,0.11567,0.74804,-0.05047,-0.10951,0.02586,
2350658721392,0.82670,-0.74411,0.00937,-0.10449,0.65101,0.10651,0.74426,0.05470,-0.26006,-0.00228,
2350758670416,0.84045,-0.78176,0.00379,-0.12553,0.65136,0.11180,0.73991,0.14441,-0.40930,-0.04041,
2350858619449,0.85512,-0.82742,0.00222,-0.13417,0.64817,0.12596,0.73893,0.16111,-0.51149,0.02543,
2350958718420,0.86884,-0.88063,0.00442,-0.14389,0.64415,0.14048,0.73799,0.13355,-0.53572,0.01924,
2351058667387,0.88200,-0.93191,0.00552,-0.15120,0.63923,0.15474,0.73796,0.14034,-0.49984,0.01460,
2351158616449,0.89685,-0.97710,0.00626,-0.15598,0.63437,0.16767,0.73833,0.14765,-0.40361,-0.02746,
2351258565420,0.90819,-1.01370,0.00746,-0.16185,0.63115,0.17773,0.73747,0.11623,-0.32505,-0.01556,
2351358664392,0.91397,-1.03828,0.00974,-0.16059,0.62909,0.18172,0.73853,0.05508,-0.15617,0.02295,
2351458613416,0.91645,-1.04347,0.01195,-0.14991,0.63020,0.17413,0.74166,0.01885,0.00898,0.01361,
2351558562420,0.91573,-1.03265,0.01460,-0.14561,0.63621,0.15181,0.74228,-0.06620,0.18091,0.01961,
2351658661449,0.90854,-1.00719,0.01926,-0.11708,0.64152,0.12467,0.74780,-0.12240,0.29183,0.01643,
2351758610449,0.89569,-0.97213,0.02478,-0.07777,0.64608,0.09533,0.75329,-0.13838,0.33793,0.04530,
2351858559449,0.88108,-0.93339,0.02566,-0.03436,0.64965,0.06577,0.75661,-0.12889,0.40171,-0.00977,
2351958508420,0.86998,-0.89100,0.01896,0.01053,0.65297,0.03937,0.75629,-0.10293,0.41111,-0.11518,
2352058607449,0.86117,-0.84819,0.00545,0.05860,0.65599,0.01664,0.75231,-0.09390,0.39734,-0.15186,
2352158556420,0.84812,-0.80708,-0.00953,0.08724,0.66040,-0.00556,0.74581,-0.14306,0.39721,-0.18390,
2352258505392,0.83060,-0.76764,-0.01990,0.11094,0.66333,-0.02469,0.73964,-0.20078,0.31675,-0.10199,
2352358604449,0.80448,-0.74143,-0.02108,0.08768,0.66652,-0.05231,0.73846,-0.26495,0.25928,-0.01117,
2352458553392,0.76252,-0.72841,-0.01132,0.07898,0.66423,-0.06953,0.74008,-0.39205,0.17609,0.12557,
2352558502387,0.71258,-0.72008,0.00095,0.07782,0.66054,-0.07442,0.74303,-0.49447,0.14795,0.11888,
2352658601420,0.66128,-0.70659,0.01480,0.07272,0.65638,-0.06976,0.74767,-0.48117,0.13175,0.18123,
2352758550453,0.61321,-0.69400,0.03388,0.07367,0.65090,-0.05764,0.75338,-0.45020,0.07784,0.21056,
2352858499449,0.56811,-0.68590,0.04776,0.02137,0.64745,-0.05404,0.75989,-0.38037,0.00496,0.11727,
2352958449487,0.53269,-0.68736,0.04788,-0.02561,0.64692,-0.05165,0.76038,-0.24462,-0.11949,-0.05323,
2353058547425,0.50988,-0.70892,0.03511,-0.05948,0.65078,-0.05417,0.75499,-0.18698,-0.26623,-0.18889,
2353158496449,0.49469,-0.74002,0.01395,-0.06859,0.65835,-0.05288,0.74772,-0.17638,-0.31097,-0.20765,
2353258445449,0.47758,-0.77318,-0.00998,-0.08361,0.66511,-0.05083,0.74031,-0.25663,-0.29027,-0.13466,
2353358544453,0.45200,-0.80092,-0.01804,-0.04861,0.66950,-0.03287,0.74049,-0.40651,-0.18798,0.03058,
2353458493415,0.41140,-0.81859,-0.01283,-0.02508,0.66773,-0.01452,0.74384,-0.51368,-0.19108,0.10246,
2353558442387,0.35608,-0.83435,0.00139,-0.01419,0.66260,0.00036,0.74884,-0.64797,-0.10774,0.18711,
2353658391420,0.29151,-0.84435,0.02132,0.02673,0.65302,0.01903,0.75663,-0.66244,-0.08811,0.22545,
2353758490415,0.22339,-0.85113,0.04404,0.06225,0.64116,0.03343,0.76415,-0.65540,-0.05037,0.21694,
2353858439420,0.16296,-0.85779,0.06075,0.08673,0.63123,0.04301,0.76953,-0.54055,-0.04499,0.16002,
2353958388449,0.11334,-0.86319,0.06468,0.08487,0.62985,0.04536,0.77074,-0.38820,-0.03023,-0.06844,
2354058487387,0.08041,-0.86489,0.04374,0.07106,0.63793,0.04435,0.76553,-0.24318,-0.01897,-0.26934,
2354158436415,0.05994,-0.86333,0.01451,0.07428,0.64880,0.04422,0.75603,-0.19824,0.07573,-0.30900,
2354258385453,0.03613,-0.85696,-0.01341,0.10480,0.65518,0.05179,0.74638,-0.28229,0.09523,-0.22732,
2354358334415,0.00797,-0.84521,-0.02995,0.08248,0.66345,0.04973,0.74200,-0.33725,0.12277,-0.03152,
2354458433420,-0.03957,-0.83270,-0.02866,0.04625,0.66643,0.04665,0.74266,-0.53691,0.11163,0.09371,
2354558382448,-0.10251,-0.82771,-0.01610,-0.07096,0.66983,0.02516,0.73869,-0.63337,-0.01259,0.14194,
2354658331420,-0.16838,-0.81657,-0.00922,-0.13625,0.66592,0.02302,0.73311,-0.61726,0.15688,0.08159,
2354758430387,-0.22563,-0.80450,-0.00247,-0.10464,0.66067,0.04593,0.74193,-0.53344,0.01509,0.05217,
2354858379410,-0.27281,-0.80581,0.00388,-0.08497,0.65650,0.06663,0.74656,-0.44952,-0.06756,-0.00186,
2354958328448,-0.31109,-0.81822,0.00513,-0.06057,0.65191,0.08840,0.75069,-0.37897,-0.19237,-0.02644,
2355058277448,-0.35171,-0.83967,0.00423,-0.05826,0.64959,0.10492,0.75076,-0.45583,-0.19072,-0.04299,
2355158376420,-0.40385,-0.85832,0.00399,-0.04963,0.64626,0.11974,0.75203,-0.53089,-0.21999,0.00388,
2355258325448,-0.45520,-0.87783,0.01051,-0.04803,0.64500,0.11499,0.75395,-0.50173,-0.21010,0.07936,
2355358274420,-0.50604,-0.89052,0.01831,-0.02142,0.64458,0.09688,0.75807,-0.52544,-0.02377,0.01458,
2355458373444,-0.55543,-0.88807,0.02183,0.01091,0.64680,0.07049,0.75932,-0.46368,0.04994,-0.00829,
2355558322448,-0.59841,-0.87556,0.02519,0.03196,0.64967,0.03805,0.75859,-0.36529,0.20904,0.00440,
2355658271415,-0.63215,-0.85312,0.02560,0.05252,0.65159,0.00789,0.75671,-0.30707,0.27154,-0.03203,
2355758220448,-0.65941,-0.82623,0.01916,0.08119,0.65301,-0.01898,0.75274,-0.24945,0.29426,-0.10321,
2355858319415,-0.68119,-0.79511,0.01006,0.10671,0.65457,-0.04542,0.74705,-0.23286,0.31052,-0.11858,
2355958268415,-0.70713,-0.76453,0.00370,0.14091,0.65430,-0.07003,0.73968,-0.27997,0.29370,-0.10618,
2356058217453,-0.73119,-0.73873,-0.00030,0.18554,0.65221,-0.09016,0.72943,-0.30762,0.23454,-0.06532,
2356158316448,-0.75488,-0.71752,-0.00005,0.20731,0.64969,-0.10490,0.72382,-0.31697,0.16310,-0.04107,
2356258265910,-0.78450,-0.70464,0.00883,0.20261,0.64781,-0.11128,0.72588,-0.34625,0.05688,0.02774,
2356358214448,-0.82026,-0.70223,0.01346,0.19801,0.64818,-0.10456,0.72782,-0.37515,-0.06934,-0.01342,
2356458163448,-0.85940,-0.70986,0.01028,0.18324,0.65140,-0.08852,0.73094,-0.35831,-0.16328,-0.01396,
2356558262448,-0.89514,-0.72785,0.00969,0.16472,0.65378,-0.06430,0.73574,-0.29450,-0.25561,0.02568,
2356658211420,-0.93068,-0.75101,0.00825,0.14511,0.65551,-0.03537,0.74027,-0.26592,-0.27922,-0.05705,
2356758160448,-0.96020,-0.77834,0.00500,0.12558,0.65598,-0.00842,0.74421,-0.22185,-0.26530,-0.03671,
2356858259448,-0.98553,-0.80071,0.00418,0.13293,0.65152,0.01665,0.74671,-0.23733,-0.19714,-0.02259,
2356958208448,-1.00955,-0.81818,0.00850,0.14737,0.64639,0.02772,0.74813,-0.23309,-0.11372,0.00282,
2357058157448,-1.02833,-0.82885,0.01510,0.18613,0.64038,0.02215,0.74483,-0.19516,-0.06977,0.06811,
2357158106448,-1.04214,-0.83551,0.02525,0.21847,0.63861,-0.00603,0.73785,-0.15900,-0.01841,0.05827,
2357258205548,-1.05252,-0.83601,0.03020,0.25315,0.63689,-0.04690,0.72669,-0.12088,0.05634,0.02633,
2357358154448,-1.06049,-0.82963,0.03027,0.29432,0.63252,-0.09102,0.71064,-0.07755,0.09434,0.01618,
2357458103419,-1.06635,-0.82261,0.02963,0.32881,0.62670,-0.13444,0.69358,-0.02804,0.08567,0.00032,
2357558202419,-1.06534,-0.81740,0.02860,0.35648,0.62734,-0.16890,0.67145,0.00524,0.05628,0.00718,
2357658151448,-1.06399,-0.81334,0.02941,0.37192,0.62099,-0.20090,0.66007,0.00550,0.05919,-0.02695,
2357758100448,-1.06567,-0.81157,0.02987,0.37677,0.61428,-0.22809,0.65474,-0.04299,0.02754,-0.03532,
2357858049419,-1.07053,-0.80539,0.02692,0.38621,0.60893,-0.24956,0.64635,-0.10986,0.09121,-0.09206,
2357958148448,-1.08441,-0.79499,0.01678,0.40251,0.60389,-0.26998,0.63278,-0.19248,0.16062,-0.09410,
2358058097453,-1.11298,-0.77694,0.01742,0.41788,0.59494,-0.29053,0.62211,-0.26882,0.18604,0.03756,
2358158046448,-1.13453,-0.75811,0.02208,0.44710,0.58717,-0.30296,0.60295,-0.28878,0.17914,0.00792,
2358258145448,-1.16015,-0.74152,0.02003,0.45676,0.58378,-0.31266,0.59398,-0.33543,0.08090,-0.03277,
2358358094448,-1.19008,-0.73101,0.01633,0.45371,0.58499,-0.31431,0.59426,-0.35928,0.04452,-0.01218,
2358458043415,-1.22243,-0.72185,0.01935,0.45731,0.59034,-0.30005,0.59358,-0.40380,-0.00315,0.07392,
2358557992448,-1.26432,-0.72646,0.02140,0.44958,0.59822,-0.28110,0.60083,-0.44104,-0.04309,-0.01849,
2358658091419,-1.30197,-0.73068,0.01384,0.42405,0.60796,-0.26358,0.61733,-0.48776,-0.12228,-0.06820,
2358758040448,-1.34478,-0.74250,0.00857,0.41400,0.61491,-0.24793,0.62372,-0.45517,-0.16107,-0.09923,
2358857989414,-1.38548,-0.76315,0.00434,0.41719,0.61798,-0.23937,0.62190,-0.44081,-0.22200,-0.07350,
2358958088448,-1.42169,-0.79067,0.00642,0.42905,0.61743,-0.23824,0.61477,-0.34798,-0.21063,-0.02857,
2359058037414,-1.44791,-0.81281,0.01330,0.42468,0.61411,-0.24859,0.61703,-0.18395,-0.13178,0.02949,
2359157986414,-1.46138,-0.82969,0.01577,0.44159,0.60637,-0.26401,0.60631,-0.04168,-0.14948,0.03002,
2359257935391,-1.46447,-0.84654,0.01999,0.44012,0.59298,-0.29772,0.60500,0.10647,-0.11664,0.05309,
2359358034448,-1.45516,-0.85213,0.02463,0.45677,0.57486,-0.33032,0.59311,0.25040,0.02957,0.04222,
2359457983400,-1.43366,-0.85182,0.02886,0.47868,0.55447,-0.36101,0.57715,0.28329,-0.00492,0.00330,
2359557932419,-1.40495,-0.85497,0.02887,0.50113,0.53218,-0.39120,0.55912,0.33026,-0.01712,-0.07103,
2359658031448,-1.37325,-0.86272,0.02425,0.51640,0.51072,-0.41978,0.54432,0.31054,-0.09564,-0.10412,
2359757980614,-1.34263,-0.87348,0.02046,0.53075,0.49137,-0.44462,0.52837,0.30853,-0.14766,-0.14115,
2359857929448,-1.31755,-0.88923,0.01507,0.55016,0.47480,-0.46328,0.50721,0.23049,-0.20491,-0.13136,
2359957878448,-1.29926,-0.91184,0.01053,0.56567,0.46069,-0.47798,0.48919,0.14855,-0.25699,-0.14070,
2360057977419,-1.29000,-0.94286,0.00748,0.58222,0.45151,-0.48717,0.46886,-0.00895,-0.30839,-0.12593,
2360157926390,-1.28427,-0.98282,0.00835,0.58734,0.45038,-0.49136,0.45908,-0.09167,-0.30108,-0.12891,
2360257875390,-1.29361,-1.01523,0.01101,0.59061,0.45694,-0.48592,0.45417,-0.20034,-0.27973,0.00474,
2360357974414,-1.30710,-1.03693,0.01008,0.59217,0.47102,-0.47078,0.45370,-0.27458,-0.21521,0.01031,
2360457923448,-1.33234,-1.05846,0.00657,0.57825,0.48628,-0.45426,0.47201,-0.34212,-0.17342,-0.00931,
2360557872448,-1.36415,-1.06146,0.00372,0.57605,0.50293,-0.43280,0.47740,-0.41994,-0.09882,-0.02339,
2360657821390,-1.40332,-1.06465,-0.00094,0.57618,0.51560,-0.41356,0.48077,-0.44449,-0.04790,-0.09103,
2360757920452,-1.44217,-1.06610,-0.00375,0.57110,0.52332,-0.40094,0.48911,-0.44304,-0.02620,-0.03559,
2360857869448,-1.48666,-1.06790,0.00017,0.57088,0.52685,-0.39351,0.49161,-0.39295,0.03055,-0.07683,
2360957818448,-1.52702,-1.05450,0.00578,0.57107,0.52990,-0.38735,0.49300,-0.34603,0.19229,-0.00948,
2361057920147,-1.56079,-1.02300,0.01311,0.56751,0.53335,-0.37954,0.49941,-0.31525,0.36788,0.05341,
2361157866414,-1.59075,-0.98254,0.02428,0.55511,0.53743,-0.37088,0.51524,-0.27636,0.44228,0.06435,
2361257815414,-1.61751,-0.94433,0.03189,0.54454,0.54228,-0.36040,0.52870,-0.23646,0.47183,0.03642,
2361357764414,-1.64210,-0.89939,0.03722,0.51544,0.54757,-0.35540,0.55514,-0.18809,0.52566,0.01932,
2361457863414,-1.66069,-0.84719,0.03857,0.48808,0.55308,-0.35194,0.57621,-0.08377,0.56735,-0.03248,
2361557812447,-1.66180,-0.79202,0.03802,0.49336,0.55979,-0.34225,0.57105,0.08690,0.53810,-0.06365,
2361657761414,-1.64862,-0.74398,0.03638,0.49464,0.56250,-0.33874,0.56936,0.21699,0.42461,-0.01314,
2361757860447,-1.62482,-0.70366,0.03041,0.49546,0.56204,-0.34318,0.56645,0.28365,0.34986,-0.07500,
2361857809414,-1.59717,-0.67091,0.01910,0.48081,0.55826,-0.36071,0.57188,0.33095,0.26424,-0.13731,
2361957758476,-1.57516,-0.64486,0.00990,0.47661,0.54929,-0.38298,0.56961,0.25475,0.19376,-0.12206,
2362057857414,-1.56003,-0.62540,0.00402,0.47883,0.53561,-0.40654,0.56442,0.16677,0.19827,-0.04258,
2362157806419,-1.55105,-0.59882,0.00394,0.47872,0.52029,-0.42742,0.56341,0.07769,0.25033,-0.00159,
2362257755390,-1.55150,-0.56391,0.00780,0.50837,0.51023,-0.43471,0.54060,-0.11612,0.37483,0.02664,
2362357704447,-1.57191,-0.52033,0.01216,0.53235,0.50444,-0.43796,0.51993,-0.33704,0.44057,0.01505,
2362457803976,-1.60954,-0.47934,0.01625,0.54026,0.50205,-0.43841,0.51368,-0.45004,0.42546,0.04586,
2362557752438,-1.65680,-0.44254,0.02319,0.54525,0.50357,-0.43225,0.51212,-0.51062,0.40469,0.07977,
2362657701419,-1.70983,-0.40404,0.02865,0.55100,0.50837,-0.42209,0.50970,-0.52792,0.37631,0.00543,
2362757800419,-1.76132,-0.36903,0.02999,0.55156,0.51647,-0.40980,0.51098,-0.50569,0.35380,-0.00528,
2362857749419,-1.80643,-0.34019,0.03038,0.54165,0.52503,-0.39670,0.52305,-0.47044,0.31475,0.00146,
2362957698447,-1.84899,-0.31015,0.02971,0.54355,0.53582,-0.37747,0.52438,-0.41561,0.33427,-0.05680,
2363057647419,-1.89165,-0.27313,0.02547,0.54138,0.54621,-0.36018,0.52805,-0.41420,0.36492,-0.07004,
2363157746452,-1.93210,-0.23221,0.01839,0.54100,0.55523,-0.34750,0.52752,-0.35215,0.40352,-0.13672,
2363257695419,-1.96494,-0.18245,0.00941,0.54098,0.56137,-0.34192,0.52468,-0.25128,0.49191,-0.13065,
2363357644414,-1.98648,-0.12655,0.00484,0.55837,0.56022,-0.34213,0.50727,-0.13738,0.53995,-0.03922,
2363457743419,-2.00039,-0.06906,0.00629,0.58962,0.54978,-0.35191,0.47566,-0.08273,0.55475,0.01816,
2363557692414,-2.00534,-0.01030,0.01094,0.60145,0.53505,-0.37573,0.45914,0.00224,0.57042,0.02176,
2363657641390,-1.99802,0.04370,0.01142,0.61385,0.51831,-0.40117,0.44000,0.07914,0.48341,0.00777,
2363757590428,-1.98394,0.08617,0.01194,0.60518,0.49879,-0.43364,0.44376,0.14796,0.34357,0.02522,
2363857689419,-1.96732,0.11779,0.01279,0.61312,0.47766,-0.45806,0.43139,0.17252,0.26730,-0.00795,
2363957638447,-1.95338,0.14722,0.01278,0.61697,0.45696,-0.48126,0.42300,0.15127,0.23698,-0.00195,
2364057580343,-1.94334,0.17325,0.01056,0.62746,0.43996,-0.49837,0.40542,0.07800,0.21643,-0.05054,
2364157657672,-1.93865,0.19888,0.00915,0.62758,0.42660,-0.51251,0.40186,-0.05155,0.25124,-0.03245,
2364257587053,-1.94891,0.22987,0.00793,0.62217,0.41667,-0.52187,0.40858,-0.22452,0.29993,0.01020,
2364357516430,-1.97750,0.26183,0.01253,0.60970,0.41008,-0.52641,0.42777,-0.35183,0.33950,0.07250,
2364457445892,-2.00679,0.29911,0.01862,0.60155,0.41285,-0.52247,0.44127,-0.31234,0.39660,0.04855,
2364557525225,-2.03759,0.33695,0.01929,0.60161,0.42448,-0.51142,0.44310,-0.27044,0.37753,0.03329,
2364657454659,-2.05806,0.36784,0.02448,0.61465,0.44247,-0.49221,0.42913,-0.18745,0.29844,0.07875,
2364757384102,-2.07147,0.39094,0.03041,0.62373,0.45623,-0.47402,0.42204,-0.11136,0.21881,0.01968,
2364857463450,-2.07441,0.41186,0.02792,0.63663,0.46472,-0.46292,0.40552,-0.03288,0.18753,-0.03088,
2364957392893,-2.07102,0.43139,0.02597,0.63896,0.45930,-0.47015,0.39967,0.13215,0.19018,-0.04052,
2365057331414,-2.05103,0.45869,0.02113,0.65010,0.44556,-0.48625,0.37737,0.28082,0.23203,-0.05781,
2365157280447,-2.01582,0.48659,0.01308,0.66776,0.42650,-0.50431,0.34332,0.43141,0.22671,-0.06094,
2365257379447,-1.97025,0.51309,0.01171,0.69242,0.40606,-0.51829,0.29504,0.47697,0.27302,0.01682,
2365357328418,-1.92620,0.53990,0.01204,0.70366,0.38158,-0.53731,0.26563,0.40827,0.24202,-0.07639,
2365457277390,-1.89107,0.56268,0.00661,0.70530,0.35447,-0.55958,0.25253,0.32123,0.20200,-0.09573,
2365557376418,-1.86255,0.57927,0.00769,0.70951,0.32873,-0.57649,0.23704,0.26104,0.15927,0.00617,
2365657325385,-1.83380,0.59944,0.00964,0.71636,0.30674,-0.58722,0.21888,0.25589,0.15624,-0.07603,
2365757274418,-1.80619,0.61686,0.00834,0.71298,0.28682,-0.60003,0.22218,0.22092,0.14635,-0.09423,
2365857223418,-1.78252,0.63821,0.00365,0.71227,0.26760,-0.61143,0.21727,0.15506,0.23278,-0.07539,
2365957322418,-1.76612,0.66681,0.00123,0.71913,0.25133,-0.61837,0.19314,0.07010,0.29191,-0.04482,
2366057271447,-1.76129,0.70247,-0.00008,0.72433,0.24030,-0.62261,0.17306,-0.03393,0.36628,-0.01980,
2366157220390,-1.76580,0.74461,0.00398,0.72238,0.23165,-0.62544,0.18257,-0.11127,0.42404,0.07781,
2366257319399,-1.76943,0.79036,0.01283,0.72572,0.23278,-0.62222,0.17883,-0.08176,0.43418,0.03781,
2366357268418,-1.78155,0.83135,0.01745,0.72691,0.23842,-0.61835,0.18000,-0.12185,0.42880,0.05012,
2366457217390,-1.78818,0.86746,0.02063,0.72931,0.25109,-0.61219,0.17403,-0.00259,0.34098,0.02556,
2366557166413,-1.78696,0.89930,0.02048,0.72791,0.26429,-0.60662,0.17978,0.02272,0.25833,0.02016,
2366657265413,-1.77851,0.92956,0.02010,0.72387,0.27039,-0.60438,0.19395,0.10255,0.18222,-0.01942,
2366757214413,-1.76303,0.95636,0.01968,0.72714,0.27312,-0.60282,0.18247,0.18714,0.15206,-0.01092,
2366857163447,-1.73667,0.97811,0.01536,0.72468,0.26467,-0.60937,0.18290,0.28765,0.11286,-0.04099,
2366957262418,-1.70113,0.99158,0.01034,0.73142,0.25066,-0.61586,0.15139,0.36315,0.03641,-0.03324,
2367057211413,-1.65768,1.00285,0.00559,0.73628,0.23093,-0.62470,0.11964,0.39929,-0.02842,-0.03226,
2367157160413,-1.61654,1.00337,0.00469,0.73722,0.20766,-0.63405,0.10660,0.34541,-0.07480,0.03278,
2367257109413,-1.58281,0.99524,0.00769,0.74126,0.18666,-0.63915,0.08470,0.31516,-0.15140,0.00031,
2367357208447,-1.55455,0.98151,0.00746,0.74251,0.16767,-0.64432,0.07360,0.26994,-0.13970,-0.05846,
2367457157418,-1.53143,0.96679,0.00628,0.74270,0.14949,-0.64915,0.06824,0.18730,-0.12186,-0.02451,
2367557106447,-1.51333,0.95659,0.00919,0.74422,0.13169,-0.65239,0.05646,0.17182,-0.06862,0.00735,
2367657205447,-1.49581,0.95065,0.00761,0.74529,0.11743,-0.65523,0.03768,0.20992,0.02829,-0.06989,
2367757154446,-1.47727,0.95545,0.01091,0.74498,0.10662,-0.65785,0.02960,0.23400,0.15478,0.01963,
2367857103385,-1.45678,0.97536,0.02260,0.74665,0.10385,-0.65676,0.01986,0.22201,0.31999,0.03731,
2367957052446,-1.43780,1.01043,0.02518,0.74610,0.10758,-0.65637,0.03052,0.19367,0.42028,0.01577,
2368057151446,-1.41783,1.05516,0.02186,0.74529,0.12078,-0.65437,0.04196,0.18238,0.48246,-0.02458,
2368157100451,-1.40257,1.10421,0.02246,0.74435,0.13631,-0.65032,0.06669,0.13339,0.55686,0.02052,
2368257049418,-1.38519,1.15507,0.02539,0.74570,0.15750,-0.64307,0.07473,0.16840,0.55410,-0.04909,
2368357148418,-1.36530,1.20800,0.02455,0.74678,0.17857,-0.63585,0.07828,0.15429,0.54225,-0.05540,
2368457097384,-1.34698,1.25642,0.02328,0.74846,0.19907,-0.62781,0.07772,0.18805,0.45293,-0.07122,
2368557046446,-1.33080,1.29800,0.02650,0.75185,0.21787,-0.61784,0.07437,0.19413,0.37790,-0.00838,
2368656995446,-1.31197,1.33395,0.02810,0.75327,0.23075,-0.61100,0.07758,0.27107,0.34707,-0.03131,
2368757094446,-1.28148,1.37034,0.02885,0.75194,0.23673,-0.60899,0.08766,0.35245,0.34283,-0.01556,
2368857043446,-1.24391,1.40298,0.02886,0.75115,0.24074,-0.60800,0.09028,0.42945,0.25145,-0.02860,
2368956992413,-1.19967,1.42608,0.02521,0.74922,0.24537,-0.60856,0.09012,0.43615,0.15314,-0.09257,
2369057091446,-1.15893,1.43814,0.01449,0.73930,0.24400,-0.61626,0.11880,0.39014,0.02704,-0.08300,
2369157040418,-1.12216,1.43719,0.01211,0.73767,0.24118,-0.61861,0.12245,0.35637,-0.10489,0.02363,
2369256989446,-1.08903,1.42833,0.01090,0.73781,0.23362,-0.62197,0.11920,0.34872,-0.16446,-0.03949,
2369356938446,-1.05088,1.41493,0.00535,0.73274,0.21938,-0.63095,0.12988,0.36979,-0.15000,-0.04202,
2369457037446,-1.01543,1.40460,0.00505,0.73201,0.20071,-0.63881,0.12571,0.37975,-0.07897,0.01503,
2369556986413,-0.98075,1.40019,0.01066,0.73578,0.17896,-0.64423,0.10755,0.36906,-0.04432,0.01319,
2369656935703,-0.94294,1.40127,0.01224,0.74243,0.16564,-0.64547,0.06870,0.30201,0.07444,-0.03521,
2369757034418,-0.91028,1.41499,0.01091,0.74274,0.15699,-0.64780,0.06365,0.23645,0.20771,-0.00918,
2369856983418,-0.88353,1.44004,0.01242,0.74420,0.16111,-0.64556,0.05883,0.21021,0.32733,-0.01649,
2369956932413,-0.85906,1.47817,0.01303,0.74293,0.17155,-0.64341,0.06826,0.23477,0.44140,0.01104,
2370056881418,-0.83315,1.52513,0.01431,0.74379,0.18877,-0.63715,0.07199,0.24765,0.52518,0.03722,
2370156980451,-0.80893,1.57543,0.02007,0.74334,0.20624,-0.62993,0.09001,0.24229,0.57072,0.08595,
2370256929394,-0.78320,1.62810,0.02966,0.74225,0.22292,-0.62151,0.11444,0.24992,0.55555,0.08656,
2370356878446,-0.76016,1.67973,0.03564,0.74272,0.23856,-0.61287,0.12587,0.22919,0.55013,0.01805,
2370456977446,-0.73754,1.72983,0.03567,0.73914,0.24776,-0.60999,0.14215,0.21478,0.47716,0.01637,
2370556926446,-0.71699,1.76674,0.03698,0.73439,0.24700,-0.61146,0.16054,0.23576,0.27865,0.01610,
2370656875446,-0.68939,1.78391,0.03639,0.73871,0.24016,-0.61301,0.14436,0.25841,0.06369,-0.05142,
2370756824446,-0.66358,1.78212,0.02996,0.73699,0.22198,-0.62228,0.14263,0.27857,-0.15434,-0.05161,
2370856923475,-0.63457,1.76603,0.02617,0.74202,0.20427,-0.62917,0.10869,0.31234,-0.23171,-0.01962,
2370956872413,-0.60436,1.73961,0.02145,0.74410,0.18160,-0.63766,0.08202,0.31573,-0.29915,-0.06960,
2371056821446,-0.57193,1.70468,0.01469,0.74600,0.15959,-0.64490,0.04600,0.32060,-0.33761,-0.06463,
2371156920446,-0.53998,1.66721,0.01170,0.74656,0.13199,-0.65157,0.02616,0.32859,-0.34351,-0.03699,
2371256869384,-0.50730,1.62599,0.01085,0.74939,0.10595,-0.65335,-0.01771,0.31560,-0.36934,-0.09084,
2371356818384,-0.47462,1.58590,0.00753,0.74720,0.07558,-0.65875,-0.04505,0.32381,-0.35088,-0.16007,
2371456919317,-0.44316,1.54950,0.00593,0.74344,0.04399,-0.66332,-0.07327,0.28611,-0.31076,-0.12566,
2371556866446,-0.41927,1.51459,0.00466,0.73968,0.01125,-0.66532,-0.10048,0.24205,-0.26065,-0.11048,
2371656815446,-0.39588,1.48433,0.00177,0.73539,-0.02029,-0.66487,-0.12941,0.24070,-0.20682,-0.17675,
2371756764417,-0.37506,1.45627,-0.00028,0.73022,-0.04943,-0.66292,-0.15770,0.27034,-0.18325,-0.21666,
2371856863417,-0.35164,1.42880,-0.00061,0.72393,-0.07856,-0.66106,-0.18098,0.30350,-0.16353,-0.16827,
2371956812389,-0.32416,1.40605,0.00345,0.71536,-0.10495,-0.65727,-0.21270,0.35774,-0.13090,-0.08876,
2372056761470,-0.28952,1.39071,0.01112,0.70969,-0.13490,-0.65201,-0.23028,0.38764,-0.07713,-0.02058,
2372156860422,-0.25576,1.38469,0.02442,0.70412,-0.16385,-0.64459,-0.24875,0.39491,-0.04930,0.01173,
2372256809417,-0.22171,1.38208,0.03334,0.69488,-0.18741,-0.63652,-0.27725,0.37233,-0.02064,0.02379,
2372356758446,-0.19002,1.38534,0.04293,0.68827,-0.20578,-0.63083,-0.29326,0.34778,0.03222,0.04521,
2372456707417,-0.16129,1.39069,0.04734,0.68944,-0.21644,-0.62798,-0.28889,0.31882,0.01091,0.01644,
2372556806389,-0.13296,1.39257,0.04366,0.68630,-0.21296,-0.62973,-0.29510,0.36550,-0.03697,-0.00009,
2372656755412,-0.09371,1.38805,0.03991,0.67733,-0.20146,-0.63370,-0.31475,0.45227,-0.11579,-0.01197,
2372756704417,-0.04874,1.36986,0.03182,0.66551,-0.18765,-0.63727,-0.34025,0.51424,-0.22721,-0.04964,
2372856803417,-0.00023,1.33933,0.02731,0.65503,-0.17863,-0.63866,-0.36215,0.51664,-0.35804,-0.01359,
2372956752403,0.04597,1.29316,0.02477,0.65405,-0.17943,-0.63788,-0.36488,0.50512,-0.42863,0.09992,
2373056701412,0.08792,1.24134,0.03105,0.65574,-0.18958,-0.63486,-0.36196,0.37181,-0.52977,0.01920,
2373156650436,0.11735,1.18870,0.02848,0.65319,-0.20557,-0.63166,-0.36343,0.26223,-0.51910,-0.01562,
2373256749417,0.13601,1.14092,0.02830,0.64745,-0.22423,-0.62650,-0.37153,0.15868,-0.43527,0.01843,
2373356698412,0.15174,1.10224,0.02690,0.64144,-0.24445,-0.62014,-0.37976,0.11633,-0.35587,-0.02071,
2373456647417,0.16250,1.07356,0.02450,0.63613,-0.26365,-0.61468,-0.38471,0.14403,-0.28802,-0.00576,
2373556746412,0.18087,1.04620,0.02486,0.62860,-0.28040,-0.60771,-0.39615,0.21382,-0.29023,0.01763,
2373656695417,0.20354,1.01683,0.02704,0.61338,-0.29066,-0.60135,-0.42150,0.35551,-0.31796,0.02980,
2373756644384,0.24912,0.98809,0.02892,0.60771,-0.30118,-0.59629,-0.42944,0.48688,-0.31276,0.02383,
2373856593417,0.31066,0.95417,0.02761,0.60985,-0.30623,-0.59392,-0.42610,0.54951,-0.26914,0.06474,
2373956692417,0.37360,0.92714,0.03114,0.61590,-0.30498,-0.59213,-0.42076,0.59888,-0.24218,0.10373,
2374056641417,0.43575,0.89993,0.03808,0.61510,-0.29884,-0.59190,-0.42662,0.62046,-0.21810,0.04422,
2374156590446,0.49454,0.87519,0.03809,0.60758,-0.28822,-0.59404,-0.44146,0.51785,-0.21609,0.05552,
2374256689446,0.53812,0.85257,0.04305,0.61343,-0.27683,-0.59805,-0.43521,0.39482,-0.22241,0.04332,
2374356638446,0.57292,0.82623,0.04114,0.62312,-0.26630,-0.60353,-0.42019,0.28547,-0.25976,-0.01963,
2374456587417,0.59891,0.79892,0.03149,0.63263,-0.25975,-0.60961,-0.40085,0.25605,-0.31140,-0.04709,
2374556536445,0.61806,0.76489,0.02464,0.63735,-0.25648,-0.61401,-0.38859,0.20997,-0.45557,-0.04985,
2374656635417,0.63189,0.71423,0.02015,0.62591,-0.24912,-0.61708,-0.40668,0.19461,-0.58633,-0.03451,
2374756584445,0.65167,0.64842,0.01850,0.62153,-0.25248,-0.61564,-0.41345,0.14107,-0.64952,0.04294,
2374856533450,0.66584,0.57771,0.02859,0.61692,-0.26048,-0.60946,-0.42441,0.08632,-0.71242,0.11208,
2374956632445,0.67020,0.50204,0.03343,0.59989,-0.26301,-0.60312,-0.45520,0.01463,-0.76319,0.00882,
2375056581417,0.66680,0.42854,0.03647,0.59634,-0.27061,-0.59930,-0.46042,-0.03246,-0.73419,0.04942,
2375156530412,0.65969,0.36234,0.04418,0.59327,-0.27924,-0.59350,-0.46670,-0.03746,-0.62873,0.08449,
2375256479412,0.65328,0.30397,0.05493,0.58770,-0.28790,-0.58635,-0.47740,-0.03876,-0.57812,0.07490,
2375356578445,0.64807,0.24870,0.06297,0.58735,-0.29768,-0.57996,-0.47963,-0.05595,-0.55803,0.08167,
2375456527417,0.64344,0.19651,0.07060,0.58701,-0.30643,-0.57330,-0.48254,-0.05085,-0.52240,0.08075,
2375556476412,0.63997,0.14701,0.07822,0.59417,-0.31734,-0.56574,-0.47560,-0.01874,-0.48721,0.10733,
2375656575445,0.63835,0.09870,0.09206,0.60018,-0.32952,-0.55514,-0.47225,-0.01318,-0.43227,0.11745,
2375756524412,0.63449,0.05258,0.10063,0.60197,-0.34218,-0.54481,-0.47300,-0.03817,-0.44716,0.06211,
2375856473445,0.62241,0.01714,0.10110,0.60831,-0.35713,-0.53634,-0.46342,-0.15235,-0.33401,0.00096,
2375956422417,0.60120,-0.01461,0.09763,0.60098,-0.36961,-0.52913,-0.47142,-0.24182,-0.24901,0.00140,
2376056521445,0.56930,-0.04046,0.09748,0.59193,-0.38188,-0.52133,-0.48166,-0.34125,-0.17599,0.02141,
2376156470445,0.52812,-0.05516,0.09668,0.58480,-0.39456,-0.51226,-0.48981,-0.42917,-0.10041,0.02263,
2376256419445,0.47858,-0.06735,0.09357,0.57325,-0.40528,-0.50408,-0.50303,-0.50432,-0.06745,-0.00837,
2376356518445,0.42338,-0.07849,0.09129,0.56977,-0.41683,-0.49611,-0.50546,-0.53034,-0.03100,-0.02361,
2376456467445,0.36443,-0.08734,0.08726,0.56412,-0.42570,-0.49065,-0.50972,-0.58536,-0.02091,-0.04379,
2376556416417,0.30445,-0.09383,0.08045,0.56447,-0.43360,-0.48779,-0.50540,-0.56603,0.01023,-0.07701,
2376656365417,0.24330,-0.10120,0.06904,0.57632,-0.43899,-0.48836,-0.48647,-0.63661,-0.01112,-0.08172,
2376756464445,0.17826,-0.10591,0.06364,0.57202,-0.43464,-0.49487,-0.48885,-0.61183,0.02006,-0.02460,
2376856413445,0.12305,-0.10315,0.06110,0.57739,-0.43515,-0.49688,-0.47997,-0.48348,0.09337,0.00330,
2376956362417,0.07803,-0.09711,0.06095,0.56178,-0.43419,-0.49836,-0.49752,-0.41081,0.09946,-0.00481,
2377056461417,0.03898,-0.08719,0.05559,0.55804,-0.43353,-0.49360,-0.50695,-0.36245,0.10284,-0.02486,
2377156410445,0.00442,-0.08565,0.05426,0.56072,-0.43420,-0.49845,-0.49861,-0.23343,0.01352,0.04704,
2377256359445,-0.02312,-0.08624,0.05583,0.57671,-0.43279,-0.50076,-0.47889,-0.19492,0.02685,0.07084,
2377356308412,-0.04270,-0.08575,0.05846,0.59275,-0.42523,-0.50663,-0.45951,-0.11796,-0.00211,0.07362,
2377456407416,-0.05092,-0.08797,0.05946,0.60298,-0.41983,-0.51097,-0.44617,-0.07500,0.00643,0.00317,
2377556356450,-0.05258,-0.09147,0.05491,0.59632,-0.41243,-0.51783,-0.45405,-0.02732,-0.06535,-0.03856,
2377656305445,-0.05883,-0.09761,0.04781,0.59587,-0.40886,-0.52400,-0.45077,-0.11460,-0.02087,-0.06476,
2377756404445,-0.07663,-0.10507,0.04434,0.60369,-0.40514,-0.52935,-0.43728,-0.24257,-0.14652,-0.02285,
2377856353445,-0.10568,-0.12477,0.03951,0.60500,-0.39795,-0.53528,-0.43484,-0.28087,-0.17043,-0.01847,
2377956302445,-0.13250,-0.14285,0.03814,0.60618,-0.39464,-0.52978,-0.44289,-0.23979,-0.18321,-0.00607,
2378056251416,-0.14298,-0.15490,0.03157,0.61681,-0.38578,-0.53008,-0.43559,0.04233,-0.00521,-0.07459,
2378156350412,-0.14468,-0.15380,0.02484,0.63910,-0.39326,-0.52938,-0.39578,-0.05072,0.01316,-0.13157,
2378256299445,-0.15648,-0.15387,0.01914,0.63504,-0.39244,-0.53362,-0.39744,-0.11433,-0.01309,-0.09415,
2378356248445,-0.16447,-0.15293,0.01443,0.62744,-0.38995,-0.53806,-0.40589,-0.06326,0.00416,-0.05552,
2378456347445,-0.16694,-0.14890,0.01082,0.62279,-0.38943,-0.54048,-0.41030,0.00884,0.03870,-0.04048,
2378556296416,-0.16215,-0.14227,0.01019,0.63109,-0.39715,-0.53914,-0.39157,0.08670,0.04915,0.00580,
2378656245412,-0.15664,-0.13988,0.00938,0.64034,-0.40213,-0.53536,-0.37636,0.00294,0.01215,0.00830,
2378756194445,-0.15553,-0.13675,0.01417,0.62451,-0.39667,-0.53712,-0.40515,0.02964,0.01959,0.02131,
2378856293412,-0.15035,-0.13444,0.01380,0.63069,-0.39994,-0.53549,-0.39437,0.06885,0.04348,0.01118,
2378956242445,-0.14386,-0.13032,0.01352,0.65472,-0.40827,-0.52907,-0.35319,0.03532,0.03033,0.00442,
2379056181137,-0.14469,-0.12934,0.01154,0.65523,-0.40809,-0.52887,-0.35277,-0.02829,0.00331,0.00576,
2379156258010,-0.14814,-0.13243,0.01369,0.65478,-0.40607,-0.52904,-0.35565,-0.03561,-0.00881,0.00775,
2379256184926,-0.15711,-0.13628,0.01430,0.66212,-0.40438,-0.52878,-0.34418,-0.12063,-0.04038,0.01159,
2379356111838,-0.16232,-0.13851,0.01421,0.66289,-0.40439,-0.53018,-0.34053,0.05008,0.02932,0.00468,
2379456188744,-0.15254,-0.13503,0.01248,0.67606,-0.41087,-0.52369,-0.31603,0.08565,0.03559,0.00640,
2379556115675,-0.14856,-0.13298,0.01290,0.66399,-0.40931,-0.52608,-0.33886,0.04094,0.01551,0.01255,
2379656042529,-0.14635,-0.13122,0.00972,0.66959,-0.41322,-0.52559,-0.32351,0.05054,0.03202,-0.00526,
2379755969473,-0.14505,-0.13271,0.00766,0.67470,-0.41435,-0.52413,-0.31367,-0.00012,0.00061,0.00173,
2379856046356,-0.14374,-0.13287,0.00788,0.67779,-0.41338,-0.52238,-0.31118,-0.03093,-0.01316,0.00062,
2379955973234,-0.14981,-0.13564,0.00772,0.67789,-0.41234,-0.52356,-0.31036,-0.02987,-0.00814,0.00381,
2380055910416,-0.14783,-0.13578,0.00763,0.68062,-0.41323,-0.52238,-0.30517,0.01141,0.00464,0.00348,
2380155859416,-0.14806,-0.13608,0.00862,0.68121,-0.41328,-0.52216,-0.30414,0.00214,0.00228,0.00652,
2380255958411,-0.14788,-0.13567,0.00849,0.68113,-0.41329,-0.52231,-0.30405,0.00299,0.00634,0.00645,
2380355907411,-0.14667,-0.13474,0.00780,0.68107,-0.41343,-0.52220,-0.30419,0.00484,0.01126,0.00596,
2380455856445,-0.14610,-0.13430,0.00857,0.68128,-0.41320,-0.52226,-0.30392,0.00520,0.00632,0.01179,
2380555955445,-0.14703,-0.13506,0.00863,0.68143,-0.41307,-0.52236,-0.30359,0.00459,0.01189,0.00948,
2380655904445,-0.14611,-0.13362,0.00773,0.68154,-0.41308,-0.52242,-0.30321,0.00096,0.00942,0.00596,
2380755853383,-0.14642,-0.13345,0.00787,0.68176,-0.41284,-0.52253,-0.30287,-0.00204,0.00647,0.00703,
2380855952411,-0.14601,-0.13376,0.00831,0.68199,-0.41268,-0.52250,-0.30262,0.00166,0.00386,0.01192,
2380955901411,-0.14570,-0.13386,0.00875,0.68196,-0.41266,-0.52251,-0.30269,0.00281,0.00728,0.01268,
2381055850416,-0.14572,-0.13387,0.00900,0.68188,-0.41249,-0.52261,-0.30294,0.00234,0.00868,0.00841,
2381155799416,-0.14562,-0.13410,0.00945,0.68202,-0.41227,-0.52271,-0.30274,0.00319,0.00579,0.01225,
2381255898416,-0.14612,-0.13408,0.00997,0.68216,-0.41206,-0.52276,-0.30264,0.00096,0.00533,0.01002,
2381355847416,-0.14666,-0.13396,0.01032,0.68225,-0.41182,-0.52291,-0.30250,-0.00257,0.00554,0.01013,
2381455796383,-0.14689,-0.13379,0.01036,0.68224,-0.41181,-0.52287,-0.30259,-0.00149,0.00802,0.00819,
2381555895411,-0.14690,-0.13410,0.01010,0.68226,-0.41174,-0.52296,-0.30249,-0.00193,0.00808,0.01110,
2381655844416,-0.14706,-0.13425,0.01065,0.68239,-0.41146,-0.52310,-0.30234,-0.00200,0.00171,0.01102,
2381755793411,-0.14705,-0.13433,0.01088,0.68239,-0.41144,-0.52306,-0.30242,-0.00119,0.00261,0.00938,
2381855742444,-0.14663,-0.13349,0.01104,0.68226,-0.41168,-0.52291,-0.30266,0.00171,0.01252,0.00962,
2381955841416,-0.14700,-0.13431,0.01008,0.68233,-0.41140,-0.52327,-0.30227,-0.00318,0.00796,0.01034,
2382055790411,-0.14748,-0.13428,0.01033,0.68238,-0.41124,-0.52336,-0.30222,-0.00171,0.00779,0.01197,
2382155739444,-0.14707,-0.13365,0.01070,0.68233,-0.41139,-0.52322,-0.30235,0.00213,0.01421,0.01650,
2382255838416,-0.14726,-0.13377,0.00933,0.68240,-0.41127,-0.52348,-0.30193,-0.00021,0.00971,0.01450,
2382355787416,-0.14707,-0.13333,0.00974,0.68240,-0.41130,-0.52341,-0.30201,0.00167,0.01296,0.01722,
2382455736411,-0.14717,-0.13326,0.00928,0.68245,-0.41118,-0.52352,-0.30185,-0.00065,0.00955,0.01265,
2382555685416,-0.14708,-0.13356,0.00963,0.68256,-0.41098,-0.52361,-0.30174,-0.00169,0.00295,0.01245,
2382655784416,-0.14701,-0.13401,0.00960,0.68257,-0.41100,-0.52357,-0.30175,-0.00108,0.00706,0.01271,
2382755733411,-0.14660,-0.13359,0.01021,0.68254,-0.41112,-0.52340,-0.30195,0.00422,0.01521,0.02056,
2382855682444,-0.14696,-0.13316,0.00997,0.68257,-0.41093,-0.52360,-0.30178,-0.00103,0.00899,0.01542,
