2736290238865,-0.00923,-0.02580,0.01527,0.65012,-0.32154,-0.55927,-0.40147
2736390337899,-0.00032,-0.03589,0.02570,0.64576,-0.33509,-0.55103,-0.40876
2736490286894,-0.01645,-0.01922,0.03599,0.62409,-0.36867,-0.53870,-0.42941
2736590235927,-0.01451,-0.00022,0.03609,0.59666,-0.39699,-0.52607,-0.45786
2736690334927,0.00522,0.01438,0.13073,0.58244,-0.42623,-0.51110,-0.46677
2736790283927,0.02381,0.03300,0.10380,0.56535,-0.43369,-0.50637,-0.48567
2736890232927,0.04505,0.02939,0.10904,0.56606,-0.44092,-0.50378,-0.48101
2736990181894,0.05118,0.02566,0.11032,0.57187,-0.42941,-0.51213,-0.47571
2737090280899,0.04401,0.02548,0.10482,0.58422,-0.41874,-0.51896,-0.46262
2737190229865,0.02649,0.03083,0.10394,0.59537,-0.40983,-0.52124,-0.45375
2737290178894,-0.00342,0.03603,0.09395,0.58711,-0.40787,-0.51715,-0.47063
2737390277927,-0.04254,0.03393,0.09737,0.58113,-0.41282,-0.50933,-0.48213
2737490226927,-0.08823,0.02261,0.14595,0.56828,-0.41285,-0.50392,-0.50267
2737590175898,-0.14044,-0.00099,0.15163,0.56763,-0.40326,-0.50717,-0.50789
2737690124927,-0.19422,-0.01771,0.11342,0.56436,-0.40574,-0.50262,-0.51404
2737790223927,-0.25553,-0.02191,0.10952,0.54581,-0.41287,-0.49411,-0.53618
2737890172903,-0.31946,-0.00808,0.10674,0.52545,-0.42564,-0.48586,-0.55378
2737990121894,-0.37964,0.01064,0.10128,0.51135,-0.44015,-0.47575,-0.56432
2738090220927,-0.43186,0.00213,0.12626,0.50681,-0.44297,-0.47535,-0.56653
2738190169927,-0.48099,-0.00308,0.09969,0.50078,-0.44918,-0.47063,-0.57094
2738290118927,-0.51995,-0.00021,0.11233,-0.49563,0.46153,0.45706,0.57658
2738390067927,-0.53951,-0.00381,0.13076,-0.48960,0.47152,0.43888,0.58765
2738490166927,-0.54802,-0.03700,0.13504,-0.48855,0.46660,0.42985,0.59902
2738590115932,-0.53849,-0.05450,0.13703,-0.47721,0.46282,0.43506,0.60728
2738690064927,-0.52353,-0.05020,0.14180,-0.47760,0.46398,0.43240,0.60799
2738790163927,-0.50865,-0.04399,0.14156,-0.48546,0.46053,0.43582,0.60191
2738890112894,-0.49241,-0.02678,0.14458,-0.48747,0.45203,0.44402,0.60074
2738990061927,-0.47863,-0.00678,0.13787,0.50937,-0.44294,-0.45509,-0.58073
2739090010898,-0.47170,0.00762,0.13486,0.53254,-0.42217,-0.47786,-0.55661
2739190111608,-0.47951,0.02257,0.18289,0.53990,-0.39352,-0.50249,-0.54878
2739290058927,-0.49862,0.03921,0.15110,0.54160,-0.36316,-0.52358,-0.54831
2739390007898,-0.52269,0.05738,0.13139,0.55448,-0.34250,-0.53756,-0.53505
2739490106898,-0.54952,0.07226,0.16537,0.57558,-0.33310,-0.54603,-0.50951
2739590055927,-0.57792,0.08840,0.14457,0.58461,-0.33323,-0.54876,-0.49604
2739690004898,-0.60146,0.09748,0.12169,0.57107,-0.34089,-0.54407,-0.51153
2739789953865,-0.62232,0.09878,0.12241,0.55569,-0.35692,-0.53397,-0.52791
2739890052931,-0.63680,0.09081,0.12438,0.55914,-0.38372,-0.51829,-0.52105
2739990001893,-0.65087,0.07533,0.12572,0.54925,-0.40511,-0.50226,-0.53099
2740089937205,-0.65548,0.05135,0.12956,0.54786,-0.42874,-0.48275,-0.53196
2740190018988,-0.65131,0.01299,0.14165,0.54088,-0.44590,-0.46307,-0.54239
2740289950796,-0.64172,-0.03072,0.15301,0.51325,-0.45463,-0.44598,-0.57531
2740389882610,-0.61940,-0.06702,0.16075,-0.49182,0.46379,0.42773,0.60005
2740489964388,-0.58269,-0.09681,0.16984,-0.49098,0.47616,0.40757,0.60506
2740589896202,-0.54394,-0.11186,0.17528,0.50733,-0.48500,-0.39500,-0.59276
2740689828039,-0.51997,-0.10740,0.15696,0.51571,-0.48925,-0.39733,-0.58035
2740789759819,-0.50218,-0.08845,0.13233,-0.49777,0.48668,0.41455,0.58611
2740889841597,-0.49496,-0.06786,0.09444,-0.47939,0.47830,0.43823,0.59107
2740989773439,-0.49065,-0.04336,0.11032,-0.49100,0.47244,0.46083,0.56864
2741089718927,-0.49208,-0.01062,0.08033,0.52939,-0.47219,-0.47682,-0.51905
2741189668760,-0.49546,0.01919,0.06508,0.57486,-0.47002,-0.48551,-0.46141
2741289766927,-0.50785,0.04574,0.07209,0.59220,-0.46066,-0.49199,-0.44163
2741389715898,-0.52110,0.05915,0.06627,0.59602,-0.44773,-0.49586,-0.44545
2741489664898,-0.53014,0.05574,0.09736,0.59782,-0.43448,-0.49579,-0.45611
2741589763869,-0.53526,0.04575,0.12938,0.60623,-0.42349,-0.48946,-0.46213
2741689712898,-0.53158,0.02874,0.15294,0.61961,-0.41578,-0.47815,-0.46322
2741789661893,-0.51870,0.01045,0.18116,0.61794,-0.41048,-0.46478,-0.48336
2741889760893,-0.48916,-0.01122,0.21570,0.57685,-0.40913,-0.45190,-0.54373
2741989709864,-0.45143,-0.02942,0.24601,0.55428,-0.41521,-0.43848,-0.57281
2742089658864,-0.41124,-0.04305,0.21561,0.54897,-0.42703,-0.42968,-0.57589
2742189607926,-0.37368,-0.04527,0.19370,0.53790,-0.43660,-0.43021,-0.57876
2742289706926,-0.34255,-0.04325,0.17104,0.54422,-0.44566,-0.43700,-0.56057
2742389655898,-0.33088,-0.04266,0.19329,0.53516,-0.44433,-0.45333,-0.55737
2742489604903,-0.34397,-0.03349,0.11412,0.50244,-0.42841,-0.47650,-0.58049
2742589707331,-0.36821,-0.02165,0.12578,-0.48621,0.40679,0.49900,0.59086
2742689652926,-0.40684,-0.01525,0.09021,-0.49603,0.38938,0.51651,0.57927
2742789601926,-0.45673,-0.00915,0.09819,0.50505,-0.36513,-0.53016,-0.57492
2742889550926,-0.51399,-0.01432,0.09915,-0.48130,0.33079,0.53682,0.60890
2742989649926,-0.56694,-0.01705,0.12292,-0.47181,0.30957,0.53695,0.62709
2743089598898,-0.60749,-0.03108,0.13905,-0.47828,0.30475,0.53172,0.62901
2743189548074,-0.62630,-0.05795,0.16019,0.50583,-0.31816,-0.52311,-0.60767
2743289646898,-0.62830,-0.09119,0.18179,0.51799,-0.33363,-0.50918,-0.60092
2743389595926,-0.60850,-0.12247,0.19166,0.52295,-0.35811,-0.49278,-0.59620
2743489544926,-0.56889,-0.14053,0.19412,0.52831,-0.39266,-0.47218,-0.58630
2743589493926,-0.51978,-0.14512,0.18651,0.51459,-0.42090,-0.45436,-0.59295
2743689592893,-0.46493,-0.13412,0.16871,0.50253,-0.44482,-0.43907,-0.59734
2743789541893,-0.40647,-0.12286,0.15771,0.52441,-0.46924,-0.42272,-0.57107
2743889490926,-0.35490,-0.10927,0.14298,0.52143,-0.48028,-0.41538,-0.57000
2743989589864,-0.30711,-0.09122,0.12497,-0.49824,0.48316,0.41512,0.58821
2744089538893,-0.25925,-0.07820,0.11865,0.50974,-0.48723,-0.41391,-0.57572
2744189487893,-0.21752,-0.06167,0.11895,0.54138,-0.48802,-0.41386,-0.54540
2744289436940,-0.19747,-0.05731,0.12122,0.53731,-0.47618,-0.42866,-0.54845
2744389535926,-0.19005,-0.05468,0.18208,0.53654,-0.45898,-0.44710,-0.54915
2744489484864,-0.20176,-0.05319,0.12528,0.52974,-0.43704,-0.46743,-0.55668
2744589433902,-0.22204,-0.05056,0.12152,0.52286,-0.41576,-0.48373,-0.56548
2744689532926,-0.24522,-0.05079,0.16382,0.51706,-0.40100,-0.49324,-0.57320
2744789481897,-0.27292,-0.04329,0.11786,0.50675,-0.39692,-0.49453,-0.58403
2744889430926,-0.29987,-0.03427,0.12200,0.50089,-0.40446,-0.48803,-0.58936
2744989379893,-0.32384,-0.02745,0.12274,0.52607,-0.42654,-0.47415,-0.56258
2745089478893,-0.34500,-0.02546,0.12022,0.56494,-0.45209,-0.45371,-0.52020
2745189427969,-0.36102,-0.02302,0.11783,0.63319,-0.47672,-0.42141,-0.44071
2745289376902,-0.37424,-0.02882,0.11800,0.67226,-0.48916,-0.39271,-0.39314
2745389475926,-0.38298,-0.04346,0.18200,0.65302,-0.49852,-0.38224,-0.42301
2745489424893,-0.38536,-0.05845,0.15044,0.60789,-0.50720,-0.37999,-0.47835
2745589373926,-0.36978,-0.06999,0.16754,0.57183,-0.51260,-0.37918,-0.51622
2745689322893,-0.34656,-0.07408,0.11152,0.53929,-0.51392,-0.38176,-0.54710
2745789421897,-0.31886,-0.07323,0.11512,0.52615,-0.51186,-0.38890,-0.55671
2745889370926,-0.28886,-0.07465,0.12408,0.54239,-0.50698,-0.39720,-0.53947
2745989319892,-0.26327,-0.07469,0.15150,0.54578,-0.49528,-0.41318,-0.53488
2746089418897,-0.23895,-0.07877,0.16719,0.55566,-0.48064,-0.43013,-0.52461
2746189367897,-0.22064,-0.08297,0.12593,0.57193,-0.46466,-0.44660,-0.50749
2746289316926,-0.20408,-0.09204,0.18752,0.58685,-0.44719,-0.46360,-0.49061
2746389265897,-0.19777,-0.09391,0.13035,0.59725,-0.42929,-0.48001,-0.47812
2746489364892,-0.20064,-0.10073,0.14711,0.59463,-0.40737,-0.49776,-0.48239
2746589313926,-0.21582,-0.10907,0.18858,0.58029,-0.38377,-0.51342,-0.50238
2746689262897,-0.24381,-0.10814,0.11464,0.56925,-0.36735,-0.52197,-0.51822
2746789361926,-0.27289,-0.10135,0.14061,0.54921,-0.35747,-0.52383,-0.54424
2746889310926,-0.30452,-0.08943,0.14441,0.52796,-0.35713,-0.52011,-0.56852
2746989259926,-0.33205,-0.07566,0.15426,0.51402,-0.36982,-0.51055,-0.58168
2747089208926,-0.36367,-0.05262,0.13487,-0.49637,0.38529,0.49801,0.59763
2747189307954,-0.39334,-0.02472,0.14965,-0.46739,0.39953,0.48233,0.62393
2747289256930,-0.41655,0.00328,0.16011,-0.46454,0.42088,0.46192,0.62745
2747389205892,-0.43177,0.02476,0.17305,-0.46428,0.43967,0.43964,0.63076
2747489304897,-0.43256,0.02877,0.18692,-0.47461,0.45988,0.41504,0.62530
2747589253897,-0.41668,0.01374,0.19378,-0.47945,0.47781,0.39317,0.62229
2747689202897,-0.39279,-0.00634,0.17362,-0.45710,0.48702,0.38243,0.63845
2747789151864,-0.35554,-0.01660,0.17389,-0.43361,0.48929,0.38229,0.65302
2747889250926,-0.30964,-0.02679,0.16136,-0.46496,0.49221,0.38810,0.62523
2747989199930,-0.26476,-0.03233,0.14691,-0.48263,0.48411,0.40393,0.60790
2748089148925,-0.21952,-0.04158,0.13912,0.50948,-0.47156,-0.42376,-0.58180
2748189247925,-0.17757,-0.05199,0.13686,0.53772,-0.45564,-0.44444,-0.55292
2748289196868,-0.14068,-0.05635,0.12903,0.56667,-0.43918,-0.46425,-0.52008
2748389145925,-0.10738,-0.05535,0.09554,0.58366,-0.42267,-0.48158,-0.49878
2748489094925,-0.07497,-0.05184,0.12980,0.59901,-0.40906,-0.49539,-0.47796
2748589193925,-0.05162,-0.04534,0.12916,0.60843,-0.40087,-0.50623,-0.46135
2748689142892,-0.03925,-0.04404,0.10022,0.60507,-0.39116,-0.51159,-0.46814
2748789091878,-0.04049,-0.04368,0.10884,0.60107,-0.40227,-0.50269,-0.47350
2748889190930,-0.03438,-0.05310,0.13122,0.59255,-0.39770,-0.50424,-0.48626
2748989139963,-0.02904,-0.04601,0.12172,0.60892,-0.40447,-0.50201,-0.46218
2749089088863,-0.02890,-0.03620,0.10844,0.62708,-0.41424,-0.49886,-0.43164
2749189037892,-0.03955,-0.02989,0.07319,0.63088,-0.41949,-0.50125,-0.41805
2749289136930,-0.05311,-0.02398,0.08498,0.62872,-0.41876,-0.50908,-0.41255
2749389085892,-0.05859,-0.02255,0.10547,0.61396,-0.41625,-0.51589,-0.42854
2749489034925,-0.05169,-0.01906,0.10616,0.64539,-0.42651,-0.50794,-0.37889
2749589133925,-0.04531,-0.01833,0.10667,0.67647,-0.43708,-0.49517,-0.32582
2749689082925,-0.05406,-0.02204,0.05654,0.66983,-0.43401,-0.49964,-0.33665
2749789031925,-0.05325,-0.02260,0.07317,0.67049,-0.43335,-0.49952,-0.33635
2749888980930,-0.05461,-0.02344,0.05025,0.67085,-0.43296,-0.50007,-0.33531
2749989079897,-0.05533,-0.02229,0.05824,0.67111,-0.43221,-0.50118,-0.33411
2750089028925,-0.05485,-0.02273,0.07231,0.67142,-0.43170,-0.50185,-0.33312
2750188977925,-0.05586,-0.02068,0.05875,0.67187,-0.43119,-0.50246,-0.33197
2750289076863,-0.05497,-0.02068,0.07595,0.67194,-0.43099,-0.50281,-0.33155
2750389025892,-0.05522,-0.02038,0.04897,0.67216,-0.43064,-0.50321,-0.33097
2750488974925,-0.05459,-0.02029,0.05592,0.67229,-0.43026,-0.50373,-0.33040
2750588923925,-0.05580,-0.02036,0.05450,0.67229,-0.43000,-0.50405,-0.33025
2750689022930,-0.05188,-0.01455,0.06282,0.67240,-0.42976,-0.50416,-0.33016
2750788971897,-0.05222,-0.01754,0.07790,0.67256,-0.42905,-0.50491,-0.32962
2750888920892,-0.05333,-0.01728,0.05733,0.67279,-0.42884,-0.50506,-0.32918
2750989019896,-0.05252,-0.01633,0.07789,0.67302,-0.42874,-0.50522,-0.32859
2751088968925,-0.05370,-0.01490,0.05860,0.67329,-0.42828,-0.50566,-0.32798
2751188917925,-0.05448,-0.01554,0.05307,0.67325,-0.42809,-0.50583,-0.32803
2751289016925,-0.05375,-0.01540,0.06018,0.67338,-0.42801,-0.50591,-0.32776
2751388965925,-0.05429,-0.01513,0.05118,0.67347,-0.42771,-0.50607,-0.32772
2751488914925,-0.05414,-0.01659,0.05671,0.67343,-0.42769,-0.50607,-0.32782
2751588863896,-0.05416,-0.01643,0.05650,0.67361,-0.42733,-0.50645,-0.32732
2751688962925,-0.05524,-0.01721,0.04995,0.67376,-0.42716,-0.50647,-0.32722
2751788911892,-0.05617,-0.01774,0.05306,0.67395,-0.42683,-0.50669,-0.32692
2751888860915,-0.05513,-0.01830,0.04855,0.67375,-0.42680,-0.50681,-0.32717
2751988959896,-0.05513,-0.01922,0.06675,0.67378,-0.42667,-0.50701,-0.32696
2752088908925,-0.05440,-0.01836,0.07961,0.67375,-0.42668,-0.50698,-0.32707
2752188857925,-0.05530,-0.01794,0.05670,0.67389,-0.42640,-0.50726,-0.32672
2752288806892,-0.05580,-0.01742,0.05565,0.67398,-0.42615,-0.50729,-0.32680
2752388905925,-0.05521,-0.01714,0.05865,0.67395,-0.42606,-0.50742,-0.32678
2752488854925,-0.05439,-0.01724,0.07942,0.67394,-0.42567,-0.50790,-0.32656
2752588803925,-0.05573,-0.01745,0.05314,0.67389,-0.42577,-0.50762,-0.32698
2752688902930,-0.05488,-0.01682,0.07292,0.67402,-0.42553,-0.50789,-0.32661
2752788851925,-0.05546,-0.01653,0.05434,0.67401,-0.42545,-0.50803,-0.32651
2752888800891,-0.05592,-0.01606,0.05443,0.67418,-0.42511,-0.50825,-0.32626
2752988749891,-0.05407,-0.01706,0.08883,0.67406,-0.42554,-0.50787,-0.32654
2753088848896,-0.05593,-0.01690,0.05542,0.67414,-0.42514,-0.50825,-0.32631
2753188797863,-0.05630,-0.01764,0.05564,0.67419,-0.42518,-0.50826,-0.32612
2753288746863,-0.05266,-0.01623,0.07165,0.67439,-0.42566,-0.50750,-0.32629
2753388845891,-0.05326,-0.01607,0.05187,0.67458,-0.42547,-0.50761,-0.32596
2753488794891,-0.05238,-0.01566,0.06985,0.67472,-0.42539,-0.50756,-0.32586
2753588743896,-0.05321,-0.01537,0.04603,0.67466,-0.42538,-0.50761,-0.32591
2753688692896,-0.05243,-0.01524,0.06614,0.67477,-0.42507,-0.50771,-0.32592
2753788791896,-0.05348,-0.01653,0.05716,0.67645,-0.42438,-0.50690,-0.32462
2753888741134,-0.05762,-0.02375,0.06070,0.69726,-0.42337,-0.50078,-0.28950
2753988689896,-0.08324,-0.03129,0.04833,0.70158,-0.41680,-0.50583,-0.27963
2754088788925,-0.11469,-0.04399,0.07527,0.68758,-0.40126,-0.52017,-0.30926
2754188737896,-0.14983,-0.06446,0.09489,0.68551,-0.38507,-0.52978,-0.31802
2754288686929,-0.18613,-0.08496,0.08000,0.67458,-0.36467,-0.54118,-0.34510
2754388636463,-0.22126,-0.10707,0.11870,0.66189,-0.34493,-0.55205,-0.37170
2754488734891,-0.26626,-0.13041,0.09453,0.65915,-0.32778,-0.56305,-0.37557
2754588683925,-0.31503,-0.15261,0.10455,0.65624,-0.30997,-0.57547,-0.37697
2754688632929,-0.35232,-0.17549,0.12168,0.66872,-0.30178,-0.58511,-0.34552
2754788731896,-0.39339,-0.18434,0.12919,0.67620,-0.29392,-0.59386,-0.32202
2754888680891,-0.44203,-0.19556,0.11763,0.67124,-0.27991,-0.60514,-0.32386
2754988629891,-0.48774,-0.21156,0.10916,0.67719,-0.27099,-0.61074,-0.30819
2755088554520,-0.52478,-0.23719,0.10716,0.68868,-0.26469,-0.61329,-0.28203
2755188622823,-0.55953,-0.25677,0.10194,0.70160,-0.26392,-0.61204,-0.25201
2755288541172,-0.57255,-0.27656,0.10018,0.73336,-0.28005,-0.59939,-0.15647
2755388459402,-0.58276,-0.28988,0.10472,0.71263,-0.26559,-0.60772,-0.22870
2755488527724,-0.58464,-0.28763,0.13534,0.70406,-0.25269,-0.61279,-0.25481
2755588446039,-0.58555,-0.27316,0.13022,0.70391,-0.23272,-0.61961,-0.25777
2755688364355,-0.57723,-0.28154,0.10968,0.70232,-0.20438,-0.62721,-0.26754
2755788282675,-0.56114,-0.27507,0.10244,0.71612,-0.18326,-0.63147,-0.23416
2755888350940,-0.53735,-0.27004,0.11106,0.73070,-0.16056,-0.63373,-0.19668
2755988269256,-0.50800,-0.26553,0.10980,0.74785,-0.13752,-0.63350,-0.14310
2756088211310,-0.47858,-0.28603,0.12419,0.75316,-0.09215,-0.63226,-0.15658
2756188310282,-0.44844,-0.30743,0.14448,0.76410,-0.05328,-0.62855,-0.13504
2756288259282,-0.42395,-0.33898,0.15614,0.77467,-0.01941,-0.62702,-0.07971
2756388208310,-0.41975,-0.38090,0.17538,0.77885,0.01285,-0.62702,-0.00871
2756488157282,-0.41994,-0.44077,0.15777,0.77889,0.04823,-0.62507,0.01712
2756588256272,-0.44281,-0.49226,0.15999,0.77520,0.07665,-0.62534,0.04631
2756688205282,-0.47092,-0.54824,0.15508,0.77534,0.10078,-0.62300,0.02366
2756788154282,-0.49187,-0.58765,0.14186,0.77305,0.10983,-0.62458,-0.01503
2756888253277,-0.54040,-0.61030,0.11026,0.76485,0.10359,-0.63540,-0.02328
2756988202277,-0.58628,-0.62947,0.08760,0.75697,0.09109,-0.64589,-0.03900
2757088151310,-0.63381,-0.65026,0.07792,0.75008,0.07117,-0.65713,-0.02197
2757188100310,-0.67617,-0.67238,0.06555,0.74706,0.05320,-0.66186,-0.03183
2757288199253,-0.71549,-0.68192,0.06365,0.74334,0.02232,-0.66844,0.01108
2757388148315,-0.76215,-0.69879,0.06580,0.74141,0.00444,-0.67065,0.02268
2757488097282,-0.82189,-0.71052,0.07831,0.74109,-0.00735,-0.67098,0.02267
2757588196310,-0.86757,-0.71183,0.06178,0.74150,-0.01871,-0.66989,0.03280
2757688145310,-0.89298,-0.70687,0.07355,0.74188,-0.02264,-0.66795,0.05421
2757788094248,-0.93724,-0.71577,0.07513,0.74143,-0.00692,-0.66872,0.05523
2757888043310,-0.96339,-0.72915,0.07436,0.74186,0.01768,-0.66875,0.04582
2757988142281,-0.98128,-0.73659,0.06845,0.74255,0.04515,-0.66733,0.03545
2758088091277,-1.02961,-0.75575,0.09006,0.74183,0.07525,-0.66512,0.04048
2758188040281,-1.08087,-0.78581,0.08250,0.74089,0.10535,-0.66138,0.05059
2758288139310,-1.13039,-0.82076,0.06848,0.73797,0.12788,-0.65906,0.06844
2758388088310,-1.18213,-0.85382,0.06911,0.73520,0.13969,-0.65795,0.08408
2758488037310,-1.21646,-0.89168,0.08302,0.73956,0.15075,-0.65294,0.06314
2758587986277,-1.26212,-0.93681,0.06219,0.74164,0.15425,-0.65075,0.05196
2758688085277,-1.28342,-0.96688,0.07492,0.74166,0.14444,-0.65281,0.05406
2758788034310,-1.30654,-1.00171,0.07423,0.73827,0.12623,-0.65858,0.07270
2758887983281,-1.31470,-1.04062,0.10853,0.73524,0.10722,-0.66360,0.08694
2758988082281,-1.30566,-1.06463,0.06577,0.72968,0.07877,-0.66823,0.12173
2759088031310,-1.29792,-1.09034,0.07056,0.72851,0.05606,-0.67068,0.12775
2759187980277,-1.29163,-1.09699,0.05729,0.73439,0.03885,-0.67259,0.08239
2759287929286,-1.30317,-1.07845,0.05133,0.72852,0.00140,-0.67567,0.11278
2759388028281,-1.32273,-1.04414,0.04336,0.73094,-0.00700,-0.67873,0.07068
2759487977310,-1.34648,-0.99999,0.04358,0.73225,-0.00204,-0.68015,0.03463
2759587926276,-1.35466,-0.93470,0.05246,0.73267,0.00874,-0.67949,0.03751
2759688025281,-1.35251,-0.88591,0.05405,0.73433,0.03575,-0.67667,0.03988
2759787974310,-1.36640,-0.84281,0.07068,0.72876,0.05754,-0.67498,0.09999
2759887923310,-1.37822,-0.80222,0.09229,0.72689,0.08502,-0.67077,0.12028
2759987872281,-1.38004,-0.77609,0.09616,0.73023,0.11565,-0.66347,0.11486
2760087971314,-1.36326,-0.76396,0.05579,0.73141,0.14021,-0.65628,0.12117
2760187920281,-1.32655,-0.76370,0.09986,0.73258,0.15592,-0.65189,0.11855
2760287869310,-1.29673,-0.78880,0.07690,0.73114,0.15482,-0.65359,0.11954
2760387968310,-1.25539,-0.82448,0.06538,0.73039,0.14374,-0.65806,0.11328
2760487917281,-1.20996,-0.87015,0.09449,0.72854,0.12188,-0.66455,0.11291
2760587866305,-1.16752,-0.91980,0.05364,0.73053,0.10341,-0.66883,0.09111
2760687965310,-1.12599,-0.97171,0.04947,0.73351,0.09137,-0.67094,0.05887
2760787914310,-1.08056,-1.01198,0.04306,0.73527,0.07929,-0.67215,0.03616
2760887863248,-1.03984,-1.04403,0.03542,0.73622,0.06770,-0.67294,0.02345
2760987812281,-1.00407,-1.05123,0.03673,0.73811,0.05822,-0.67215,-0.00451
2761087911281,-0.98239,-1.03886,0.03444,0.73614,0.04826,-0.67471,0.02337
2761187860281,-0.95914,-1.00981,0.03708,0.73732,0.06670,-0.67217,-0.01030
2761287809257,-0.93673,-0.95134,0.02874,0.73670,0.08441,-0.67085,-0.01048
2761387908252,-0.92460,-0.88024,0.05180,0.73649,0.09893,-0.66891,0.01913
2761487857309,-0.89268,-0.80958,0.06229,0.73689,0.11207,-0.66434,0.05553
2761587806262,-0.86483,-0.74926,0.07575,0.73634,0.12853,-0.65890,0.08444
2761687756362,-0.82206,-0.70484,0.06917,0.73624,0.15191,-0.65194,0.09926
2761787854309,-0.76205,-0.67638,0.07600,0.74234,0.17623,-0.64141,0.08037
2761887803276,-0.72113,-0.66667,0.07493,0.74272,0.18639,-0.63721,0.08712
2761987752276,-0.66879,-0.66977,0.08290,0.74081,0.18008,-0.64099,0.08884
2762087851286,-0.61614,-0.69036,0.10020,0.73970,0.16980,-0.64694,0.07404
2762187800276,-0.56321,-0.71900,0.06232,0.73914,0.15269,-0.65363,0.05590
2762287749309,-0.50827,-0.76713,0.04472,0.73822,0.13447,-0.65887,0.05330
2762387698309,-0.45278,-0.82201,0.05183,0.73573,0.11365,-0.66383,0.07149
2762487797309,-0.39817,-0.87348,0.03699,0.73866,0.09999,-0.66493,0.04743
2762587746276,-0.35130,-0.91059,0.03261,0.73967,0.08142,-0.66723,0.03245
2762687695309,-0.31111,-0.92661,0.03751,0.74163,0.06176,-0.66796,0.00118
2762787794276,-0.27959,-0.92735,0.03029,0.74190,0.04528,-0.66847,-0.02608
2762887743309,-0.25823,-0.90951,0.02879,0.73988,0.03212,-0.67193,-0.00767
2762987692276,-0.22749,-0.87203,0.02806,0.73951,0.04166,-0.67167,-0.01614
2763087641309,-0.19406,-0.82386,0.03412,0.73930,0.05865,-0.67082,0.00083
2763187740281,-0.14455,-0.77225,0.02236,0.74088,0.08228,-0.66648,0.01122
2763287689314,-0.10061,-0.72296,0.04757,0.74259,0.10765,-0.66025,0.03238
2763387638309,-0.05621,-0.67028,0.07242,0.74059,0.12685,-0.65601,0.07135
2763487737281,-0.00923,-0.62342,0.07224,0.74236,0.15300,-0.64835,0.07166
2763587686281,0.02588,-0.58967,0.07626,0.75025,0.18434,-0.63366,0.04027
2763687635281,0.06118,-0.56811,0.06889,0.75154,0.20185,-0.62652,0.04373
2763787584276,0.11121,-0.56182,0.09383,0.74554,0.20561,-0.62969,0.07338
2763887683309,0.15534,-0.57304,0.05823,0.74259,0.20477,-0.63317,0.07563
2763987632309,0.21018,-0.59549,0.05739,0.73434,0.18919,-0.64489,0.09526
2764087581285,0.28095,-0.63029,0.07936,0.73085,0.16687,-0.65486,0.09576
2764187680276,0.33507,-0.67270,0.08335,0.73213,0.14764,-0.65976,0.08309
2764287629309,0.39071,-0.70969,0.04265,0.72787,0.12162,-0.66721,0.10123
2764387578276,0.44077,-0.74665,0.04516,0.72240,0.09657,-0.67182,0.13221
2764487527309,0.48414,-0.78217,0.05083,0.72691,0.08642,-0.67128,0.11622
2764587626280,0.52948,-0.80573,0.05298,0.73357,0.08397,-0.66983,0.07848
2764687575280,0.58567,-0.80921,0.05211,0.73335,0.07875,-0.66982,0.08570
2764787524280,0.64656,-0.79189,0.05487,0.72748,0.07671,-0.66970,0.12800
2764887623309,0.69736,-0.76179,0.03161,0.71985,0.08692,-0.66865,0.16484
2764987572276,0.74284,-0.72355,0.03346,0.71217,0.10745,-0.66580,0.19487
2765087521280,0.77895,-0.67523,0.04233,0.71969,0.14107,-0.65825,0.16988
2765187470314,0.81522,-0.61288,0.04360,0.71328,0.17083,-0.65109,0.19527
2765287569290,0.84590,-0.55887,0.03798,0.70229,0.20517,-0.64198,0.22927
2765387518280,0.85691,-0.51539,0.03908,0.69562,0.24409,-0.62754,0.25046
2765487467309,0.88052,-0.47518,0.03855,0.68746,0.28568,-0.60886,0.27399
2765587566309,0.90828,-0.43977,0.03051,0.67199,0.32622,-0.58927,0.30783
2765687515309,0.93710,-0.40116,0.02348,0.65809,0.36758,-0.56516,0.33525
2765787464309,0.97689,-0.35364,0.01979,0.63789,0.40561,-0.53949,0.37084
2765887413309,1.01759,-0.30882,0.04076,0.61040,0.44148,-0.51095,0.41406
2765987512285,1.03456,-0.27378,0.04809,0.59179,0.46900,-0.48363,0.44263
2766087461314,1.05244,-0.21757,0.01001,0.57384,0.49175,-0.45922,0.46691
2766187410309,1.06246,-0.15837,0.02030,0.54521,0.51113,-0.43911,0.49867
2766287509280,1.05045,-0.11126,-0.03113,0.52032,0.53066,-0.41668,0.52349
2766387458309,1.03373,-0.06018,-0.04188,0.49361,0.54449,-0.40058,0.54719
2766487407280,1.01128,-0.00652,-0.02889,0.47073,0.55573,-0.38647,0.56588
2766587356280,0.99102,0.04924,-0.02628,0.47999,0.57047,-0.36082,0.56035
2766687455556,0.97845,0.10801,-0.02046,0.49193,0.58043,-0.33378,0.55650
2766787404313,0.97802,0.16241,0.00942,0.48134,0.58781,-0.31583,0.56837
2766887353280,0.98341,0.21302,0.02026,0.42629,0.59211,-0.31890,0.60497
2766987452309,0.99618,0.26172,0.02182,0.40971,0.59001,-0.32421,0.61556
2767087401252,1.00461,0.31935,0.00937,0.42622,0.58443,-0.33102,0.60598
2767187350280,1.00627,0.35298,0.00949,0.41586,0.57749,-0.34724,0.61073
2767287299313,1.00974,0.39383,0.00829,0.40684,0.56803,-0.36700,0.61412
2767387398280,1.00999,0.43172,0.00678,0.40512,0.56033,-0.38350,0.61224
2767487347313,1.00963,0.48515,-0.04816,0.40307,0.55546,-0.39505,0.61069
2767587296275,1.00247,0.53992,-0.00155,0.40345,0.55084,-0.40296,0.60944
2767687395309,0.97888,0.59582,0.00013,0.42617,0.55100,-0.40032,0.59541
2767787344309,0.94009,0.65731,0.00052,0.44002,0.55778,-0.38983,0.58592
2767887293280,0.89645,0.71307,0.00832,0.44213,0.57147,-0.36939,0.58438
2767987242275,0.84523,0.75468,0.00754,0.42947,0.58515,-0.34606,0.59447
2768087343361,0.78928,0.78174,0.01575,0.41647,0.59733,-0.32235,0.60485
2768187290270,0.73349,0.80575,0.01851,0.40403,0.60872,-0.29891,0.61390
2768287239308,0.68644,0.83890,0.01895,0.41849,0.61854,-0.26935,0.60805
2768387338280,0.64436,0.90026,0.04096,0.40264,0.62642,-0.25110,0.61840
2768487287275,0.61769,0.95478,0.02041,0.35966,0.62748,-0.25344,0.64241
2768587236308,0.59943,1.01417,0.02344,0.35366,0.62043,-0.26536,0.64775
2768687185280,0.59244,1.07484,0.03997,0.36502,0.61178,-0.28603,0.64084
2768787284280,0.59823,1.13432,0.04826,0.36898,0.59835,-0.31459,0.63786
2768887233308,0.61275,1.19560,0.03752,0.39374,0.58450,-0.34019,0.62257
2768987182280,0.62873,1.25641,0.03823,0.39887,0.56894,-0.37043,0.61643
2769087281280,0.64438,1.31123,0.01139,0.39074,0.55326,-0.39945,0.61778
2769187230246,0.66552,1.36234,0.02711,0.43280,0.54668,-0.41132,0.58706
2769287179308,0.68453,1.40849,0.02632,0.45197,0.53856,-0.41867,0.57480
2769387128308,0.68073,1.45825,0.00807,0.45610,0.53351,-0.42211,0.57373
2769487227313,0.67234,1.49944,-0.00426,0.44958,0.53837,-0.41877,0.57677
2769587176308,0.65089,1.54279,0.00449,0.44464,0.54774,-0.40652,0.58053
2769687125275,0.62018,1.59476,0.00579,0.46205,0.56115,-0.38307,0.56998
2769787224275,0.57925,1.64570,0.03192,0.44179,0.57385,-0.36406,0.58564
2769887173246,0.54532,1.68144,0.03884,0.42405,0.59136,-0.33445,0.59885
2769987122280,0.51551,1.72491,0.05907,0.39844,0.60955,-0.30183,0.61530
2770087212835,0.49640,1.75972,-0.00232,0.38840,0.62671,-0.26106,0.62307
2770187150741,0.47860,1.80332,0.02820,0.35560,0.63771,-0.22574,0.64491
2770287088618,0.46848,1.86001,0.06408,0.31454,0.64685,-0.19002,0.66823
2770387026552,0.45762,1.91867,0.06763,0.21567,0.65325,-0.16955,0.70570
2770487114412,0.43980,1.98578,0.07973,0.13775,0.65472,-0.14894,0.72813
2770587052347,0.41687,2.05306,0.05063,0.11153,0.65548,-0.11603,0.73786
2770686990233,0.39049,2.09533,0.06870,0.01459,0.65310,-0.10162,0.75028
2770787078113,0.35922,2.13008,0.02357,-0.03297,0.65551,-0.08313,0.74988
2770887016047,0.31745,2.17263,0.02904,-0.06915,0.65875,-0.07329,0.74559
2770986953953,0.26358,2.21162,0.02879,-0.09228,0.66261,-0.06591,0.74033
2771086900308,0.22434,2.22387,0.05675,-0.08604,0.66665,-0.06010,0.73794
2771186999275,0.19554,2.20844,0.09054,-0.06780,0.67234,-0.05369,0.73518
2771286948308,0.14455,2.19075,0.00442,-0.07744,0.67793,-0.04466,0.72967
2771386897251,0.10931,2.15600,-0.00408,-0.04936,0.68313,-0.01597,0.72845
2771486996313,0.07094,2.11832,-0.01545,-0.04752,0.68494,0.01577,0.72687
2771586945279,0.02209,2.07761,0.01781,-0.08004,0.68424,0.04557,0.72341
2771686894308,-0.03624,2.03993,0.02737,-0.08442,0.67871,0.08065,0.72506
2771786843308,-0.08996,1.99915,0.05511,-0.09875,0.66965,0.10935,0.72792
2771886942308,-0.14568,1.96041,0.07070,-0.11686,0.65686,0.13555,0.73246
2771986891308,-0.20272,1.92521,0.09277,-0.11820,0.64200,0.16064,0.74031
2772086840308,-0.25187,1.89654,0.11716,-0.12228,0.62770,0.18247,0.74682
2772186939313,-0.30578,1.88310,0.15633,-0.17552,0.61693,0.19712,0.74143
2772286888308,-0.36375,1.87559,0.17046,-0.22930,0.60854,0.20474,0.73156
2772386837275,-0.41107,1.87994,0.18060,-0.25148,0.60363,0.20736,0.72759
2772486786246,-0.48765,1.87803,0.18548,-0.25079,0.60633,0.19516,0.72896
2772586885275,-0.55037,1.88543,0.19445,-0.24534,0.61438,0.17617,0.72890
2772686834279,-0.64022,1.88696,0.17770,-0.24841,0.62566,0.15049,0.72401
2772786783308,-0.73326,1.88362,0.16255,-0.27760,0.63335,0.11519,0.71312
2772886882308,-0.79803,1.87439,0.17500,-0.28485,0.63661,0.09127,0.71082
2772986831274,-0.87284,1.85025,0.19446,-0.23150,0.64245,0.08586,0.72547
2773086780246,-0.89119,1.80763,0.17450,-0.28469,0.64734,0.06796,0.70377
2773186729251,-0.90914,1.74801,0.15105,-0.27442,0.65550,0.07080,0.70000
2773286828274,-0.91178,1.68724,0.18764,-0.23640,0.66385,0.08936,0.70387
2773386777284,-0.90688,1.62262,0.10903,-0.22966,0.66740,0.10651,0.70035
2773486726255,-0.90404,1.55084,0.12524,-0.24068,0.66695,0.12224,0.69448
2773586825251,-0.91859,1.47411,0.15560,-0.25175,0.66159,0.14140,0.69204
2773686774279,-0.92612,1.40945,0.12998,-0.26704,0.65381,0.16252,0.68906
2773786723279,-0.94938,1.34934,0.17248,-0.29995,0.64562,0.18574,0.67728
2773886672279,-0.97361,1.31174,0.13240,-0.31346,0.63333,0.21531,0.67400
2773986771246,-1.00915,1.27142,0.15864,-0.32791,0.61718,0.24253,0.67286
2774086720308,-1.05452,1.24315,0.16779,-0.31519,0.59629,0.27434,0.68544
2774186669255,-1.11311,1.20457,0.17672,-0.32824,0.57967,0.29769,0.68383
2774286768279,-1.17814,1.17139,0.17902,-0.35633,0.56660,0.31715,0.67187
2774386717269,-1.25588,1.14728,0.18605,-0.38825,0.55547,0.33496,0.65461
2774486666308,-1.32785,1.13904,0.20062,-0.40214,0.54564,0.34539,0.64905
2774586615274,-1.39774,1.14465,0.19955,-0.39159,0.54357,0.34719,0.65624
2774686714274,-1.46613,1.13569,0.19281,-0.43981,0.55853,0.33080,0.62063
2774786663308,-1.51766,1.13965,0.18180,-0.49347,0.57599,0.29960,0.57876
2774886612307,-1.57407,1.13411,0.17024,0.53846,-0.58628,-0.26843,-0.54248
2774986711307,-1.62585,1.12799,0.15036,0.51286,-0.59707,-0.25501,-0.56164
2775086660279,-1.66531,1.10632,0.15304,-0.45794,0.60620,0.24907,0.60064
2775186609274,-1.69632,1.06048,0.09801,-0.46858,0.61118,0.23243,0.59403
2775286558279,-1.70169,1.03570,0.14809,-0.44023,0.60995,0.24492,0.61170
2775386657350,-1.71425,0.99106,0.16036,-0.42661,0.60324,0.26925,0.61775
2775486606279,-1.71098,0.94515,0.12160,-0.44199,0.59362,0.29788,0.60293
2775586555279,-1.70385,0.89714,0.13421,-0.44815,0.57865,0.33254,0.59476
2775686654279,-1.69986,0.84398,0.09042,-0.46296,0.56045,0.36495,0.58170
2775786603307,-1.69912,0.78755,0.07694,-0.48011,0.53787,0.40263,0.56399
2775886552307,-1.69825,0.73015,0.11754,0.52013,-0.51659,-0.43629,-0.52177
2775986501274,-1.70683,0.67622,0.10804,0.54462,-0.48785,-0.47268,-0.49190
2776086600274,-1.71862,0.62861,0.13289,0.56579,-0.45439,-0.50557,-0.46671
2776186549283,-1.73493,0.59895,0.13423,0.58509,-0.41950,-0.53174,-0.44604
2776286498307,-1.76822,0.55960,0.13327,0.58509,-0.38654,-0.55425,-0.44841
2776386597279,-1.80213,0.51248,0.12291,0.60231,-0.37817,-0.56062,-0.42416
2776486546307,-1.83152,0.46830,0.12943,0.61030,-0.38490,-0.55669,-0.41168
2776586495274,-1.86757,0.42203,0.12670,0.61132,-0.39995,-0.54799,-0.40747
2776686444245,-1.90162,0.34755,0.12010,0.61343,-0.41573,-0.53601,-0.40443
2776786543307,-1.93502,0.27401,0.12979,0.62336,-0.43251,-0.51884,-0.39390
2776886492283,-1.96551,0.22252,0.13510,0.63685,-0.44796,-0.49890,-0.38058
2776986441307,-1.98941,0.16448,0.13857,0.64685,-0.46289,-0.47899,-0.37133
2777086540274,-1.99527,0.10651,0.06739,0.63631,-0.47513,-0.46479,-0.39158
2777186489307,-1.98490,0.06073,0.06849,0.58548,-0.47604,-0.46678,-0.46122
2777286438279,-1.95411,0.02584,0.18961,0.59585,-0.47266,-0.47267,-0.44512
2777386387264,-1.92966,-0.02622,0.12668,0.59912,-0.45394,-0.49717,-0.43339
2777486486307,-1.89843,-0.08245,0.11556,0.59863,-0.42416,-0.52807,-0.42763
2777586435307,-1.84926,-0.13525,0.09092,0.61911,-0.39239,-0.55390,-0.39487
2777686384307,-1.80593,-0.19235,0.10888,0.63624,-0.35275,-0.57920,-0.36781
2777786483278,-1.75904,-0.23774,0.11213,0.66275,-0.31235,-0.59862,-0.32382
2777886432307,-1.71395,-0.28775,0.10777,0.68352,-0.26971,-0.61698,-0.28175
2777986381245,-1.66961,-0.32142,0.14294,0.70082,-0.23089,-0.63181,-0.23740
2778086330307,-1.62794,-0.35260,0.12795,0.71577,-0.19954,-0.64287,-0.18594
2778186429312,-1.59659,-0.38557,0.09410,0.71740,-0.16493,-0.65395,-0.17459
2778286378307,-1.56780,-0.43210,0.07258,0.71717,-0.14066,-0.66029,-0.17294
2778386327307,-1.55884,-0.47570,0.03879,0.72285,-0.13820,-0.66108,-0.14618
2778486426307,-1.54719,-0.52644,-0.03211,0.73355,-0.15753,-0.65495,-0.09021
2778586375274,-1.53547,-0.58523,0.01625,0.73812,-0.18222,-0.64482,-0.07856
2778686324278,-1.52610,-0.65281,0.04856,0.72848,-0.20016,-0.64115,-0.13482
2778786273274,-1.52608,-0.68796,0.03914,0.72026,-0.22639,-0.63288,-0.17154
2778886372312,-1.51872,-0.71335,-0.03561,0.70969,-0.24335,-0.62753,-0.20812
2778986321307,-1.48492,-0.73795,-0.03481,0.70590,-0.24296,-0.62996,-0.21408
2779086270278,-1.44599,-0.75671,-0.04248,0.70472,-0.21867,-0.64012,-0.21399
2779186369278,-1.40392,-0.77059,-0.04511,0.70949,-0.17715,-0.65396,-0.19387
2779286318274,-1.36863,-0.77752,-0.10248,0.72396,-0.13400,-0.66634,-0.11795
2779386267245,-1.31444,-0.78922,0.00272,0.72715,-0.07818,-0.67446,-0.10116
2779486216307,-1.23476,-0.79937,0.04236,0.73252,-0.03669,-0.67797,-0.04928
2779586315307,-1.14995,-0.80351,0.04870,0.73421,0.00491,-0.67881,-0.01142
2779686264278,-1.06697,-0.80137,0.05594,0.73598,0.04111,-0.67575,0.00200
2779786213278,-0.99168,-0.77791,0.04352,0.72932,0.04842,-0.67525,0.09895
2779886312307,-0.93015,-0.75963,0.02505,0.71422,0.05993,-0.67320,0.18191
2779986261307,-0.84960,-0.76106,0.07777,0.71571,0.09196,-0.66987,0.17486
2780086210278,-0.77703,-0.76714,0.07618,0.71621,0.11035,-0.66452,0.18245
2780186309307,-0.69910,-0.78726,0.07804,0.71879,0.12259,-0.65645,0.19334
2780286258278,-0.60514,-0.81428,0.09846,0.72662,0.13076,-0.64886,0.18412
2780386207278,-0.53886,-0.83429,0.09889,0.72718,0.12549,-0.64775,0.18941
2780486156278,-0.49010,-0.84264,0.10469,0.72205,0.10142,-0.65091,0.21138
2780586255278,-0.43976,-0.84575,0.09221,0.72152,0.07652,-0.65665,0.20584
2780686204283,-0.39009,-0.84589,0.07265,0.72285,0.06020,-0.66453,0.17963
2780786153249,-0.34285,-0.83402,0.04447,0.72597,0.04274,-0.67161,0.14173
2780886252316,-0.29410,-0.81698,0.03091,0.72038,0.01804,-0.67527,0.15729
2780986201245,-0.23118,-0.79856,0.03555,0.72123,0.02143,-0.67643,0.14769
2781086150307,-0.17956,-0.79395,0.03865,0.73238,0.06226,-0.67373,0.07632
2781186099307,-0.12541,-0.77733,0.03670,0.73478,0.10368,-0.66716,0.06516
2781286198245,-0.06212,-0.75047,0.02699,0.73520,0.14548,-0.65820,0.07138
2781386147273,-0.00717,-0.71385,0.02408,0.73593,0.17611,-0.64852,0.08259
2781486096402,0.05486,-0.67222,0.05616,0.72649,0.19245,-0.64604,0.13343
2781586195283,0.10935,-0.63896,0.05473,0.70797,0.20418,-0.64634,0.19834
2781686144306,0.18398,-0.60968,0.03996,0.70503,0.22104,-0.64101,0.20780
2781786093306,0.25014,-0.58839,0.05501,0.70672,0.22171,-0.63849,0.20911
2781886042306,0.31261,-0.57966,0.05461,0.70746,0.20748,-0.64107,0.21327
2781986141306,0.37049,-0.57976,0.06776,0.71107,0.18741,-0.64594,0.20497
2782086090306,0.43932,-0.57527,0.07412,0.72241,0.16874,-0.64987,0.16529
2782186039273,0.50101,-0.57289,0.08713,0.72809,0.14643,-0.65200,0.15279
2782286138306,0.57838,-0.56543,0.09992,0.72527,0.12289,-0.65314,0.17972
2782386087306,0.65937,-0.56299,0.10703,0.71956,0.10521,-0.65314,0.21109
2782486036273,0.73007,-0.55741,0.10835,0.72289,0.09589,-0.65421,0.20062
2782585985278,0.78131,-0.54760,0.10889,0.73556,0.09822,-0.65575,0.13892
2782686084278,0.81672,-0.52103,0.10079,0.72496,0.08915,-0.65896,0.17957
2782786033278,0.85059,-0.48137,0.09386,0.69416,0.08948,-0.65510,0.28459
2782885982278,0.89960,-0.44800,0.09316,0.70495,0.14635,-0.64974,0.24387
2782986081278,0.93611,-0.41154,0.08872,0.70806,0.20994,-0.63282,0.23263
2783086030306,0.95312,-0.35976,0.08757,0.68999,0.25140,-0.61775,0.28125
2783185979273,0.97873,-0.29872,0.07949,0.66450,0.28986,-0.60180,0.33505
2783285928306,1.00218,-0.23707,0.06869,0.66191,0.33450,-0.57824,0.34003
2783386027306,1.02396,-0.16550,0.05980,0.65017,0.36926,-0.55565,0.36357
2783485976335,1.02250,-0.10140,0.05212,0.63396,0.39544,-0.53458,0.39490
2783585925311,1.01053,-0.04080,0.06010,0.60604,0.41423,-0.51826,0.43879
2783686024278,1.01977,0.04795,0.04779,0.57161,0.43152,-0.50481,0.48189
2783785973306,1.03103,0.14322,0.04383,0.55764,0.45354,-0.48636,0.49678
2783885922306,1.01818,0.21284,0.04649,0.56259,0.47562,-0.46475,0.49120
2783985871278,1.00221,0.28167,0.04533,0.54699,0.49663,-0.44558,0.50559
2784085970306,0.98399,0.34802,0.02242,0.51250,0.51969,-0.42494,0.53544
2784185919273,0.97556,0.41966,0.04774,0.48288,0.54318,-0.39803,0.55978
2784285868278,0.97225,0.49088,-0.00229,0.46168,0.56467,-0.36726,0.57717
2784385967306,0.97121,0.55096,0.03054,0.44376,0.58230,-0.33472,0.59327
2784485916306,0.96188,0.60303,0.01880,0.42169,0.59317,-0.31113,0.61116
2784585865306,0.95379,0.63208,0.03223,0.39751,0.60621,-0.28843,0.62555
2784685814306,0.95762,0.68464,0.02532,0.44107,0.61275,-0.26201,0.60112
2784785913277,0.96093,0.71299,0.02159,0.47314,0.61586,-0.24618,0.57986
2784885862306,0.95820,0.75157,0.05236,0.42177,0.61671,-0.27138,0.60674
2784985811263,0.95524,0.79826,0.04971,0.36764,0.60813,-0.30635,0.63338
2785085898435,0.94887,0.86436,0.00153,0.36361,0.59459,-0.33096,0.63618
2785185831643,0.94299,0.93891,-0.00349,0.39943,0.58196,-0.34486,0.61874
2785285764851,0.93876,1.00946,0.00262,0.45793,0.57252,-0.35198,0.58192
2785385698025,0.92541,1.06206,0.01624,0.47615,0.56416,-0.36475,0.56742
2785485781243,0.90855,1.10949,0.00397,0.45424,0.55092,-0.38584,0.58419
2785585714456,0.89413,1.16144,0.00323,0.46496,0.54257,-0.39396,0.57812
2785685647597,0.87499,1.22209,0.01615,0.47338,0.54923,-0.38567,0.57054
2785785730810,0.84437,1.28312,-0.00015,0.44121,0.56266,-0.37128,0.59237
2785885664052,0.80420,1.34816,-0.00425,0.43290,0.58407,-0.33931,0.59694
2785985597226,0.75974,1.42751,0.04131,0.40788,0.60430,-0.30316,0.61364
2786085542306,0.70970,1.47857,0.03269,0.37918,0.62116,-0.26246,0.63364
2786185641249,0.66068,1.53391,0.03114,0.35812,0.63534,-0.21991,0.64786
2786285590311,0.61501,1.57835,0.04323,0.33293,0.64630,-0.18360,0.66162
2786385539244,0.57133,1.59543,0.03151,0.32665,0.65346,-0.14871,0.66646
2786485638244,0.52771,1.60716,0.02610,0.31643,0.65946,-0.12237,0.67082
2786585587306,0.47113,1.62780,0.01731,0.25743,0.66797,-0.11035,0.68947
2786685536306,0.42305,1.64894,-0.00559,0.20007,0.67376,-0.09078,0.70554
2786785485272,0.37291,1.68711,-0.02354,0.16390,0.67409,-0.06825,0.71700
2786885584244,0.31586,1.72506,-0.00988,0.07124,0.67231,-0.07915,0.73257
2786985533306,0.25842,1.75061,0.00500,-0.01165,0.66452,-0.10038,0.74041
2787085482253,0.19525,1.77668,0.01482,0.03296,0.66229,-0.09941,0.74189
2787185581349,0.12920,1.79143,0.01496,0.04118,0.66063,-0.10392,0.74235
2787285530306,0.07437,1.79091,0.05330,0.04698,0.66123,-0.09819,0.74224
2787385479306,0.02349,1.78831,0.04155,0.06737,0.66698,-0.07210,0.73851
2787485428272,-0.03465,1.78800,0.02471,0.05983,0.67353,-0.03509,0.73590
2787585527310,-0.09016,1.78170,0.01000,0.05385,0.67688,0.01264,0.73401
2787685476272,-0.15030,1.77063,0.03652,0.02620,0.67490,0.05791,0.73516
2787785425277,-0.20427,1.75754,0.04772,-0.00677,0.66746,0.09907,0.73799
2787885524306,-0.25813,1.74712,0.07091,-0.05817,0.66100,0.13330,0.73615
2787985473277,-0.30707,1.73616,0.05887,-0.07434,0.65136,0.17383,0.73484
2788085422277,-0.35261,1.72705,0.06263,-0.09154,0.64182,0.20333,0.73372
2788185371277,-0.40128,1.73035,0.05493,-0.07958,0.62686,0.23471,0.73866
2788285470277,-0.45199,1.74390,0.05384,-0.07931,0.61505,0.25621,0.74147
2788385419305,-0.51131,1.75642,0.07361,-0.12273,0.61683,0.25606,0.73410
2788485368272,-0.57713,1.77033,0.09396,-0.14213,0.61897,0.24686,0.73194
2788585467272,-0.66039,1.77771,0.10865,-0.13103,0.61856,0.23193,0.73920
2788685416272,-0.73615,1.78722,0.12778,-0.10908,0.61833,0.21287,0.74864
2788785365305,-0.80897,1.78145,0.13946,-0.12703,0.62682,0.18374,0.74646
2788885314577,-0.87961,1.76535,0.14201,-0.14503,0.63534,0.15206,0.74309
2788985413277,-0.93140,1.75102,0.17003,-0.15081,0.64121,0.12489,0.74197
2789085362272,-0.98063,1.72864,0.16491,-0.12225,0.64756,0.10361,0.74497
2789185311272,-1.02471,1.69180,0.15726,-0.06483,0.65585,0.08977,0.74673
2789285410305,-1.07110,1.63884,0.13956,-0.05856,0.66689,0.06867,0.73967
2789385359272,-1.10851,1.57630,0.12166,-0.11116,0.67520,0.04762,0.72765
2789485308277,-1.13141,1.52576,0.12541,-0.12187,0.67659,0.05461,0.72415
2789585407305,-1.18151,1.47986,0.13110,-0.05442,0.66872,0.09305,0.73566
2789685356272,-1.23128,1.43997,0.14289,0.01735,0.65037,0.13980,0.74644
2789785305272,-1.27058,1.39745,0.10905,0.00454,0.63935,0.17460,0.74882
2789885254305,-1.28763,1.36519,0.13055,-0.05875,0.63454,0.20104,0.74397
2789985353305,-1.34273,1.32838,0.13845,-0.07670,0.61696,0.23968,0.74567
2790085302310,-1.38985,1.30017,0.16156,-0.10941,0.60174,0.27643,0.74130
2790185251272,-1.42981,1.27481,0.23360,-0.16506,0.59524,0.29802,0.72775
2790285350277,-1.50208,1.24037,0.18402,-0.18738,0.59350,0.30206,0.72208
2790385299305,-1.55088,1.22197,0.16021,-0.18893,0.59790,0.29000,0.72299
2790485248277,-1.60182,1.20799,0.16989,-0.20517,0.60884,0.26657,0.71844
2790585197305,-1.66294,1.19644,0.12754,-0.22884,0.61980,0.24089,0.71095
2790685296305,-1.71644,1.18847,0.13234,-0.25353,0.62741,0.21795,0.70326
2790785245277,-1.76568,1.17101,0.08422,-0.27596,0.63076,0.19575,0.69834
2790885194305,-1.81695,1.13780,0.08608,-0.24779,0.62883,0.19673,0.71026
2790985293310,-1.84750,1.10634,0.07517,-0.28380,0.62708,0.20825,0.69488
2791085242305,-1.87981,1.06122,0.06134,-0.28951,0.61801,0.24581,0.68835
2791185191305,-1.90933,1.00623,0.04737,-0.31053,0.60333,0.29052,0.67465
2791285140276,-1.93313,0.94255,0.03968,-0.34142,0.58361,0.33361,0.65692
2791385239276,-1.95263,0.87941,0.03736,-0.36426,0.55612,0.37829,0.64416
2791485188276,-1.96862,0.80840,0.03124,-0.41309,0.53047,0.41628,0.61210
2791585138686,-1.97468,0.73939,0.02000,-0.45391,0.50312,0.45055,0.58124
2791685236276,-1.96731,0.66300,0.01198,-0.46361,0.47172,0.48165,0.57495
2791785185272,-1.94288,0.58517,0.09277,-0.49770,0.44872,0.50559,0.54343
2791885134272,-1.91798,0.51117,0.12558,0.51584,-0.42266,-0.52924,-0.52457
2791985083276,-1.89572,0.42881,0.11280,0.52739,-0.39361,-0.54972,-0.51452
2792085182276,-1.86554,0.36685,0.12556,0.55255,-0.36720,-0.56583,-0.48958
2792185131305,-1.84573,0.31023,0.12272,0.58371,-0.34348,-0.57864,-0.45441
2792285080276,-1.83862,0.24617,0.12557,0.59573,-0.31989,-0.59018,-0.44098
2792385179305,-1.83409,0.20283,0.12562,0.60471,-0.30938,-0.59653,-0.42751
2792485128272,-1.82941,0.15099,0.13882,0.61031,-0.31452,-0.59487,-0.41802
2792585077272,-1.84015,0.10086,0.13711,0.59998,-0.31847,-0.59398,-0.43104
2792685026305,-1.85633,0.03035,0.11141,0.60471,-0.33238,-0.59045,-0.41859
2792785125305,-1.87138,-0.04326,0.10689,0.61720,-0.34429,-0.58705,-0.39485
2792885074305,-1.89154,-0.11413,0.08560,0.62075,-0.34972,-0.58405,-0.38892
2792985023276,-1.90338,-0.19250,0.10527,0.63090,-0.35255,-0.57987,-0.37607
2793085122271,-1.90867,-0.26640,0.12210,0.63961,-0.34987,-0.57471,-0.37175
2793185071271,-1.89946,-0.33756,0.14016,0.63857,-0.33686,-0.57781,-0.38063
2793285020243,-1.87239,-0.39549,0.14217,0.65924,-0.32843,-0.58108,-0.34624
2793384969300,-1.83155,-0.43533,0.12791,0.65437,-0.30322,-0.59523,-0.35435
2793485068852,-1.78463,-0.44904,0.12678,0.66452,-0.27721,-0.61199,-0.32718
2793585017305,-1.72688,-0.47166,0.14065,0.66996,-0.24252,-0.62944,-0.31007
2793684966976,-1.67139,-0.48568,0.11338,0.68194,-0.20587,-0.64314,-0.28099
2793785065305,-1.61374,-0.49257,0.11812,0.69922,-0.17069,-0.65187,-0.23877
2793885014305,-1.55045,-0.50548,0.12154,0.70891,-0.13306,-0.65802,-0.21621
2793984963305,-1.49008,-0.51667,0.07801,0.71727,-0.09335,-0.66339,-0.19163
2794084912305,-1.42738,-0.53181,0.04167,0.72871,-0.06172,-0.66512,-0.15097
2794185011305,-1.36225,-0.53987,0.07675,0.73700,-0.03410,-0.66641,-0.10757
2794284961728,-1.30195,-0.55091,0.06686,0.73895,-0.00367,-0.66814,-0.08678
2794384909271,-1.24722,-0.56233,0.06523,0.73859,0.02654,-0.66865,-0.08174
2794485008305,-1.19216,-0.57294,0.05446,0.73822,0.04848,-0.66922,-0.06954
2794584957271,-1.12768,-0.59658,0.05263,0.73715,0.05797,-0.67200,-0.04077
2794684906305,-1.06017,-0.63978,0.06208,0.73579,0.05789,-0.67457,-0.01485
2794784855305,-1.00259,-0.68306,0.06402,0.73671,0.06492,-0.67121,-0.05025
2794884954271,-0.95105,-0.72340,0.02959,0.73624,0.06365,-0.67126,-0.05758
2794984903281,-0.90182,-0.76391,0.05493,0.73466,0.05336,-0.67531,-0.03720
2795084852304,-0.86213,-0.79376,0.03754,0.73325,0.04333,-0.67670,-0.05037
2795184951304,-0.81608,-0.82084,0.02925,0.73123,0.03275,-0.67697,-0.07715
2795284900276,-0.75520,-0.84539,0.02170,0.73057,0.01288,-0.67766,-0.08301
2795384849304,-0.69626,-0.86013,0.02820,0.73300,-0.00895,-0.67756,-0.05957
2795484798243,-0.62280,-0.87519,0.04090,0.73746,-0.02758,-0.67460,-0.01757
2795584897276,-0.55482,-0.88048,0.04696,0.74065,-0.03712,-0.67086,0.00348
2795684846309,-0.49767,-0.86498,0.04596,0.74157,-0.03928,-0.66946,-0.01884
2795784795304,-0.46509,-0.82594,0.04314,0.74030,-0.04155,-0.66989,-0.03846
2795884894271,-0.41957,-0.78590,0.05133,0.73848,-0.04087,-0.67160,-0.04402
2795984843276,-0.37942,-0.73771,0.04336,0.73771,-0.03238,-0.67258,-0.04874
2796084792304,-0.33435,-0.70381,0.03533,0.73859,-0.01480,-0.67264,-0.04265
2796184741304,-0.30481,-0.66773,0.05197,0.73858,0.00830,-0.67392,-0.01646
2796284840304,-0.28160,-0.63995,0.04081,0.73644,0.03895,-0.67527,0.01195
2796384789271,-0.22786,-0.60521,0.03042,0.73375,0.06371,-0.67463,0.04931
2796484738276,-0.12808,-0.57554,0.03252,0.72791,0.08960,-0.67249,0.09936
2796584837304,-0.03690,-0.54931,0.03720,0.73069,0.13110,-0.66370,0.09173
2796684786276,0.06120,-0.54484,0.06562,0.74162,0.18183,-0.64291,0.05996
2796784735304,0.13582,-0.54184,0.07538,0.74839,0.22318,-0.62233,0.05293
2796884684304,0.20578,-0.54608,0.04576,0.74563,0.24444,-0.61482,0.07923
2796984785704,0.26190,-0.55583,0.03757,0.74124,0.25116,-0.61383,0.10337
2797084732304,0.32097,-0.57433,0.03925,0.73984,0.25345,-0.61339,0.11021
2797184681271,0.38818,-0.59770,0.05172,0.73254,0.24856,-0.61850,0.13807
2797284780276,0.45934,-0.62290,0.05837,0.73444,0.24367,-0.61905,0.13417
2797384729304,0.53329,-0.64163,0.05879,0.73738,0.23147,-0.62085,0.13131
2797484678271,0.59152,-0.64493,0.07107,0.74183,0.21214,-0.62510,0.11800
2797584627276,0.63508,-0.63239,0.05505,0.74949,0.18705,-0.63045,0.07617
2797684726280,0.66739,-0.58928,0.08364,0.74404,0.14702,-0.64571,0.08859
2797784675242,0.68178,-0.52392,0.07698,0.72792,0.10211,-0.65880,0.16028
2797884624271,0.69292,-0.47691,0.07720,0.74210,0.11237,-0.65653,0.07506
2797984723271,0.70055,-0.43170,0.07777,0.74874,0.13649,-0.64839,0.01864
2798084672275,0.72018,-0.38200,0.04070,0.74563,0.15985,-0.64510,0.04826
2798184621304,0.75075,-0.33298,0.06699,0.74026,0.19254,-0.63827,0.08691
2798284570304,0.79812,-0.28240,0.05717,0.72749,0.22547,-0.63080,0.14838
2798384669280,0.84257,-0.24255,0.04961,0.71010,0.26656,-0.61824,0.20612
2798484618304,0.89992,-0.20573,0.04317,0.70395,0.31573,-0.59398,0.22793
2798584567271,0.96187,-0.17765,0.04463,0.70745,0.36254,-0.56031,0.23267
2798684666275,1.01546,-0.15588,0.04424,0.69625,0.39648,-0.53485,0.26829
2798784615242,1.06190,-0.13846,0.01449,0.67036,0.41783,-0.52026,0.32458
2798884564271,1.11528,-0.12656,0.06438,0.65761,0.42957,-0.50808,0.35337
2798984513275,1.16442,-0.12069,0.04809,0.63984,0.43123,-0.50789,0.38300
2799084612275,1.22275,-0.10154,0.05653,0.59464,0.41989,-0.52216,0.44435
2799184561275,1.27609,-0.08051,-0.00293,0.56173,0.40529,-0.53245,0.48651
2799284510304,1.32820,-0.05472,0.00853,0.52586,0.38627,-0.53983,0.53184
2799384609275,1.38175,-0.02322,0.02316,0.53779,0.38047,-0.53837,0.52553
2799484558309,1.42511,0.01213,0.03572,0.56366,0.38637,-0.52951,0.50262
2799584507270,1.45352,0.04402,0.10466,0.53326,0.39390,-0.52157,0.53706
2799684606775,1.45782,0.06889,0.10601,0.53712,0.41634,-0.50462,0.53247
2799784555242,1.46002,0.11940,0.09559,0.52112,0.44256,-0.48509,0.54521
2799884504285,1.45034,0.16473,0.08165,0.50301,0.47611,-0.45979,0.55578
2799984453304,1.43489,0.21619,0.06384,0.49611,0.51169,-0.42838,0.55546
2800084540128,1.41329,0.27938,0.04420,0.47184,0.54245,-0.39828,0.56964
2800184472237,1.38103,0.34107,0.03192,0.44332,0.56807,-0.36814,0.58757
2800284404540,1.34685,0.39034,0.02248,0.42489,0.58941,-0.33654,0.59900
2800384486805,1.31531,0.43244,0.01540,0.41160,0.60883,-0.30196,0.60723
2800484419132,1.27569,0.48043,0.01275,0.42556,0.62345,-0.26225,0.60120
2800584351445,1.22619,0.51746,-0.02807,0.40578,0.63134,-0.24063,0.61551
2800684283783,1.18171,0.56174,-0.01957,0.36212,0.63882,-0.22758,0.63952
2800784366033,1.15297,0.61130,-0.01602,0.34657,0.64433,-0.21089,0.64827
2800884298375,1.12830,0.66330,-0.02064,0.35372,0.64690,-0.20019,0.64523
2800984230683,1.09960,0.71451,-0.00854,0.35228,0.64634,-0.20195,0.64604
2801084325270,1.06830,0.76629,-0.00037,0.34291,0.64102,-0.21411,0.65243
2801184274304,1.03473,0.84295,0.00675,0.33324,0.63343,-0.23184,0.65876
2801284223275,1.00776,0.91074,0.03619,0.34048,0.62633,-0.24466,0.65721
2801384172304,0.98284,0.98210,0.03444,0.34991,0.61872,-0.25506,0.65551
2801484271275,0.96073,1.05346,0.04880,0.34726,0.61199,-0.26596,0.65889
2801584220242,0.94353,1.11992,0.05513,0.31253,0.60641,-0.27987,0.67547
2801684172227,0.91397,1.19994,0.04580,0.31564,0.60366,-0.28823,0.67297
2801784268270,0.85223,1.28980,0.03358,0.36949,0.60673,-0.28603,0.64307
2801884217275,0.82680,1.32338,0.01282,0.34620,0.61050,-0.28849,0.65132
2801984166275,0.77877,1.37337,0.01933,0.35716,0.62163,-0.26459,0.64498
2802084115275,0.73259,1.41041,0.01561,0.36394,0.63385,-0.23022,0.64248
2802184214242,0.68555,1.44053,0.06909,0.32466,0.64547,-0.20388,0.66061
2802284163275,0.63198,1.45684,0.03279,0.29074,0.65377,-0.17515,0.67630
2802384112289,0.56954,1.47943,0.03928,0.27271,0.65955,-0.14388,0.68550
2802484211303,0.50618,1.49725,0.07210,0.23716,0.66541,-0.11421,0.69853
2802584160303,0.44344,1.51811,0.03835,0.21226,0.66929,-0.08204,0.70730
2802684109303,0.38931,1.52937,0.01436,0.16870,0.67199,-0.05842,0.71872
2802784058275,0.33997,1.53821,0.01081,0.12959,0.67141,-0.03991,0.72857
2802884157270,0.29270,1.55721,0.02879,0.11777,0.66792,-0.01870,0.73461
2802984106303,0.23442,1.58042,0.01390,0.09035,0.66615,-0.01637,0.74014
2803084055308,0.17954,1.60105,0.00251,0.07840,0.66577,-0.02654,0.74156
2803184154303,0.12512,1.61970,0.00296,0.05177,0.66518,-0.04927,0.74326
2803284103303,0.05774,1.64742,0.02549,0.01928,0.66298,-0.07079,0.74503
2803384052303,-0.00103,1.66661,0.01196,0.03737,0.66174,-0.07583,0.74496
2803484001303,-0.07145,1.68296,0.01434,0.03801,0.66041,-0.07999,0.74567
2803584100275,-0.14092,1.68795,0.05652,-0.01500,0.65799,-0.08978,0.74751
2803684049303,-0.21657,1.68759,0.08583,-0.05606,0.65655,-0.09447,0.74624
2803783998275,-0.27753,1.68004,0.07732,0.00759,0.66472,-0.07114,0.74366
2803884097270,-0.32841,1.66072,0.08808,0.02645,0.67045,-0.04590,0.74006
2803984046275,-0.38063,1.63111,0.08318,0.03374,0.67536,-0.01190,0.73662
2804083995270,-0.43850,1.58623,0.06409,-0.03387,0.67819,0.00694,0.73407
2804183944303,-0.49151,1.53992,0.07248,-0.05327,0.67654,0.03930,0.73342
2804284043270,-0.53977,1.49420,0.06623,-0.01237,0.67027,0.08363,0.73728
2804383992303,-0.57481,1.43012,0.07224,-0.06924,0.66968,0.10178,0.73238
2804483941303,-0.60374,1.36773,0.09354,-0.10789,0.66481,0.12602,0.72836
2804584040303,-0.66208,1.32611,0.09397,-0.09591,0.65298,0.16700,0.73249
2804683989270,-0.74230,1.29570,0.10390,-0.12197,0.64355,0.19926,0.72888
2804783938274,-0.79305,1.28653,0.09671,-0.14699,0.63633,0.21831,0.72513
2804883887246,-0.84964,1.28781,0.11446,-0.15629,0.63375,0.22415,0.72367
2804983986303,-0.92385,1.29519,0.12403,-0.17519,0.63908,0.21366,0.71779
2805083935251,-1.00183,1.31739,0.11467,-0.16198,0.64141,0.20251,0.72204
2805183884246,-1.06665,1.34391,0.12098,-0.16254,0.64593,0.18805,0.72180
2805283983274,-1.14144,1.36717,0.12593,-0.18206,0.65199,0.17132,0.71583
2805383932274,-1.22095,1.38597,0.11793,-0.22018,0.65883,0.14885,0.70378
2805483881274,-1.29700,1.38296,0.11711,-0.26306,0.66197,0.12627,0.69040
2805583830246,-1.35600,1.38259,0.18061,-0.24391,0.66022,0.12417,0.69942
2805683929246,-1.41031,1.37001,0.16782,-0.24814,0.65701,0.13429,0.69909
2805783878270,-1.45161,1.33444,0.16086,-0.27596,0.65348,0.14834,0.68905
2805883827270,-1.48057,1.28171,0.15074,-0.26496,0.64796,0.18053,0.69091
2805983926270,-1.50049,1.21615,0.22940,-0.27072,0.64222,0.21368,0.68454
2806083875303,-1.51390,1.14132,0.19236,-0.29081,0.63232,0.24659,0.67439
2806183824312,-1.52714,1.06224,0.19028,-0.31533,0.61960,0.27889,0.66248
2806283773303,-1.54097,0.98050,0.20124,-0.34081,0.60399,0.30812,0.65124
2806383872269,-1.54572,0.91351,0.16650,-0.37281,0.58530,0.33651,0.63655
2806483821269,-1.54992,0.85969,0.14357,-0.39648,0.56431,0.36677,0.62437
2806583770303,-1.55409,0.80990,0.15618,-0.41710,0.54299,0.39499,0.61251
2806683869303,-1.55264,0.77864,0.15028,-0.43282,0.52018,0.42129,0.60382
2806783818274,-1.57421,0.72385,0.13374,-0.44225,0.49700,0.44635,0.59848
2806883767303,-1.60153,0.65964,0.10216,-0.49033,0.48555,0.46326,0.55606
2806983716274,-1.64735,0.58452,0.08777,0.51593,-0.47375,-0.47768,-0.53028
2807083815307,-1.70074,0.50636,0.11423,0.52133,-0.45733,-0.49306,-0.52531
2807183764274,-1.75787,0.43575,0.12438,0.54835,-0.44846,-0.49956,-0.49864
2807283713303,-1.81658,0.36329,0.12502,0.57643,-0.44843,-0.49541,-0.47032
2807383812269,-1.86981,0.28555,0.09920,0.58031,-0.45134,-0.48992,-0.46852
2807483761274,-1.89887,0.21641,0.08355,0.59613,-0.46314,-0.47795,-0.44911
2807583710303,-1.89593,0.15661,0.13307,0.59375,-0.47594,-0.46668,-0.45072
2807683659303,-1.88172,0.10364,0.11266,0.59008,-0.47821,-0.46999,-0.44970
2807783758279,-1.85454,0.05605,0.11002,0.60446,-0.47035,-0.48295,-0.42446
2807883707303,-1.81385,0.00741,0.15018,0.61620,-0.45451,-0.50036,-0.40417
2807983656274,-1.75841,-0.04758,0.13798,0.62698,-0.43854,-0.51398,-0.38782
2808083755303,-1.69713,-0.10728,0.15327,0.61962,-0.41697,-0.53025,-0.40129
2808183704303,-1.62462,-0.16033,0.17730,0.62500,-0.39677,-0.54600,-0.39222
2808283653274,-1.55417,-0.20006,0.12731,0.63436,-0.37617,-0.56170,-0.37493
2808383602241,-1.48542,-0.22821,0.09250,0.64135,-0.34818,-0.57871,-0.36406
2808483701302,-1.42446,-0.26358,0.09939,0.65295,-0.31636,-0.59669,-0.34283
2808583650269,-1.36451,-0.28947,0.08725,0.66955,-0.28026,-0.61711,-0.30387
2808683599269,-1.29682,-0.33643,0.09835,0.68567,-0.24287,-0.63551,-0.25886
2808783702498,-1.21703,-0.40490,0.09472,0.69731,-0.20159,-0.65110,-0.22177
2808883647269,-1.14229,-0.46279,0.07974,0.70729,-0.15681,-0.66154,-0.19370
2808983596274,-1.08989,-0.49714,0.04569,0.72092,-0.11645,-0.66719,-0.14686
2809083697450,-1.03476,-0.53378,0.02911,0.72574,-0.07517,-0.67104,-0.13177
2809183644274,-0.99658,-0.55025,0.02852,0.73000,-0.04351,-0.67320,-0.10963
2809283593302,-0.94958,-0.56770,0.04450,0.73390,-0.01934,-0.67402,-0.08192
2809383542269,-0.91034,-0.58586,0.05095,0.73568,0.00624,-0.67508,-0.05478
2809483641269,-0.86687,-0.61901,0.04722,0.73676,0.03777,-0.67394,-0.03950
2809583590274,-0.80388,-0.67151,0.05489,0.73839,0.05058,-0.67197,0.02597
2809683539240,-0.74482,-0.72380,0.07424,0.73730,0.05404,-0.66671,0.09468
2809783638307,-0.68296,-0.77426,0.08820,0.73518,0.04543,-0.65965,0.14933
2809883587269,-0.60380,-0.83113,0.09789,0.73218,0.02773,-0.65302,0.19160
2809983536274,-0.56405,-0.85193,0.10086,0.73118,0.01202,-0.65174,0.20117
2810083485302,-0.50683,-0.86579,0.08324,0.73136,-0.01084,-0.65204,0.19958
2810183584269,-0.44534,-0.86492,0.08274,0.72874,-0.03993,-0.65230,0.20458
2810283533302,-0.38348,-0.86159,0.05474,0.72761,-0.05752,-0.65839,0.18387
2810383482269,-0.33242,-0.85458,0.02635,0.73270,-0.04722,-0.67300,0.08933
2810483581278,-0.26067,-0.86945,0.02043,0.73245,-0.02281,-0.68042,-0.00557
2810583530274,-0.20288,-0.85988,0.01864,0.73112,-0.00246,-0.68177,-0.02543
2810683479269,-0.15561,-0.84122,0.04652,0.73238,0.01905,-0.68062,0.00241
2810783428302,-0.10109,-0.81431,0.02081,0.73353,0.05235,-0.67741,0.01751
2810883527302,-0.04815,-0.77159,0.01114,0.72545,0.07196,-0.67695,0.10142
2810983476254,-0.01192,-0.71986,0.01632,0.71745,0.09823,-0.67318,0.14982
2811083427293,0.04016,-0.67491,0.01339,0.72930,0.14973,-0.66111,0.09297
2811183524302,0.10023,-0.63193,0.01523,0.73346,0.19204,-0.64708,0.08027
2811283473269,0.16805,-0.59613,0.02388,0.73123,0.22699,-0.63456,0.10545
2811383422273,0.22976,-0.57621,0.03201,0.73175,0.25543,-0.61993,0.12246
2811483371302,0.30069,-0.55548,0.05818,0.72447,0.26797,-0.61362,0.16370
2811583470302,0.35540,-0.54139,0.03671,0.71089,0.26371,-0.61778,0.20843
2811683419273,0.39828,-0.53125,0.07554,0.70366,0.25068,-0.62547,0.22542
2811783368245,0.42583,-0.52628,0.08042,0.70802,0.23661,-0.63087,0.21149
2811883467273,0.48050,-0.51978,0.06563,0.69881,0.21350,-0.64188,0.23255
2811983416269,0.54523,-0.50171,0.06244,0.68088,0.18927,-0.65124,0.27653
2812083365302,0.60969,-0.49368,0.05190,0.68036,0.17522,-0.65524,0.27762
2812183314269,0.67179,-0.47463,0.05369,0.70322,0.18912,-0.65186,0.21164
2812283413269,0.74835,-0.44486,0.05489,0.71234,0.20201,-0.64640,0.18421
2812383362269,0.80927,-0.40221,0.05732,0.71000,0.21505,-0.64152,0.19522
2812483311254,0.86556,-0.34026,0.05206,0.70552,0.23526,-0.63516,0.20849
2812583410269,0.90544,-0.28063,0.05384,0.69184,0.26105,-0.62663,0.24606
2812683359254,0.92927,-0.21743,0.05489,0.69438,0.29972,-0.60686,0.24439
2812783308273,0.95298,-0.15140,0.05517,0.67885,0.33127,-0.59197,0.28106
2812883257302,0.96554,-0.07516,0.04861,0.65712,0.36548,-0.57341,0.32528
2812983356268,0.97619,0.00033,0.02393,0.63904,0.39532,-0.55332,0.35942
2813083305273,0.98234,0.07435,0.00352,0.62074,0.42115,-0.53076,0.39447
2813183254273,0.98268,0.14565,0.01272,0.61250,0.44149,-0.50694,0.41586
2813283353302,0.97094,0.21584,0.04436,0.58706,0.45957,-0.48897,0.45284
2813383302273,0.97031,0.29433,0.04579,0.57872,0.47550,-0.47185,0.46512
2813483251302,0.95988,0.37067,0.05060,0.56878,0.49032,-0.45533,0.47828
2813583200268,0.94456,0.44369,-0.01998,0.54451,0.50717,-0.44012,0.50258
2813683299268,0.93697,0.51184,-0.01989,0.53587,0.52870,-0.41546,0.51060
2813783248240,0.93123,0.57992,-0.02245,0.52190,0.54783,-0.39070,0.52427
2813883197302,0.92576,0.63818,-0.02991,0.50077,0.56787,-0.36391,0.54251
2813983296273,0.92840,0.69119,0.00236,0.46161,0.58546,-0.33806,0.57434
2814083245268,0.93223,0.73037,-0.01322,0.43265,0.60191,-0.30268,0.59908
2814183194302,0.94641,0.78694,0.00684,0.39950,0.61330,-0.27414,0.62379
2814283143268,0.95398,0.82943,0.00199,0.38434,0.62351,-0.24913,0.63360
2814383242302,0.96278,0.86076,0.00066,0.38723,0.62923,-0.23183,0.63275
2814483191278,0.95989,0.93548,0.01588,0.35971,0.63027,-0.23734,0.64578
2814583140302,0.95886,0.99641,0.00100,0.33056,0.63099,-0.24565,0.65745
2814683239240,0.95344,1.06884,0.04581,0.32586,0.62801,-0.25482,0.65915
2814783188268,0.93680,1.13916,0.00624,0.32949,0.62188,-0.26911,0.65748
2814883137302,0.91939,1.19097,0.02430,0.34862,0.61325,-0.28410,0.64937
2814983086244,0.88691,1.25419,0.02930,0.37400,0.60483,-0.29524,0.63808
2815083170916,0.85322,1.31397,0.04721,0.35443,0.59787,-0.31048,0.64848
2815183100259,0.81613,1.36118,0.06595,0.33622,0.59435,-0.31550,0.65891
2815283029559,0.77981,1.40024,0.04472,0.35785,0.60149,-0.29926,0.64854
2815383108845,0.74018,1.44565,0.05026,0.32769,0.61307,-0.28053,0.66186
2815483038183,0.69590,1.46958,0.02801,0.31178,0.63031,-0.24807,0.66631
2815582967460,0.63425,1.51661,0.02176,0.31226,0.64655,-0.20308,0.66575
2815683046740,0.56581,1.56858,0.03874,0.26647,0.65798,-0.16634,0.68438
2815782977707,0.49656,1.60518,0.06109,0.21641,0.66476,-0.12908,0.70328
2815882905394,0.42467,1.64177,0.03392,0.18909,0.66880,-0.08634,0.71379
2815982834671,0.34443,1.67749,0.02182,0.17366,0.67045,-0.05030,0.71959
2816082928301,0.27105,1.68618,0.00282,0.15449,0.67299,-0.02592,0.72287
2816182877273,0.20855,1.69076,-0.02338,0.14882,0.67456,-0.00700,0.72303
2816282826301,0.15281,1.70231,-0.01846,0.14833,0.67494,0.00869,0.72275
2816382775301,0.09081,1.72080,-0.03430,0.11281,0.67736,0.00580,0.72692
2816482874244,0.03398,1.74287,0.01077,0.07353,0.67653,-0.00470,0.73272
2816582823301,-0.01952,1.75655,0.00096,0.03192,0.67390,-0.01980,0.73787
2816682772268,-0.08025,1.76868,0.00266,0.04573,0.67123,-0.02435,0.73943
2816782871982,-0.13289,1.76556,0.06425,0.01986,0.67120,-0.03364,0.74024
2816882820301,-0.18604,1.75474,0.04341,0.03578,0.67218,-0.02816,0.73898
2816982769301,-0.23656,1.74043,0.07721,0.02953,0.67527,-0.01473,0.73684
2817082718301,-0.31241,1.73175,0.04169,0.01473,0.67842,0.00706,0.73449
2817182817273,-0.37539,1.71112,0.03799,-0.00536,0.68049,0.03810,0.73175
2817282766268,-0.44481,1.68990,0.04746,-0.03240,0.67932,0.07683,0.72909
2817382715268,-0.52500,1.66695,0.03579,-0.06248,0.67130,0.12015,0.72871
2817482814268,-0.60853,1.63979,0.05977,-0.08934,0.65799,0.16158,0.73004
2817582763239,-0.67282,1.59789,0.08277,-0.15199,0.64910,0.19132,0.72039
2817682712268,-0.73113,1.55113,0.09276,-0.17787,0.63668,0.22467,0.71591
2817782661273,-0.78448,1.49891,0.10163,-0.20585,0.62549,0.25335,0.70867
2817882760273,-0.82004,1.44748,0.12458,-0.24409,0.61754,0.27778,0.69419
2817982709301,-0.86306,1.40916,0.10045,-0.25324,0.60269,0.30769,0.69135
2818082658268,-0.91673,1.37742,0.12291,-0.24623,0.58524,0.33058,0.69827
2818182757301,-0.97608,1.34587,0.10901,-0.26618,0.58137,0.33396,0.69255
2818282706268,-1.04278,1.31428,0.17828,-0.27353,0.58448,0.32375,0.69192
2818382655301,-1.11198,1.28565,0.14642,-0.28126,0.59195,0.30874,0.68933
2818482754272,-1.17509,1.25740,0.15165,-0.31767,0.60568,0.28251,0.67263
2818582703272,-1.22671,1.23464,0.15136,-0.34053,0.61729,0.25583,0.66147
2818682652268,-1.25848,1.21112,0.19420,-0.29843,0.62201,0.24864,0.67987
2818782601487,-1.28045,1.18032,0.18289,-0.22733,0.61729,0.26442,0.70523
2818882700244,-1.30913,1.13645,0.14668,-0.27235,0.61419,0.28377,0.68416
2818982649301,-1.33519,1.09243,0.16003,-0.28164,0.59054,0.33213,0.67944
2819082598506,-1.35143,1.03776,0.15632,-0.31321,0.55898,0.37912,0.66761
2819182697272,-1.37574,0.96317,0.17103,-0.36448,0.53008,0.41494,0.64343
2819282646301,-1.38565,0.90363,0.14219,-0.41361,0.50067,0.45033,0.61275
2819382595268,-1.37553,0.84834,0.11679,-0.45089,0.47258,0.47948,0.58605
2819482544301,-1.37227,0.78027,0.10599,-0.46809,0.44128,0.50638,0.57424
2819582643272,-1.36971,0.71232,0.10395,-0.48159,0.41222,0.52915,0.56405
2819682592272,-1.37872,0.63374,0.11465,-0.47832,0.38332,0.54398,0.57303
2819782541301,-1.38625,0.55420,0.10379,-0.48501,0.37227,0.54643,0.57236
2819882640277,-1.39870,0.47488,0.14285,0.50656,-0.37951,-0.54224,-0.55258
2819982589301,-1.40979,0.39843,0.14793,0.52756,-0.39701,-0.53432,-0.52779
2820082538272,-1.42400,0.33253,0.11372,0.54318,-0.41563,-0.52227,-0.50935
2820182487267,-1.43515,0.24872,0.19274,0.53833,-0.42841,-0.51254,-0.51378
2820282586301,-1.45656,0.16698,0.10036,0.50842,-0.43525,-0.50873,-0.54153
2820382535267,-1.45855,0.09719,0.07984,-0.48490,0.44364,0.50562,0.55894
2820482484239,-1.44051,0.02661,0.12982,0.50119,-0.45598,-0.50214,-0.53735
2820582583267,-1.41300,-0.03779,0.09521,0.52127,-0.44863,-0.51205,-0.51460
2820682532272,-1.37918,-0.10962,0.11209,0.53066,-0.41698,-0.53473,-0.50851
2820782481301,-1.33194,-0.17358,0.10687,0.55510,-0.37585,-0.56231,-0.48416
2820882430301,-1.27684,-0.21817,0.08307,0.57842,-0.32856,-0.58975,-0.45790
2820982529267,-1.20574,-0.25820,0.07482,0.59795,-0.28160,-0.61201,-0.43429
2821082478272,-1.12501,-0.29985,0.07027,0.62421,-0.24300,-0.62875,-0.39496
2821182427305,-1.04059,-0.34009,0.06444,0.64494,-0.20665,-0.64151,-0.36030
2821282526301,-0.95620,-0.38606,0.05588,0.65768,-0.16997,-0.64894,-0.34271
2821382475267,-0.87311,-0.42679,0.05455,0.66995,-0.13599,-0.65274,-0.32649
2821482424272,-0.80483,-0.43199,0.05262,0.68786,-0.10977,-0.65633,-0.28989
2821582373272,-0.74593,-0.42225,0.03989,0.70328,-0.09041,-0.66146,-0.24433
2821682472301,-0.68250,-0.42331,0.02523,0.71341,-0.07795,-0.66432,-0.20894
2821782421301,-0.61886,-0.43684,0.01848,0.71275,-0.05442,-0.66595,-0.21340
2821882370305,-0.55932,-0.45797,0.01180,0.70621,-0.02494,-0.66555,-0.24018
2821982469300,-0.49545,-0.48854,-0.07339,0.70870,-0.01282,-0.66967,-0.22161
2822082418300,-0.42150,-0.52653,0.05934,0.70965,-0.01477,-0.67453,-0.20295
2822182367267,-0.36162,-0.56933,0.03910,0.71099,-0.02944,-0.67858,-0.18210
2822282316300,-0.29357,-0.62040,0.03917,0.71632,-0.05006,-0.68008,-0.14787
2822382415272,-0.23286,-0.66987,0.03904,0.71497,-0.05924,-0.67797,-0.16021
2822482364300,-0.17211,-0.71204,0.03739,0.70763,-0.06195,-0.67425,-0.20201
2822582313272,-0.10943,-0.73311,0.03925,0.70532,-0.07581,-0.67181,-0.21319
2822682412300,-0.04838,-0.73424,0.03792,0.70717,-0.09290,-0.67089,-0.20292
2822782361267,0.01319,-0.71655,0.03770,0.70846,-0.09886,-0.67132,-0.19399
2822882310300,0.07066,-0.68386,0.03751,0.71299,-0.09584,-0.67372,-0.16902
2822982259238,0.14034,-0.65339,0.03885,0.71686,-0.07689,-0.67656,-0.14988
2823082358300,0.21931,-0.62843,0.04641,0.71990,-0.04735,-0.67453,-0.15658
2823182307300,0.29825,-0.60078,0.00462,0.72542,-0.02341,-0.67259,-0.14438
2823282256267,0.37340,-0.57007,0.02277,0.73155,-0.00180,-0.67127,-0.11926
2823382355267,0.43571,-0.55578,0.01766,0.73643,0.02483,-0.66817,-0.10299
2823482304300,0.50806,-0.54597,0.01075,0.73893,0.05387,-0.66612,-0.08587
2823582253300,0.58495,-0.54078,-0.00490,0.73966,0.08690,-0.66223,-0.08249
2823682202300,0.65546,-0.53588,-0.01691,0.73989,0.11106,-0.65948,-0.07283
2823782301300,0.73130,-0.53668,-0.01753,0.73861,0.11955,-0.66111,-0.05567
2823882250272,0.79283,-0.53996,-0.03142,0.73740,0.11437,-0.66381,-0.05015
2823982199267,0.86300,-0.54866,0.00438,0.73643,0.09749,-0.66784,-0.04638
2824082298300,0.94488,-0.55857,-0.03346,0.73440,0.07651,-0.67333,-0.03768
2824182247272,1.01823,-0.56966,-0.02539,0.73308,0.05730,-0.67676,-0.03615
2824282196272,1.07685,-0.57278,-0.02189,0.73227,0.04117,-0.67840,-0.04303
2824382145300,1.13608,-0.56329,-0.02194,0.73338,0.02574,-0.67821,-0.03897
2824482244252,1.17737,-0.53243,-0.00153,0.73391,0.02792,-0.67723,-0.04426
2824582193272,1.22306,-0.48824,0.02430,0.73381,0.04127,-0.67807,0.00648
2824682142267,1.24754,-0.42616,-0.00500,0.73302,0.07272,-0.67460,0.04810
2824782241300,1.26855,-0.35450,0.00227,0.73614,0.11315,-0.66429,0.06337
2824882190271,1.30027,-0.27566,0.00319,0.73713,0.15462,-0.65252,0.08329
2824982139267,1.32598,-0.19426,-0.01105,0.73134,0.19337,-0.64103,0.12973
2825082088271,1.34214,-0.10903,-0.02086,0.72518,0.23534,-0.62525,0.16671
2825182188495,1.37056,-0.01713,-0.03498,0.72126,0.27934,-0.60461,0.19026
2825282136305,1.44398,0.08092,-0.05272,0.71546,0.32350,-0.58119,0.21372
2825382085267,1.49251,0.18478,-0.05229,0.69640,0.36683,-0.55916,0.26039
2825482184471,1.60461,0.29606,-0.06318,0.67934,0.40582,-0.53245,0.30051
2825582133271,1.61211,0.38271,-0.05587,0.66294,0.44696,-0.49455,0.34082
2825682082267,1.66014,0.47632,-0.05473,0.65041,0.48252,-0.45284,0.37292
2825782031271,1.62235,0.53526,0.00716,0.61258,0.51849,-0.41313,0.43040
2825882130267,1.57073,0.58947,0.02884,0.59387,0.54910,-0.36839,0.45836
2825982079271,1.47567,0.61946,-0.01839,0.55611,0.57363,-0.33397,0.50016
2826082028300,1.43947,0.69835,-0.03916,0.52504,0.58874,-0.31110,0.53003
2826182127300,1.39546,0.79356,-0.05917,0.50504,0.59881,-0.29051,0.54951
2826282076238,1.34234,0.87528,-0.03618,0.49236,0.60494,-0.27257,0.56332
2826382025271,1.28624,0.95826,-0.00542,0.48290,0.60666,-0.25973,0.57560
2826481974333,1.22118,1.02946,0.00632,0.44241,0.61006,-0.25514,0.60581
2826582073271,1.15922,1.11799,0.03689,0.39545,0.61204,-0.25309,0.63638
2826682022266,1.09846,1.17688,0.02244,0.35594,0.61533,-0.24798,0.65816
2826781971300,1.04704,1.23643,0.06264,0.33798,0.62288,-0.23440,0.66547
2826882070300,1.00200,1.29637,0.04454,0.36436,0.63297,-0.20563,0.65139
2826982019271,0.96354,1.36030,0.03074,0.38119,0.63965,-0.17862,0.64314
2827081968300,0.93818,1.43665,0.01287,0.37899,0.64333,-0.16045,0.64556
2827181917271,0.91383,1.52313,0.02702,0.38209,0.64094,-0.15216,0.64811
2827282016276,0.89169,1.60867,0.07738,0.36341,0.63908,-0.16044,0.65861
2827381965300,0.86099,1.70652,0.04159,0.35592,0.63600,-0.17255,0.66261
2827481914271,0.83474,1.77889,0.05535,0.33404,0.63372,-0.19262,0.67061
2827582013300,0.80338,1.84232,0.07639,0.34871,0.62979,-0.20589,0.66285
2827681962271,0.76461,1.89283,0.06325,0.34535,0.62645,-0.22436,0.66179
2827781911300,0.71138,1.93089,0.06007,0.32326,0.62214,-0.24535,0.66951
2827882010271,0.66846,1.95698,0.10363,0.32303,0.62261,-0.24641,0.66880
2827981959300,0.62079,1.96235,0.05581,0.33009,0.62995,-0.22188,0.66706
2828081908300,0.55767,1.98222,0.09847,0.28782,0.64039,-0.19294,0.68544
2828181857300,0.48865,1.98847,0.05448,0.26998,0.64926,-0.15208,0.69458
2828281956271,0.41772,1.98943,0.13423,0.21896,0.65449,-0.12192,0.71333
2828381905271,0.33616,1.97237,0.13202,0.15195,0.66059,-0.09392,0.72918
2828481854266,0.24718,1.96381,0.11741,0.14782,0.66460,-0.05183,0.73060
2828581953271,0.16567,1.93835,0.11192,0.12012,0.66734,-0.01564,0.73484
2828681902266,0.05856,1.93035,-0.05101,0.08226,0.66860,0.01795,0.73884
2828781851299,-0.04634,1.91591,0.00345,0.02747,0.66928,0.04902,0.74088
2828881800271,-0.13227,1.89234,0.03326,-0.00664,0.66374,0.08483,0.74311
2828981899299,-0.21060,1.86245,0.05877,-0.04779,0.65646,0.12106,0.74305
2829081848271,-0.29661,1.83076,0.07442,-0.09738,0.64885,0.15444,0.73869
2829181797309,-0.36034,1.79110,0.08099,-0.12896,0.63948,0.18678,0.73454
2829281896304,-0.42833,1.75808,0.08191,-0.15835,0.63120,0.21494,0.72822
2829381845299,-0.46598,1.71510,0.08418,-0.20436,0.62466,0.24256,0.71358
2829481794299,-0.48546,1.67722,0.12191,-0.24104,0.61519,0.27198,0.69962
2829581743299,-0.50907,1.64773,0.08008,-0.23683,0.59996,0.29828,0.70355
2829681842299,-0.56046,1.62196,0.08970,-0.22863,0.58923,0.31211,0.70931
2829781791299,-0.60694,1.61019,0.09420,-0.24941,0.59177,0.30896,0.70153
2829881740266,-0.68702,1.59172,0.09671,-0.27231,0.60377,0.28811,0.69160
2829981839299,-0.76423,1.57285,0.11906,-0.25621,0.61410,0.26500,0.69786
2830081774321,-0.83317,1.55933,0.13025,-0.23919,0.62434,0.24080,0.70357
2830181703827,-0.90817,1.54715,0.11142,-0.20129,0.63218,0.22639,0.71315
2830281633341,-0.98066,1.53710,0.11775,-0.14853,0.63655,0.22003,0.72411
2830381712817,-1.06231,1.49892,0.09972,-0.16398,0.64668,0.20825,0.71523
2830481642303,-1.12791,1.46367,0.08889,-0.21539,0.64882,0.20825,0.69948
2830581571870,-1.16651,1.43361,0.12545,-0.19773,0.63246,0.24348,0.70825
2830681651322,-1.19658,1.37957,0.12958,-0.27232,0.62093,0.27392,0.68210
2830781580828,-1.23750,1.30839,0.12782,-0.30449,0.59925,0.31533,0.66989
2830881510371,-1.25790,1.23178,0.14538,-0.32817,0.57554,0.35495,0.65960
2830981439881,-1.25868,1.14861,0.17377,-0.37233,0.55532,0.38792,0.63444
2831081533466,-1.27349,1.05195,0.13110,-0.40156,0.53384,0.41597,0.61703
2831181482461,-1.25127,0.96263,0.13624,-0.43692,0.51541,0.43671,0.59392
2831281431470,-1.21425,0.88967,0.12258,-0.47076,0.49109,0.45946,0.57107
2831381530461,-1.18736,0.81807,0.12114,-0.49117,0.46273,0.48431,0.55686
2831481479494,-1.17125,0.73358,0.14261,0.51952,-0.43987,-0.50482,-0.53081
2831581430361,-1.16599,0.64916,0.11146,0.54801,-0.41645,-0.52409,-0.50158
2831681377494,-1.14612,0.59455,0.13828,0.55805,-0.38306,-0.54936,-0.48995
2831781476461,-1.15410,0.50369,0.13662,0.55876,-0.35498,-0.56869,-0.48823
2831881425494,-1.16377,0.39453,0.13129,0.56985,-0.34319,-0.57935,-0.47100
2831981374499,-1.17420,0.33899,0.09327,0.57858,-0.33690,-0.58657,-0.45573
2832081473494,-1.19493,0.26945,0.09783,0.58614,-0.34304,-0.58393,-0.44474
2832181422494,-1.22362,0.19051,0.10945,0.60814,-0.36153,-0.57220,-0.41479
2832281371494,-1.25052,0.11638,0.13243,0.59810,-0.37134,-0.56395,-0.43167
2832381320465,-1.27002,0.04625,0.13056,0.57627,-0.38600,-0.55261,-0.46211
2832481419437,-1.26513,-0.00389,0.15139,0.55903,-0.40884,-0.53669,-0.48197
2832581369842,-1.23220,-0.04594,0.10356,0.56118,-0.43542,-0.51766,-0.47698
2832681317494,-1.18877,-0.06765,0.05520,0.57388,-0.44880,-0.50591,-0.46183
2832781416494,-1.13802,-0.07662,0.13617,0.58511,-0.44226,-0.50869,-0.45088
2832881365494,-1.07745,-0.09923,0.12632,0.59106,-0.41640,-0.52663,-0.44713
2832981314465,-0.99549,-0.13313,0.09801,0.59543,-0.37910,-0.55345,-0.44209
2833081263432,-0.90656,-0.15218,0.08886,0.60883,-0.34086,-0.57500,-0.42722
2833181362465,-0.81603,-0.16583,0.06622,0.61450,-0.30214,-0.59295,-0.42368
2833281311470,-0.72416,-0.17179,0.08735,0.61385,-0.26743,-0.60635,-0.42896
2833381260494,-0.62696,-0.19168,0.08345,0.62798,-0.24994,-0.61447,-0.40694
2833481359494,-0.53403,-0.20840,0.04868,0.63798,-0.23687,-0.62065,-0.38945
2833581308465,-0.45243,-0.21125,0.04299,0.64772,-0.22182,-0.62768,-0.37052
2833681257494,-0.36960,-0.21830,0.05476,0.66649,-0.21853,-0.63338,-0.32690
2833781206432,-0.29394,-0.23038,0.05930,0.67336,-0.21241,-0.63585,-0.31171
2833881305494,-0.22281,-0.23417,0.06361,0.65854,-0.19654,-0.63687,-0.34942
2833981254465,-0.16231,-0.22574,0.06721,0.64109,-0.17913,-0.63538,-0.39141
2834081203465,-0.10416,-0.19968,0.06782,0.63130,-0.16812,-0.63382,-0.41409
2834181302494,-0.04095,-0.16477,0.01486,0.65505,-0.17772,-0.63610,-0.36701
2834281251465,0.01160,-0.11530,0.02588,0.68603,-0.18653,-0.63629,-0.29951
2834381200460,0.06244,-0.07590,0.02915,0.69613,-0.17264,-0.63676,-0.28307
2834481149494,0.11394,-0.04523,0.09242,0.69756,-0.14803,-0.63911,-0.28816
2834581248432,0.15513,-0.00854,0.09133,0.70226,-0.12153,-0.64101,-0.28490
2834681197494,0.19023,0.02168,0.08537,0.70863,-0.09250,-0.64293,-0.27556
2834781146465,0.22326,0.03775,0.09227,0.72301,-0.06580,-0.65004,-0.22444
2834881245494,0.25254,0.03620,0.05871,0.73410,-0.03320,-0.65695,-0.16852
2834981194494,0.27051,0.01003,0.04904,0.73631,0.00768,-0.65908,-0.15296
2835081143494,0.28016,-0.03289,0.02390,0.73652,0.04131,-0.65659,-0.15722
2835181092494,0.29285,-0.08776,0.04505,0.73971,0.05115,-0.65541,-0.14371
2835281191517,0.29939,-0.14051,0.03037,0.74264,0.04247,-0.65766,-0.11900
2835381140493,0.30606,-0.19078,0.05204,0.74267,0.02347,-0.66102,-0.10456
2835481089493,0.32833,-0.24423,0.05017,0.74076,-0.00289,-0.66425,-0.10022
2835581188493,0.34921,-0.28969,0.03440,0.73780,-0.03049,-0.66619,-0.10446
2835681137493,0.38841,-0.33161,0.02733,0.72992,-0.04449,-0.66382,-0.15678
2835781086493,0.43234,-0.37435,0.01750,0.71234,-0.04485,-0.65832,-0.23911
2835881035460,0.48875,-0.41228,0.01730,0.70774,-0.05688,-0.65715,-0.25303
2835981134498,0.50718,-0.40646,0.04037,0.72653,-0.08926,-0.66057,-0.16681
2836081083465,0.55566,-0.39755,0.04510,0.72939,-0.09189,-0.65848,-0.16109
2836181032460,0.61088,-0.39342,0.04932,0.72860,-0.07331,-0.65907,-0.17146
2836281131460,0.67018,-0.38091,0.03833,0.73096,-0.04676,-0.66094,-0.16329
2836381080431,0.73870,-0.37480,0.03191,0.73070,-0.00718,-0.66150,-0.16866
2836481029436,0.81208,-0.36360,0.02036,0.73111,0.03544,-0.66022,-0.16834
2836580978493,0.87822,-0.34283,0.00022,0.73337,0.07368,-0.65836,-0.15265
2836681077469,0.94002,-0.31936,-0.02112,0.73592,0.11076,-0.65461,-0.13283
2836781026465,1.01079,-0.30623,-0.03800,0.74070,0.14988,-0.64478,-0.11467
2836880975465,1.08755,-0.30100,-0.02783,0.74683,0.18221,-0.63318,-0.09013
2836981074465,1.15760,-0.29654,-0.02205,0.75097,0.19875,-0.62636,-0.06490
2837081023436,1.22333,-0.28940,-0.03252,0.75036,0.19328,-0.63005,-0.05133
2837180972465,1.27708,-0.29168,-0.00590,0.74759,0.17878,-0.63569,-0.07108
2837280922846,1.33049,-0.30373,-0.02007,0.74319,0.15447,-0.64553,-0.08428
2837381020465,1.38340,-0.31957,0.02676,0.73969,0.12330,-0.65732,-0.07470
2837480969917,1.43704,-0.33419,0.03913,0.73998,0.08942,-0.66456,-0.05288
2837580919036,1.47945,-0.33803,0.05072,0.74199,0.06159,-0.66659,-0.03623
2837681017465,1.53711,-0.32751,0.05582,0.74173,0.03583,-0.66928,0.02492
2837780966455,1.58454,-0.30748,0.01776,0.74202,0.03986,-0.66793,0.04094
2837880915712,1.62273,-0.28045,0.01873,0.73964,0.06700,-0.66616,0.06834
2837981017060,1.64893,-0.25095,0.01322,0.73737,0.11713,-0.66026,0.08136
2838080963465,1.68536,-0.21304,0.00882,0.72730,0.16851,-0.65145,0.13509
2838180912493,1.71990,-0.17782,-0.12085,0.71137,0.22317,-0.63685,0.19640
2838280861464,1.76783,-0.13460,-0.15602,0.70123,0.28115,-0.61321,0.23067
2838380960460,1.79724,-0.08981,-0.18257,0.67979,0.33200,-0.58902,0.28412
2838480909493,1.83212,-0.04103,-0.20714,0.66226,0.37811,-0.56112,0.32185
2838580858460,1.85549,0.01938,-0.22474,0.64181,0.41705,-0.53394,0.35925
2838680957498,1.86226,0.09666,-0.22495,0.62098,0.44827,-0.50825,0.39385
2838780906493,1.88706,0.18940,-0.21363,0.60098,0.47418,-0.48448,0.42339
2838880855460,1.87840,0.26699,0.02225,0.57856,0.49867,-0.45999,0.45277
2838980804460,1.84192,0.33335,-0.01957,0.56280,0.52114,-0.43241,0.47402
2839080903493,1.76368,0.37772,0.01845,0.54362,0.54008,-0.40507,0.49871
2839180852493,1.67254,0.40063,0.00091,0.51690,0.55619,-0.37938,0.52871
2839280801493,1.61275,0.45529,0.01153,0.50670,0.56764,-0.35502,0.54314
2839380900493,1.55552,0.53070,0.00845,0.50007,0.57677,-0.33406,0.55287
2839480849493,1.49259,0.58445,0.00765,0.47955,0.58499,-0.31756,0.57182
2839580798493,1.43142,0.63459,0.00547,0.45468,0.59316,-0.30345,0.59105
2839680747464,1.37645,0.69932,-0.03034,0.44214,0.60248,-0.28611,0.59972
2839780846464,1.32388,0.75837,-0.02174,0.42637,0.61309,-0.26819,0.60860
2839880795493,1.28134,0.82482,-0.03079,0.43957,0.62297,-0.24055,0.60068
2839980744498,1.25090,0.88613,-0.03726,0.47718,0.62845,-0.20564,0.57884
2840080843493,1.21806,0.96314,0.00172,0.45238,0.63459,-0.19604,0.59515
2840180792493,1.18058,1.06737,-0.01124,0.42013,0.63840,-0.19340,0.61526
2840280741431,1.15570,1.12915,-0.01936,0.41737,0.64066,-0.18332,0.61786
2840380690493,1.12781,1.18735,-0.00643,0.39031,0.64345,-0.18811,0.63107
2840480789493,1.09791,1.22745,-0.02356,0.37219,0.64462,-0.19444,0.63885
2840580738459,1.06766,1.27840,-0.00839,0.36224,0.64509,-0.20220,0.64169
2840680687455,1.03504,1.34528,-0.01347,0.34579,0.64624,-0.21193,0.64644
2840780786493,1.00033,1.42259,0.00385,0.32632,0.64428,-0.22624,0.65363
2840880735464,0.96135,1.49747,-0.00427,0.33797,0.63836,-0.23735,0.64957
2840980684493,0.92708,1.55115,0.00096,0.38143,0.63007,-0.24523,0.63039
2841080633459,0.87591,1.60316,0.00713,0.40066,0.62257,-0.25990,0.61994
2841180732493,0.82903,1.62927,0.04088,0.37963,0.61821,-0.27284,0.63186
2841280681431,0.78650,1.65803,-0.00419,0.38329,0.62593,-0.25582,0.62917
2841380630535,0.73573,1.71078,-0.00022,0.37012,0.63925,-0.22754,0.63450
2841480729493,0.66391,1.75732,0.03862,0.36446,0.65337,-0.18957,0.63588
2841580678493,0.59457,1.81253,0.01289,0.35939,0.66286,-0.15094,0.63928
2841680627464,0.53388,1.85423,-0.00977,0.34468,0.66731,-0.11903,0.64941
2841780576493,0.45851,1.93709,0.04593,0.30139,0.66979,-0.10603,0.67030
2841880675464,0.38792,2.00900,0.05588,0.27069,0.67159,-0.09526,0.68309
2841980624464,0.32884,2.04537,0.03664,0.23628,0.67308,-0.09124,0.69484
2842080573459,0.27474,2.06563,0.02034,0.21478,0.67476,-0.07721,0.70186
2842180672492,0.22852,2.06966,0.09540,0.16883,0.67961,-0.05517,0.71175
2842280621459,0.16095,2.07254,-0.06362,0.12502,0.68168,-0.02506,0.72045
2842380570464,0.08518,2.05787,-0.08339,0.08635,0.68093,0.00295,0.72724
2842480519492,0.00375,2.04287,-0.04725,0.07136,0.67750,0.03127,0.73138
2842580618492,-0.07633,2.01216,-0.03199,0.05892,0.67224,0.06078,0.73548
2842680567464,-0.15387,1.97433,0.01697,0.03667,0.66765,0.09205,0.73785
2842780516464,-0.22546,1.93169,0.01408,0.00911,0.66128,0.12617,0.73940
2842880615492,-0.29236,1.88672,0.03309,-0.01235,0.65117,0.16314,0.74108
2842980564492,-0.35326,1.83760,0.04114,-0.04533,0.64057,0.19962,0.74012
2843080513492,-0.42448,1.79225,0.04951,-0.06788,0.62662,0.24069,0.73811
2843180462459,-0.52059,1.75300,0.05669,-0.10917,0.61334,0.27694,0.73158
2843280561430,-0.63123,1.72785,0.05757,-0.14243,0.59861,0.30722,0.72595
2843380510468,-0.69617,1.71414,0.05589,-0.16244,0.58593,0.32761,0.72316
2843480459430,-0.78456,1.70714,0.06566,-0.18690,0.58670,0.33023,0.71540
2843580558497,-0.87739,1.69852,0.07339,-0.21502,0.59568,0.31996,0.70467
2843680507459,-0.96854,1.67882,0.10448,-0.23043,0.60518,0.30207,0.69958
2843780456492,-1.04921,1.65075,0.10103,-0.18955,0.60825,0.28659,0.71552
2843880405464,-1.10574,1.62012,0.12408,-0.18017,0.62003,0.25975,0.71808
2843980504464,-1.14978,1.56465,0.13638,-0.21687,0.63447,0.22076,0.70829
2844080453435,-1.17256,1.50401,0.13711,-0.21401,0.63548,0.20613,0.71265
2844180402430,-1.19350,1.43749,0.15485,-0.24116,0.63174,0.21110,0.70582
2844280501864,-1.19498,1.36744,0.16268,-0.27493,0.62577,0.23475,0.69118
2844380450492,-1.18822,1.28390,0.16017,-0.27460,0.61063,0.27150,0.69138
2844480399464,-1.17993,1.18592,0.16831,-0.28498,0.59226,0.30859,0.68760
2844580348492,-1.16019,1.09051,0.17753,-0.31156,0.57161,0.34787,0.67467
2844680447464,-1.12935,1.00269,0.17144,-0.34745,0.54859,0.38654,0.65492
2844780396454,-1.10082,0.90221,0.12198,-0.36756,0.52070,0.42273,0.64426
2844880345492,-1.04524,0.81868,0.11457,-0.40653,0.49651,0.45122,0.62017
2844980444492,-0.98021,0.74415,0.09039,-0.44842,0.47363,0.47326,0.59213
2845080383364,-0.90937,0.66353,0.13419,-0.46318,0.44331,0.49597,0.58562
2845180317943,-0.85708,0.57083,0.13177,-0.43965,0.40281,0.51458,0.61617
2845280402524,-0.81212,0.47446,0.10577,-0.41455,0.36804,0.52337,0.64713
2845380337169,-0.76090,0.38637,0.17293,-0.45301,0.36288,0.52882,0.61923
2845480271772,-0.68008,0.34483,0.18887,-0.49341,0.36023,0.53313,0.58528
2845580206379,-0.60805,0.30946,0.20214,0.51848,-0.35390,-0.53387,-0.56649
2845680290931,-0.54094,0.27512,0.13858,0.52872,-0.34514,-0.53195,-0.56424
2845780225543,-0.46133,0.33405,0.16386,0.55184,-0.33789,-0.53387,-0.54432
2845880160146,-0.39652,0.34249,0.17848,0.57568,-0.33357,-0.53272,-0.52300
2845980244732,-0.34275,0.33463,0.19338,0.58607,-0.32384,-0.53202,-0.51827
2846080189319,-0.29009,0.31421,0.20221,0.62284,-0.32147,-0.53122,-0.47595
2846180138348,-0.23511,0.28902,0.20279,0.64518,-0.31789,-0.53130,-0.44767
2846280087348,-0.17857,0.27581,0.17330,0.64764,-0.31315,-0.53680,-0.44085
2846380186319,-0.12043,0.27072,0.14979,0.66874,-0.31405,-0.54665,-0.39414
2846480135319,-0.06894,0.27201,0.12006,0.67755,-0.30419,-0.56099,-0.36563
2846580084319,-0.02361,0.26971,0.10142,0.66575,-0.27981,-0.57887,-0.37867
2846680033348,0.02248,0.27252,0.15301,0.68036,-0.26425,-0.59241,-0.34108
2846780133186,0.05664,0.27434,0.09472,0.67491,-0.24400,-0.60138,-0.35114
2846880081348,0.09003,0.27981,0.09144,0.67808,-0.23926,-0.60437,-0.34308
2846980030348,0.11375,0.28527,0.10835,0.68544,-0.24525,-0.60527,-0.32198
2847080129348,0.13626,0.28768,0.04600,0.69211,-0.25155,-0.60363,-0.30552
2847180078319,0.15516,0.29330,0.07320,0.68927,-0.24792,-0.60228,-0.31734
2847280027348,0.16748,0.29806,0.08153,0.69597,-0.25712,-0.60171,-0.29572
2847380126314,0.17035,0.30225,0.06156,0.68691,-0.26082,-0.60323,-0.31023
2847480075314,0.17146,0.30789,0.04404,0.68943,-0.26399,-0.60387,-0.30054
2847580024319,0.16859,0.31470,0.03171,0.69736,-0.27333,-0.60398,-0.27238
2847679973348,0.16844,0.32035,0.02749,0.70466,-0.28299,-0.60492,-0.23968
2847780072348,0.17477,0.32383,0.02687,0.72658,-0.29478,-0.59565,-0.17431
2847880021286,0.17608,0.32197,0.02782,0.72838,-0.29689,-0.59452,-0.16693
2847979970314,0.17745,0.31798,0.04611,0.72878,-0.29713,-0.59418,-0.16594
2848080069319,0.17769,0.31850,0.05115,0.72924,-0.29763,-0.59364,-0.16497
2848180018286,0.17799,0.31843,0.05592,0.72958,-0.29736,-0.59339,-0.16487
2848279967348,0.17797,0.31821,0.05316,0.72974,-0.29711,-0.59339,-0.16464
2848379916348,0.17750,0.31839,0.05118,0.72985,-0.29675,-0.59348,-0.16440
2848480015348,0.17703,0.31949,0.05166,0.73000,-0.29640,-0.59354,-0.16417
2848579964319,0.17754,0.31905,0.06104,0.73011,-0.29613,-0.59363,-0.16386
2848679913290,0.17814,0.31857,0.07549,0.73018,-0.29586,-0.59369,-0.16384
2848780012352,0.17702,0.31872,0.04157,0.73018,-0.29569,-0.59379,-0.16375
2848879961347,0.17693,0.31808,0.03991,0.73029,-0.29537,-0.59389,-0.16348
2848979910314,0.17723,0.31768,0.04680,0.73044,-0.29507,-0.59395,-0.16314
2849079859290,0.17737,0.31850,0.05780,0.73053,-0.29518,-0.59388,-0.16275
2849179958347,0.17793,0.31775,0.05992,0.73060,-0.29506,-0.59387,-0.16272
2849279907347,0.17930,0.31702,0.07225,0.73064,-0.29488,-0.59389,-0.16283
2849379856285,0.17881,0.31674,0.05597,0.73066,-0.29476,-0.59391,-0.16284
2849479955343,0.17834,0.31687,0.04937,0.73069,-0.29440,-0.59409,-0.16270
2849579904319,0.17892,0.31688,0.06053,0.73072,-0.29430,-0.59410,-0.16273
2849679853347,0.17908,0.31709,0.07002,0.73080,-0.29389,-0.59425,-0.16257
2849779802319,0.17791,0.31692,0.04566,0.73071,-0.29377,-0.59441,-0.16258
2849879901319,0.17839,0.31672,0.06039,0.73074,-0.29350,-0.59452,-0.16253
2849979850347,0.17864,0.31681,0.06815,0.73075,-0.29342,-0.59456,-0.16251
2850079799295,0.17771,0.31710,0.04675,0.73081,-0.29326,-0.59456,-0.16252
